# Resource object code (Python 3)
# Created by: object code
# Created by: The Resource Compiler for Qt version 6.11.2
# WARNING! All changes made in this file will be lost!

from PySide6 import QtCore

qt_resource_data = b"\
\x00\x00\x03\x06\
<\
svg xmlns=\x22http:\
//www.w3.org/200\
0/svg\x22 width=\x2224\
\x22 height=\x2224\x22 vi\
ewBox=\x220 0 24 24\
\x22><path d=\x22M19.4\
3 12.98c.04-.32.\
07-.64.07-.98s-.\
03-.66-.07-.98l2\
.11-1.65c.19-.15\
.24-.42.12-.64l-\
2-3.46c-.12-.22-\
.39-.3-.61-.22l-\
2.49 1c-.52-.4-1\
.08-.73-1.69-.98\
l-.38-2.65C14.46\
 2.18 14.25 2 14\
 2h-4c-.25 0-.46\
.18-.49.42l-.38 \
2.65c-.61.25-1.1\
7.59-1.69.98l-2.\
49-1c-.23-.09-.4\
9 0-.61.22l-2 3.\
46c-.13.22-.07.4\
9.12.64l2.11 1.6\
5c-.04.32-.07.65\
-.07.98s.03.66.0\
7.98l-2.11 1.65c\
-.19.15-.24.42-.\
12.64l2 3.46c.12\
.22.39.3.61.22l2\
.49-1c.52.4 1.08\
.73 1.69.98l.38 \
2.65c.03.24.24.4\
2.49.42h4c.25 0 \
.46-.18.49-.42l.\
38-2.65c.61-.25 \
1.17-.59 1.69-.9\
8l2.49 1c.23.09.\
49 0 .61-.22l2-3\
.46c.12-.22.07-.\
49-.12-.64l-2.11\
-1.65zM12 15.5c-\
1.93 0-3.5-1.57-\
3.5-3.5s1.57-3.5\
 3.5-3.5 3.5 1.5\
7 3.5 3.5-1.57 3\
.5-3.5 3.5z\x22/></\
svg>\x0a\
\x00\x017\x1b\
\x89\
PNG\x0d\x0a\x1a\x0a\x00\x00\x00\x0dIHDR\x00\
\x00\x03\xe8\x00\x00\x03\xe8\x08\x06\x00\x00\x00M\xa3\xd4\xe4\
\x00\x00\x00\x19tEXtSoftware\
\x00Adobe ImageRead\
yq\xc9e<\x00\x016\xbdIDATx\xda\xec\
\xdd\x09|\x5c\xf5y\xef\xffg\xbc\xcaX\xb2d\x1b\x1b\
\xe4\x0d\xd9`\xd9\x18\x1co\xc1`\x96\xd8,IJ \
u\x96B\x93\xb4\xc1@\x93\xbcnr/v\xa0\xff&\
\xfd\x93\x96\x10\xd2r\xdb\xa4\x0d1m\xd2\xa6M\x01\x91\
4!\x0b\x8d] [\x03\xd8a1\xd8,6\x8b\x17\
\x19cy\x91\xe5U\x96-\xef\x18\xfd\xeey\xce\xccH\
\xb3\x9cs\xe6\xcc\xcc9\xb3~\xdeyM$\xa4\x993\
g\x19\xc9\xfa\xce\xf3\xfb=?\x11\x00\x00\x00\x00\x00\x00\
\x00\x00\x00\x00\x00\x00\x00\x00\x00\x00\x00\x00\x00\x00\x00\x00\
\x00\x00\x00\x00\x00\x00\x00\x00\x00\x00\x00\x00\x00\x00\x00\x00\
\x00\x00\x00\x00\x00\x00\x00\x00\x00\x00\x00\x00\x00\x00\x00\x00\
\x00\x00\x00\x00\x00\x00\x00\x00\x00\x00\x00\x00\x00\x00\x00\x00\
\x00\x00\x00\x00\x00\x00\x00\x00\x00\x00\x00\x00\x00\x00\x00\x00\
\x00\x00\x00\x00\x00\x00\x00\x00\x00\x00\x00\x00\x00\x00\x00\x00\
\x00\x00\x00\x00\x00\x00\x00\x00\x00\x00\x00\x00\x00\x00\x00\x00\
\x00\x00\x00\x00\x00\x00\x00\x00\x00\x00\x00\x00\x00\x00\x00\x00\
\x00\x00\x00\x00\x00\x00\x00\x00\x00\x00\x00\x00\x00\x00\x00\x00\
\x00\x00\x00\x00\x00\x00\x00\x00\x00\x00\x00\x00\x00\x00\x00\x00\
\x00\x00\x00\x00\x00\x00\x00\x00\x00\x00\x00\x00\x00\x00\x00\x00\
\x00\x00\x00\x00\x00\x00\x00\x00\x00\x00\x00\x00\x00\x00\x00\x00\
\x00\x00\x00\x00\x00\x00\x00\x00\x00\x00\x00\x00\x00\x00\x00\x00\
\x00\x00\x00\x00\x00\x00\x00\x00\x00\x00\x00\x00\x00\x00\x00\x00\
\x00\x00\x00\x00\x00\x00\x00\x00\x00\x00\x00\x00\x00\x00\x00\x00\
\x00\x00\x00\x00\x00\x00\x00\x00\x00\x00\x00\x00\x00\x00\x00\x00\
\x00\x00\x00\x00\x00\x00\x00\x00\x00\x00\x00\x00\x00\x00\x00\x00\
\x00\x00\x00\x00\x00\x00\x00\x00\x00\x00\x00\x00\x00\x00\x00\x00\
\x00\x00\x00\x00\x00\x00\x00\x00\x00\x00\x00\x00\x00\x00\x00\x00\
\x00\x00\x00\x00\x00\x00\x00\x00\x00\x00\x00\x00\x00\x00\x00\x00\
\x00\x00\x00\x00\x00\x00\x00\x00\x00\x00\x00\x00\x00\x00\x00\x00\
\xa0*E8\x05\x00\x00\x00\x00P\xdd\xfa\xcd\xbd\xb7\xc9\
\xfa\xa0\xb7\x06\xeb63\xe1[\xe7\xc4\xbe\xeeee\xc2\
\xe7m\xb1\x9b\xf4\xac\xbes\x05g\x96\x80\x0e\x00\x00\x00\
\x00p\x0e\xe23c\x01\x5cC\xf7\xfc\xd8\xc7\xa6\x10\x9f\
\xb2\xcb\xba\xad\x8d\x85\xf6u\xb1\xcf\xd7Z\xe1\xbd\x8b\xab\
A@\x07\x00\x00\x00\x80j\x09\xe3Z\x0d_\x10\x0b\xe2\
3c\x9f\x97\x0a\x0d\xec+$Z}_a\x05\xf66\
\xae\x18\x01\x1d\x00\x00\x00\x00*)\x94k\x08_\x18\x0b\
\xe33\xcbh\xd7\xe3\x81}y,\xb0We\x85\x9d\x80\
\x0e\x00\x00\x00\x00\xe5\x1d\xca?\x12\x0b\xe5\xfa\xb1\xa1B\
\x0ekY,\xac/\xab\xa6\xb0N@\x07\x00\x00\x00\x80\
\xf2\x0b\xe5Z\x1d_Ra\xa1\xdc+\xac\xb7XA}\
\x19\x01\x1d\x00\x00\x00\x00P\x0a\xa1\x5c\x83\xf8\xcd\xb1`\
\xdeT\x85\xa7@+\xe9\x0fY\xb7\xa5\x95:g\x9d\x80\
\x0e\x00\x00\x00\x00\xa5\x1d\xcc5\x8c\x7fU\xaa\xa3Z\xee\
\xd7\xb2XP_A@\x07\x00\x00\x00\x00\x84\x1d\xcc\x17\
X\x1f\x16I\xb4j\x0eg\x1a\xd0u\xf8\xfbC\x04t\
\x00\x00\x00\x00@\xd0\xc1\x5c\xe7\x97\xdf'\xa5\xb5,Z\
\xa9k\xb3n\xb7\x97\xfb<u\x02:\x00\x00\x00\x00\x94\
F0o\x92\xe8P\xf6\x9b9\x1b9[a\xdd\xbeV\
\xaeC\xdf\x09\xe8\x00\x00\x00\x00P\xdc`\xae\xf3\xca\xbf\
\x18\x0b\xe7\x08\x86V\xd2o/\xb7fr\x04t\x00\x00\
\x00\x00(^8\xbfY\xa2\xc3\xd9i\xfe\x16\x8e\xafY\
\xb7o\x97\xcbZ\xea\x04t\x00\x00\x00\x00(|0o\
\xb2><(\xcc3/\x846\xebvK9\x0c{'\
\xa0\x03\x00\x00\x00@a\xc3y|8;U\xf3\xc2\xfa\
\xb6D\xe7\xa7\x97l5\x9d\x80\x0e\x00\x00\x00\x00\x85\x09\
\xe6MB\xd5\xbc\xd8\xda\xa4\x84\xab\xe9\xfd\xb9>\x00\x00\
\x00\x00\x10z8\xff\x88\xf5\xe1W\xd6m*g\xa3\xa8\
t\xd4\xc2\xcd\x91\xb1WGL\xfb\x93%\x17\xd2\xa9\xa0\
\x03\x00\x00\x00@\xb8\xe1\x5c\x9b\xc0}\x913Qr4\
\xa0\x7f\xb4\x94\x86\xbc\x13\xd0\x01\x00\x00\x00 \x9c`\xae\
\xd5\xda\xa7\xad\xdbL\xceF\xc9\xd2p~\xa5\x15\xd2\xd7\
\x96\xc4k\x86\xeb\x01\x00\x00\x00\x00\x81\x87s\x0d\xe5[\
\x09\xe7%O\xdfDy5\xb6\xdc\x1d\x01\x1d\x00\x00\x00\
\x00*,\x9ck\xd8{U\xe8\xd2^N\x1e\xb4\xae\xdb\
\x83\xc5\xde\x09\x86\xb8\x03\x00\x00\x00@p\xe1\x5c\xe7\x9a\
\xdf\xc7\x99([\xcb$\xda\xe5\xbd(\xf3\xd2\x09\xe8\x00\
\x00\x00\x00\x10L8\xd7\x0a\xec\xcd\x9c\x89\xb2\xa7\xf3\xd1\
\xaf,FH'\xa0\x03\x00\x00\x00\x00\xe1\x1c%\x10\xd2\
\x09\xe8\x00\x00\x00\x00@8G\x09\x84t\x02:\x00\x00\
\x00\x00\x10\xceQ\x02!\x9d\x80\x0e\x00\x00\x00\x00\x84s\
\x94@H'\xa0\x03\x00\x00\x00\x00\xe1\x1c%\x10\xd2Y\
\x07\x1d\x00\x00\x00\x00\xb2\x0b\xe7w\x13\xce\xab\xceL\xeb\
\xf6t\xd8O\xd2\x9f\xf3\x0c\x00\x00\x00\x00\xbe\xc3\xb9\x06\
s\xd69\xafNgG\xc6^\xddd\xda\x9f\x5cN@\
\x07\x00\x00\x00\x80\xe2\x86s\xad\xa2\xfe\x8a3Q\xd5f\
Z!=b\x85\xf4\x15\x04t\x00\x00\x00\x00(N8\
o\xb2>\xac\xb2n5\x9c\x8d\xaa\xb7\xc0\x0a\xe9\xdb\xac\
\x90\xbe6\xe8\x0d\xd3$\x0e\x00\x00\x00\x00\xbc\xc3y\x83\
D\xe7\x1f\xcf\xe4l F\x9b\xc5i\xd3\xb8@C:\
M\xe2\x00\x00\x00\x00\xc0\xdb}\x84s\xa4\xd07m\x1e\
\x8c\xbdyC@\x07\x00\x00\x00\x80\xb0\xc5\x9a\xc2\xdd\xcc\
\x99\x80\x03}\xd3\xe6\xc1 7\xc8\x1ct\x00\x00\x00\x00\
p\x0e\xe7M\xd6\x87_\x08\xf3\xce\xe1nj\x90\xf3\xd1\
\xa9\xa0\x03\x00\x00\x00\x803\x0d\xe7\x0d\x9c\x06dp_\
\xec\xcd\x1c\x02:\x00\x00\x00\x00\x04\xcd\x0a\x5cw\x0b\xf3\
\xce\xe1\x8f=\x1f=\x88\x0d1\xc4\x1d\x00\x00\x00\x00\x92\
\xc3\xb9\x06\xf3\x1fs&\x90\x85\xa6\xc8\xd8\xab\x0f\x99\xf6\
'_\xc8\xeb\xb5\xc7y\x04\x00\x00\x00\x80$\x0fr\x0a\
\x90\x83\xaf\xe6;\xd4\x9d\x80\x0e\x00\x00\x00\x00\xf1\x804\
\xf7\xde/\x0aC\xdb\x91\x9b\xbc\x87\xbaG8\x87\x00\x00\
\x00\x00`\x87s\x0dX[\x85\xc6p\xc8\xcfG{V\
\xdf\xb9,\xa7\xd7 \xe7\x0e\x00\x00\x00\x00l\xf7\x11\xce\
\x11\xd0\xeb('4\x89\x03\x00\x00\x00P\xf5b\x8d\xe1\
\xfe\x953\x81\x004D\xc6^\x1d1\xedO\xae\xc8\xfa\
u\xc8\xb9\x03\x00\x00\x00\x80\xdc\xab\x9e\x80\x83%\xb1)\
\x13\x04t\x00\x00\x00\x00\xf0\x1d\x8a\xe6\xde\xbb\xc0\xfa\xb0\
\x803\x81\x00i8\xff\x22\x01\x1d\x00\x00\x00\x00\xb2\xf3\
UN\x01\xc2x]e\xbb\xec\xda\x00\xce\x19\x00\x00\x00\
\x80jE\xf5<]C]\x8d\xcc\x98<Zf6\x9f\
\xd5\xfb\xb9~t\xb2\xb6u\x8f\x1c:r\xd2\xfe\xd8\xd6\
qH\xd6Y\x1f\x91\x1c\xd2\xad\xdb-~\xef\xcc2k\
p\xd5\xd3u\xb5\xfb/*\x93\xe9\xd1&\xf3\x13\x98<\
w\xd0\x04\xb01\x93\xe7\x83L\x00':\x97sY\xac\
\xe7\x0du\x1fL\x81\xae\x9f>\xce\x14\xe0\xfc\x15\xeb\x1a\
\x9a\x02\x9c\xbf\x22=o\x90\xd7\xd0\x04pg\x13\xces\
G\x0a\xfa\xb3W\xc8\xdf\x9d\x01\x5cC\x13\xc0\x057a\
\xff\xec\x87\xf4\xef\x9f\x09`c\xa6\xc8?wA\x5cC\
S\x86?\xf3\xc5\xbe\x86E\xfb{)\x80\xebV\xa0\xbf\
[\xfa\xdf\xf1\xa7_\xad\xf6\x80\xae\xe1{\xe1\xfb&\xcb\
\xfc9\xe7\xc8\xfc\xd9\x13\xa4\xa9\xb1>\xe7muu\x9f\
\x90u\x9b\xf7\xca\xf2\x95\xad\xb2\xe2\x95\xed\x04v\xeb\x94\
X\xb7\x89=\xab\xef\xec\xf2sg*\xe8\xf0\xf24\xa7\
\x00\x00\x00\x00\x95j\xe5\x96\xb3\xaa>\x94/\xf9\xc4E\
2\xa3\xf9\xac@\xb7\xab!_oJ\xab\xea\x0f?\xf1\
\xba\xb4<\xfe\x9a\xfdy5\x9ej\x89\xceE\xbf\xdb\xcf\
\x9d\xa9\xa0\xc3UO\xd7\xd5\xee\xef5RA\x0f\xe6\x18\
r=\x97T\xd0\xf3\xdb\x07*\xe8y\x9e\xbf\x22=o\
\x90\xd7\x90\x0az\x11~w\x06p\x0d\xa9\xa0\x17\xf7g\
\x8f\x0azH\xc7N\x05\xbd\x98\x7f\xb7|\xec\x81\xf9\xb2\
\xfc\x8d\xf1U\xf57\xbeV\xc7\xef\xfa\xec\x15v8w\
\x1b\xb6\x1e\x16\xad\xaa/}d\x8d\xac|e{\xb5E\
+\xdfUt*\xe8\x00\x00\x00\x00\xaaN[gmU\
\x85\xf3x0_t\xdd\xf4\xa2\xed\xc3\xc2\xf9\xcd\xf6M\
\x03\xfa\xd7\xfe\xfd\x99j\x0a\xeaZE\xff\x88u{(\
\xd3\x1d\xe9\xe2\x0e\x00\x00\x00\xa0\xea\xdc\xff\xfb\xa9\xd5\x91\
\x0c\xebj\xe4\xabV0\xdf\xb2\xec\x0bE\x0d\xe7\x89t\
\xf8\xfbS\xff\xf2'\xf2_\xdf\xf8x^\xf3\xdd\xcb\x8c\
\xaf\x95\x02\x08\xe8\x00\x00\x00\x00\xaaN\xcb\x9aI\x15\x7f\
\x8c\x1a\x84_\xfe\xc1\xadr\xd7g./\xc9\xfd\xd3j\
\xba\xee\x9f\xce\x83\xaf\x02M\xb1\x15\x03\x08\xe8\x00\x00\x00\
\x00\xd0\x17\xce\xcf\x95\xae\xe3\x83*\xfa\x18\xbfu\xfb5\
v\x95\xba\xd4+\xd4Z\xe1\x8f\xefk\xa1\xe7\xc4\x17\xc1\
\x22\x02:\x00\x00\x00\x00$X\xfe\xfa\xb8\x8a=6\x0d\
\xb9\xaf\x94aUZ\xab\xfd[~\xf1\xf9@;\xca\x97\
\xa0\x8f\xf4\x9b{o\x03\x01\x1d\x00\x00\x00\x00\xa4\xb2\x9b\
\xc3i\xb8\xd5!\xe3\xe5\x1ar\xf5\xcd\x85\xa7\xbe\xfb\xa9\
\x92\x99+\x1f\xc6!J\xb4Y\x1c\x01\x1d\x00\x00\x00\x00\
\x96\xbfQ\x99\xd5s\x0d\xe5\x1an\xcb\xbd\xe9\x9a\x86\xf4\
\x07\xee\xba\xbe\x92C\xfaB\x02:\x00\x00\x00\x00Ht\
\xfey\xa5\x86\xf3J\x9a\xc3]\xc1!\xdds\x98;\x01\
\x1d\x00\x00\x00@U\xd0\xc6p\xeb\xda\x87\x13\xce\x09\xe9\
E\x0f\xe9\x04t\x00\x00\x00\x00U\xad\xd2\xe6\x9e\xc7\xe7\
lWr\xf7s\x0d\xe9\xba\x1c[\x85YH@\x07\x00\
\x00\x00P\xdd\x01\xbd\xc2\xba\xb7Wz8\xef\x0d\xe9\x7f\
}]\xa5uw_@@\x07\x00\x00\x00P\xd5Vn\
\xa9\x9c\x90\xa7k\x87W\xf8\x92d\xbd\xf4M\x88\x07\xad\
\x90^AoF4\xf4\x9b{\xef\x02\x02:\x00\x00\x00\
\x80\xaa\x0d\xe7:\x07\xbd\x12\xe8\x90\xefr[\xe7<_\
\xfaf\xc4]\x9f\xb9\xbc\x92\x0e\x89\x80\x0e\x00\x00\x00\xa0\
J\x03\xfa[\x95Qm\xb6\x97!\xfb\xeb\xeb\xaa\xf2\x1a\
\xea\x9b\x12\xf3gO\xa8\x94\xc3\x99O@\x07\x00\x00\x00\
P\x95VT\xc8\xf0v\xad\x22W\xc3\xbcs7\xda4\
\xaeB, \xa0\x03\x00\x00\x00\xa8J\x95\xb0\xbc\x9a\x0e\
\xf3\xae\xb6\xa1\xed\xa9\x9a\x1a\xeb\xe5\xab\x9f\xbd\xa2\x22\x8e\
\xc5i\x1e:\x01\x1d\x00\x00\x00@e\x87\xf3]\xc3+\
b\xfe\xf9}\xb7_\xc3\xc5\xb4,\xfe\xe3\xf7V\xca(\
\x82\x99\x04t\x00\x00\x00\x00Uem\xfb\x88\xb2?\x06\
\x9d{]A\xf3\xaf\xf3\xa2\xe1\xbcBF\x12\xcc \xa0\
\x03\x00\x00\x00\xa8*\xdb:\x87\x96\xfd1T\xfb\xd0\xf6\
T\x15RE\xa7\x82\x0e\x00\x00\x00\xa0\xba\x94{\x838\
\x9dw\xadK\xab\xa1\x8f\x86\xf3\x85\xef\x9b\x5c\xf6\x01\xbd\
\xdf\xdc{g\x12\xd0\x01\x00\x00\x00T\x8dro\x10\xb7\
\x98\xea\xb9\xa3\x0a\x19U\xd0@@\x07\x00\x00\x00P5\
\xca\xbdA\x1c\xd5sg\xda\xd5^G\x17\x94\xb9&\x02\
:\x00\x00\x00\x80\xaa\xb0\xf2\xad\xf2\x1e\xde^!!4\
4\x8b\xae\x7f\x0f\x01\x1d\x00\x00\x00\x00P\x80\x00z\xdd\
tN\x82\x87\x0a\x98\x87^O@\x07\x00\x00\x00P\x15\
V\x96y\x83\xb8\x05,\xad\xe6IG\x18\x94y7w\
\x9a\xc4\x01\x00\x00\x00@\xa9\xd3\xe0\xa9\x01\x14\xde*i\
}x\x02:\x00\x00\x00\x80\x8a\xd5\xd6Y[\xb6\xfb>\
c\xf2h.\xa0\x0f3\xcb\xfbM\x0c*\xe8\x00\x00\x00\
\x00\xaa%\xa0\x0f-\xdb}_0\xe7\x1c.\xa0\x0fe\
^Ag\x995\x00\x00\x00\x00(u\xe7\xd0\xbd\xbd\xea\
\xce\x13\x01\x1d\x00\x00\x00\x00J\x10\xcb\xabU\xdfy\x22\
\xa0\x03\x00\x00\x00\xa8X]\xc7\x07q\x12\xaa@9w\
r\xef7\xf7\xde\x99\x04t\x00\x00\x00\x00\x15o]\xfb\
\xf0\xb2\xdd\xf7\xf9,\xb1\xe6[\x997\xd4k \xa0\x03\
\x00\x00\x00\x00PB\x08\xe8\x00\x00\x00\x00\x00\x10\xd0\x01\
\x00\x00\x00\x00\x00\x01\x1d\x00\x00\x00\x00\x00\x02:\x00\x00\
\x00\x00\x84\xaba\xc8\xa9\xb2\xdd\xf7\xae\xee\x13\x5c@\x02\
:\x00\x00\x00\x00T\x86\x19c\x0f\x96\xed\xbe\xaf\xdb\xbc\
\x97\x0b\xe8\xd3\xcaW\xb6\x97\xf3\xeew\x11\xd0\x01\x00\x00\
\x00\x00(\xb2\x9e\xd5w\xae%\xa0\x03\x00\x00\x00\xa8X\
-\xab\xcf\x95\xab\xbe\xf3~Y\xf9\xd6Ye{\x0ce\
^\x15.\x98u\xad{*\xe6X\x06p9\x01\x00\x00\
\x00T\x82\xb6\xceZ\xb9\xff\xf7S\xadp>I\xba\x8e\
\x0f*\xff\xe3\xd9\xd5\xc5E\xf5s\x9e:\x0e\x11\xd0\x01\
\x00\x00\x00\xa0\x14,\x7f}\xbc\xb4\xac\x99d\x7f\xac$\
k\x99\x83\xeeK\x99\xcf\xd5o#\xa0\x03\x00\x00\x00(\
kZ!\x8fW\xcb\xdb:\x87Vf\xf0l\xddcw\
ro\xa8\xab\xe1\x82{X\xf1\xf26\x02:\x00\x00\x00\
\x00\x14\x9a\xce)\xd7j\xb9\x06\xf3\xaa8\xdeW\xb6\xcb\
\xc2\xf9\xcd\x5c\xf8\x0c\xe7\xa8R\x10\xd0\x01\x00\x00\x00\x94\
4\xad\x96/\x7f}\x9c\xdc\xf3\x9b\xf7Tl\xb5\x9c\x80\
\x9e\x9b\xe5+[\xcb\xfe\x12\x13\xd0\x01\x00\x00\x00\x94<\
\x0d\xe3\xf7\xfc\xfa=v8\xaf\x84\xa6o\xb9\x06\xd0o\
\xdd~\x0d/\x86\xca\x0d\xe8]\x04t\x00\x00\x00\x00%\
K\x87\xaf\xeb\xad\x9c\x97H\x0b\x8av(\xd7\xb9\xe83\
\x9a9\x17\x8e\x01\xfd\xf7\x9b\xcb\xfd\x10\xd6\x12\xd0\x01\x00\
\x00\x00\x94V\x10\xed\x1c*\x0f\xaf>W\x96\xae\x9cR\
\xb5\xd5r7K\x1fY#\x0f\xdcu='\x22E\xcb\
\x13\xaf\xdbM\xf4\xca\xfd\xa5O@\x07\x00\x00\x00P\x12\
t\xf8z\x8b\x15\xcc\xf5#\x5c\xce\xd1\xef7\xd3\xcd\xdd\
)\xa0?\xfeZ\xd9\x1fC\xcf\xea;\x09\xe8\x00\x00\x00\
\x00\x8aG+\xe4:\x84\xfd\xfe\x95S\xab\xae\xe9[N\
\xe7\xcb\x0a\xe7Z-^\xf2\x89\x8b8\x191:\xec\xbf\
\x02\xba\xb7\xafH\xfd\x02\x01\x1d\x00\x00\x00@aBU\
\xfbpY\xbarj\xd5,\x91\x16\xa4\xfb\x1fYC@\
O\xa0\xc3\xfe+\xc0Z\x02:\x00\x00\x00\x80\x82\x89/\
\x91\xa6\xc1\x5c\x03:r\xa3\xcd\xe2\x96\x12\xd2mZ=\
\xd7\x11\x05\x95p(\x04t\x00\x00\x00\x00\xe1\x07\xca\xce\
\xa1r\xff\x8ah\xb5\x9c\xa6o\xc1\xb8\xe7\xfb\xcf\xca\xa2\
\xeb\xa6W\xfd\x5c\xf4\xdb\xef\xfb]\xa5\x1c\x0a\x15t\x00\
\x00\x00\x00\xe1\xb1\x97H{q\x22K\xa4\x85@\xe7\xa2\
kH\xaf\xe6u\xd1u\xdd\xf3\x0a\x98{n_\xce\x9e\
\xd5w\x12\xd0\x01\x00\x00\x00\x04+\xbaD\x9a\x06\xf3I\
4}\x0b\x99\x0es_8\xbfY\xe6\xcf\x9ePu\xc7\
\xaeoP\xdc\xfa\xf5'*\xe5pV8}\x91\x80\x0e\
\x00\x00\x00 'Z%_\xbab\x0aK\xa4\x15\xd8\xad\
\xf7<./\xff\xe0\xd6\xaa\x1b\xea\xae\xe1\xbc\x02\xd6=\
\xef\xfd\xf1!\xa0\x03\x00\x00\x00\xc8Kt\x89\xb4\x89\xf6\
\xfcr\xaa\xe5\xc5\xa1\x0d\xe3\xee\xb8\xefw\xf2\xc0]\xd7\
W\xcd1kS8\x1d\xde^A\x96\x11\xd0\x01\x00\x00\
\x00\xe4\xc4^\x22-V-\xa7\xe9[i\x04\xd6\x19\xcd\
gUEWw\xed\xda~G\xe54\x86Sm=\xab\
\xefl#\xa0\x03\x00\x00\x00\xc8.\x08\xae\x9ed\x07s\
\x96H+=\x1aZ\x9b\x1a\xeb\xed9\xe9\x95J\x87\xb4\
_\xf5\x85\x1fU\xd2\xd0v\xb5\xcc\xed\x1b\x04t\x00\x00\
\x00\x00Iz\x97H{q\x22\xd5\xf2\x12\xa7\xf3\xb2\x9f\
\xb2B\xbaV\xd3\x09\xe7ec\xa5\xdb7\x22\xbc\xa4\xe1\
\xa6\xa7\xebj\xe3\xfaM\x93\xe9\xd1&\xf3\x13\x98<w\
\xd0\x04\xb01\x93\xe7\x83L\x00':\x97sY\xac\xe7\
\x0du\x1fL\x81\xae\x9f>\xce\x14\xe0\xfc\x15\xeb\x1a\x9a\
\x02\x9c\xbf\x22=o\x90\xd7\xd0\x04pg\x13\xcesG\
\x0a\xfa\xb3W\xc8\xdf\x9d\x01\x5cC\x13\xc0\x057a\xff\
\xec\x87\xf4\xef\x9f\x09`c\xa6\xc8?wA\x5cCS\
\x86?\xf3\xc5\xbe\x86Y\xfe[\xbb\xfc\xb5q\xb2t\xe5\
TY\xb9y4\x7f\x0c\x97\x11m\x16\xf7\xd4w?U\
Q!=\x1e\xceux{\xa5\xbd\xef\xd0\xb3\xfaN\xd7\
\xe1(T\xd0\x01\x00\x00\x80*f/\x91\xf6\x22K\xa4\
UB\x98\xad\x94\x90^\xc1\xe1\x5c-\xf3\xfa&\x01\x1d\
\x00\x00\x00\xa8B\xbaD\x9a\x0ea\xd7`\x8e\xca\x08\xe9\
\xb3?\xfd\x80\xdd\xd9}\xd1u\xd3\xcb\xf684\x94\x7f\
\xecK\x8f\xda\x9d\xea+T\x8b\xd77\x19\xe2\x0eW\x0c\
q\xf7\xf1 \x86\xb8\x17\xf7\x1a2\xc4=\xbf\x1dc\x88\
{~wf\x88{\xe1\xaf!C\xdc\x8b\xfb\xb3\xc7\x10\
\xf7\x90\x8e\xbd\xb0C\xdcu>\xb9\x0ec\xbf\xe7W\xd3\
\xa9\x96W0\xed\xec\xfe\xad\xdb\xaf)\xbb\xfd\xd6e\xd4\
*l\xad\xf3T\xda\xbd}\xa2\xd7\x1d\xa8\xa0\x03\x00\x00\
\x00\x15.\xbaDZ\xb3\x1d\xcei\xfaV\xf9\x96>\xb2\
FV\xbc\xb2]\xfe\xeb\x1b\x1f\xb7\xbb\xbc\x97:\x0d\xe4\
\xf7|\xffY{\xbf+\x5cK\xa6;PA\x87+*\
\xe8>\x1eD\x05\xbd\xb8\xd7\x90\x0az~;F\x05=\
\xbf;SA/\xfc5\xa4\x82^\xdc\x9f=*\xe8!\
\x1d{\xb8\xd7\xb0\xe5\x85\x89\xf62i4}\xabN\xda\
<\xee\xae\xcf\x5c^\xd2k\xa5\xaf|e\xbb\xdcz\xcf\
\xe3\x95<\xa4=\xd1D\xb7\xf5\xcf\x09\xe8 \xa0\x13\xd0\
\x09\xe8\x04t\x02:\x01\x9d\x80N@'\xa0W`@\
\xb7\x97H{z\x0aK\xa4\xa1\x976\x8e\xbb\xef\xf6k\
d\xfe\xec\x09%\xb3O\x1a\xc8\xef\xf9\xf7g\xa4\xe5\x89\
\xd7\xab\xe52,\xb3\xc2\xf9G3\xdd\x89\x80\x0e\x02:\
\x01\x9d\x80N@'\xa0\x13\xd0\x09\xe8\x04t\x02z\x05\
\x04t\x1d\xbe\xae\xa1\x5c?\x02N4\xa0\x7f\xf5\xb3W\
\x145\xa8\xebp\xf6\xfb\x7f\xf2\x92=\x9c\xbd\x82\xe7\x9a\
;\xb9\xd2\x0a\xe8+\x08\xe8 \xa0\x13\xd0\x09\xe8\x04t\
\x02:\x01\x9d\x80N@'\xa0Wh@\xd7\x0a\xf9\xfd\
+\xa6\xd8C\xd9i\xfa\x86l\x82\xba\x0e{_8\xbf\
\xb9`\xcf\xa9\xdd\xd95\x94WQ\xc5<Q\xc6\xe6p\
q4\x89\x03\x00\x00\x00\xca\x8c\xce)o\xb1\xd7.\x9f\
\xc8\xc9@\xf6\xaf\x9fW\xb6\xdb7m \xa7!]\x97\
e\x0bc\xfdt\x1d\xc6\xae\x9d\xd95\x94W\xe8\x9a\xe6\
~}\xcd\xef\x1d\xa9\xa0\xc3\x15\x15t\x1f\x0f\xa2\x82^\
\xdckH\x05=\xbf\x1d\xa3\x82\x9e\xdf\x9d\xa9\xa0\x17\xfe\
\x1aRA/\xee\xcf\x1e\x15\xf4\x90\x8e\xdd\xff\x86\xbb\x8e\
\xe9\x12ice\xe9\x8a)\xb2n\xe7p\xfeXE\xa0\
\xb4\xa1\x9cV\xd6\xf56\xd3\x0a\xeb\xb9\x0c\x83\xd7\x10\xbe\
v\xf3^Y\xf9\xf26\xfb\x0d\x80*i\xfc\x96\xf1}\
\x0a\xbf\xd5s\x02:\x08\xe8\x04t\x02:\x01\x9d\x80N\
@'\xa0\x13\xd0\x09\xe8%\x1e\xd0u\xe8\xfa=OL\
\xb7\xc39M\xdfPHZa?'\xb6L\xdb\x829\
\xe7\xa4}\x7f\xad\x15\xc8u\x1ey\xd7\x91\x93\xd5^!\
\xf7r\x8b\x15\xd0\x1f\x22\xa0\x83\x80N@'\xa0\x13\xd0\
\x09\xe8\x04t\x02:\x01\x9d\x80^\xc6\x01]\x87\xaf\xb7\
\xbc\xc0\x12i@\x19\xcb\xaaz\xae\x98\x83\x0e\x00\x00\x00\
\x94\xca_\xf3\x9dC\xe5a+\x94/}\xba\x99j9\
P\xfe\xbe\x96\xed\x03\x08\xe8\x00\x00\x00@\x91i\x95|\
\xe9\xd3SX\x22\x0d\xa8\x1cm\xd9\x0cm'\xa0\x03\x00\
\x00\x00E\xd4u|\xa0\xbd<\x9a.\x93\xd6v\x80%\
\xd2\x80\x0asK.\x0f\x22\xa0\x03\x00\x00\x00\x05\xa4\x1d\
\xd8\x97\xaeh\xb6\xc39\x80\x8a\xb4\xa2g\xf5\x9d+\x08\
\xe8\x00\x00\x00@\x09\xd2\xf9\xe4\xf6\x12iO\xeb\x12i\
\x0d\x9c\x10\xa0\xb2\xdd\x92\xeb\x03\x09\xe8\x00\x00\x00@H\
t\xe8\xfa\xfdV(\xd7j\xb9\x0ei\x07P\xf1\xbe\xd6\
\xb3\xfa\xce6\x02:\x00\x00\x00P\x224\x90\xeb\x8d%\
\xd2\x80\xaa\xa2\x8d\xe1\xee\xceg\x03\x04t\x00\x00\xaa\xdd\
\xc0F\xeb6&\xe5\xbf\x1b\xfb\xfe\xbb_\x9d\xc8\xe0f\
\x97\xc75\x06\xb7\x1f'ZEz\xba\xfb\xfe\xfb\xdd#\
\x22'[\xfb\xfe\xfb\xe8\xcb\xb1\xafwG\xef\x0b\x94\xda\
_\xe6\x07\x86\xca\xc3/F\x839M\xdf\x80\xaatK\
\xbe\x1b\x88p\x0e\xe1\xa6\xa7\xebj\xe3\xfaM\x93\xe9\xd1\
&\xf3\x13\x98<w\xd0\x04\xb01\x93\xe7\x83L\x00'\
:\x97sY\xac\xe7\x0du\x1fL\x81\xae\x9f>\xce\x14\
\xe0\xfc\x15\xeb\x1a\x9a\x02\x9c\xbf\x22=o\x90\xd7\xd0\x04\
pg\x13\xcesG\xb2\xfd\xd9\xd3\xf0\x5c3\xb9\xef\xbf\
\x87\xccI\xf8^\xad\xf5\xbd\x94`=dve\xfdc\
u,\x16\xda\x8f\xbe\x12\x0d\xee\x1a\xe8O\xed\x12y\xa7\
#\x9c\xdf\xdb\xc5\xfa\xf7\xcf\x04\xb01S\xe4\x9f\xbb\xbc\
\xf6\xc1\x84\xfas\x97\xef\xcf\xbcV\xc9\xe3\x15s\x00U\
\xeb\xdb=\xab\xef\xbc\x9d\x80\x0e\x02:\x01\x9d\x80N@\
'\xa0Wb@\x8f\x07\xe9\xc4\xea\xf6 +\x88\xf7\xaf\
\xab\xcc\xa0\x1dVx?\x11\x0b\xec\x1a\xdc\xb5\x02O@\
'\xa0\x07\xf43\xafM\xdf\xec%\xd2\x9en\xa6Z\x0e\
`\xad\x15\xceg\x05\xb1!\x86\xb8\x03\x00Ph:\x5c\
\x5c\xab\xdbV\xf8\x8eh\x00\x1f\x10\x1b*n\x0f%\x9f\
\xcc\xf9\x09\xca\x19s\xa2\xb7DGc\xa1]?j\x80\
\x7f\xb7\x9b\xf3\x84\xac\xd8K\xa4Y\xa1|\xf9\xbaq4\
}\x03\xa0\xba$\x80\xa1\xedqT\xd0\xe1\x8a\x0a\xba\x8f\
\x07QA/\xee5\xa4\x82\x9e\xdf\x8eQA\xcf\xef\xce\
N_N\x08\xd8\x91\xc4\x0a\xf8\x80\xc6\xe4`\x8e\xd2\x11\
\x0f\xeb\xdd+\xfa\xe6\xb8\x87\xf9\xbb3\xd7\x9f\x01*\xe8\
!\xfc\xde\xca\xee\xce-\xab&\xb2D\x1a\x00'\xb7\xf4\
\xac\xbe\xf3!\x02:\x08\xe8\x04t\x02:\x01\x9d\x80^\
\xc8\xeb\x97\x18\xbekb\xe1;\x1e\xc2\x09\xde\x95A\xab\
\xe9\xdd+\xfb\x02\xbbSu\x9d\x80^U\x01\xbdw\x89\
\xb4U,\x91\x06\xc0\xd1CV8\xbf%\xc8\x0d\x12\xd0\
A@'\xa0\x13\xd0\x09\xe8\x04\xf48\x0d\xe0V\x10\xef\
\xad~\xd7\xccb\xd8y5\xebz\x5c\xe4\xf0\x8ahX\
'\xa0WU@\xd7\xe1\xeb:\x8c}e+K\xa4\x01\
p\xb5\xd6\xba]i\x05\xf4.\x02:\x08\xe8\x04t\x02\
:\x01\x9d\x80\x9e\x0f\xad\x80\x0f\x88\xcd\xff&\x84#\x13\
\xad\xa4kX?\xf0\xe3h\xc39\x02zE\x06t\xad\
\x90\xdf\xff\xd4\x14iy\xa1\x89\xa6o\x002\xfe\xca\xb0\
n\xb3\xacp\xde\x16\xf4\x86\x09\xe8 \xa0\x13\xd0\x09\xe8\
\x04\xf4\xca\x0d\xe8\xda\xf5\x5c\x1b\xb1\x0dj\x16\x192+\
:\x17|@\x80\xebv\xa3\xfa\xe8\x9cu\x0d\xea\x07\x1f\
#\xa0WH@\xb7\x97H[\xd5\xc4\x12i\x00\xb2\xa1\
\xe1|m\x18\x1b&\xa0\x83\x80N@'\xa0\x13\xd0+\
#\xa0k\xf0\x1e2\xdb\x0a\xe3\x93\xa3\xd5\xf0\x1a\x96!\
C\x88\xb4\xaa\xaeA]oIs\xd5\x09\xe8\xe5\x10\xd0\
\xb5Z\xae\xc3\xd8\xefy\xe2\x02\xaa\xe5\x00\xb2\x15hS\
8\x02:\x08\xe8\x04t\x02:\x01\xbd2\x02\xba\x86q\
\x0d\xe1\x1a\xc8u\xce8M\xdaP\x12A\x9d\x80^\xca\
\x01];\xb0/}\x8a%\xd2\x90\xbb\xba\xc8\x09\xf9H\
\xffW\xe5\xa2\xc8VY\xfc\xce\xa78!\xd5\xe7v+\
\x9c\x7f;\xcc' \xa0\x83\x80N@'\xa0\x13\xd0\xcb\
\xe3y\xad0\x1e\xd1a\xea:g\x9c\xea8J1\xa8\
\xef\xfe\x96\xc8\xc1\xff&\xa0\x97`@\xd7.\xec:\xb7\
\x9c\xa6o\xc8\xd5\xd4~\x1d\xf2\xe9\xfe\xab\xe4\xea\xfe\x1b\
\xa4NN\xd8_[vz\x96|\xe5\xf4\xc789\xd5\
#\xf0\x8e\xed\x04t\x10\xd0\x09\xe8\x04t\x02z\xf9\x04\
\xf4A\xd1a\xea\x91\xa1\xef\x8b\x86r\xa0\x1c\xe8\x12m\
\xedw{7\x93#\xa0\x17$\xa0\xeb\xd0\xf5\x87_\x98\
(K\x9fl\xa6Z\x8e\x9ci\xb5\xfc\xd3\x03V\xc9\xd4\
H\x87\xe3\xcbr\xd9\xbb\x84t\xc29\x01\x1d\x04t\x02\
:\x01\x9d\x80^\xa9\x01\xfd\x8c\xf7\xf5\x05r\x9a\xb9\xa1\
\x5c\xd9\xd5\xf4\x7fto$G@\x0f5\xa0/_7\
\xd6\xae\x98\xebG \x17c#]V(\x7f\xde\x0e\xe7\
\xf1j\xb9\xd7\xcb\x92\x90N8'\xa0\x83\x80N@'\
\xa0\x13\xd0+'\xa0\xc7C\xb9\xf5\x91y\xe4\xa8(]\
V@\xdfy7\x01\xbd\x00\x01]+\xe4\x1a\xca\xef\x7f\
\xaa\x99\xa6o\xc8\x99\x0e_\xffH\xff\xb5\xd6\xc7\xf5}\
/7\xe3\xef\xf5LH'\x9c\x07e\x00\xe7\x1c\x00P\
p\x84rT\x83\x86\x0f\x8b\x0c\x1c#\xb2\xfd\xcfS:\
\xbd#(:\xa7\x5c\xe7\x96k8\x07r\xfa1\x1dr\
\xca\x1e\xc2\xfe\x87\xef\xbclW\xces\xa5\xd5vEH\
'\x9c\xe7\x8b\x0a:\x5cQA\xf7\xf1 *\xe8\xc5\xbd\
\x86T\xd0\xf3\xdb\xb1BW\xd0\x07M\x96H\xed\x87D\
j\xaf#\x94\xa3\xba\xe8\xda\xe9[?\xd7\x17\xd2\xa9\xa0\
\xe7\xfe@\x13[\x22m\xed8\xbb\x1b\xbbve\x07r\
1\xff\xbc=\xb2\xe8\xa2\xb7\xad\xdb\x16\xd9\xf1\x1f;\xe5\
\xd8\xdb\xc7\xd2^o\xd9T\xd0\xe3\xd6\xf4L\x94\xdb\xde\
\xf9\x94tK\x0d'\xb9\xbc}\xcd\x0a\xe7w\x17\xe3\x89\
\x09\xe8 \xa0\x13\xd0\x09\xe8\x04\xf4\xf0\x9eW\x83\xb8V\
\xcb\x87\xfdq\xb4\xe9\x1b@H'\xa0\xe7\xf8@\x1d\xba\
~\xcf\xe3\x17\xd8\xe1\x9c\xa6o\xc8\x85V\xcb\x17^\xb8\
S\xee\xfa\xe0k\xd24\xe2H\xef\xd7\x83\x0c\xe8jc\
O\xa3\xdc\xfc\xce\xad\x84\xf4\xf2\x15\xea:\xe7\x04t\x10\
\xd0\x09\xe8\x04t\x02z\xe1\x03\xfa\x80F\x894\xfc\x19\
C\xd8\x81\xd4\x90\xfe\xf6\xe7r\x1b\xee^\xc5\x01\xbde\
U\x93}c\x894\xe4j\xc6\xd8\x83\xb2\xe4}\x1b\xad\
p\xbe\xc3\x0e\xe9\xa9\x82\x0e\xe8\xfa\xf5v\xd3 \x8bO\
\x7fJ6\x1a\x1a\x9e\x96\x11\x9d\xe3\xf0Q+\x9c\xaf(\
\xe6N\x10\xd0A@'\xa0\x13\xd0\x09\xe8\xc1=\xaf.\
\x8b6\xec\xc6h0\x07\x10\x5cH\xaf\xb2\x80n/\x91\
\x16\x0b\xe64}C\xae\x16\xcd\x8d\x0ea\xd7\xe1\xec^\
\xaf\xbd0\x02\xba\xd2\x0a\xba\xceI\x7f\xb2\xe7|.F\
\xe9[+\xd1\xca\xf9\xdab\xef\x08\x01\x1d\x04t\x02:\
\x01\x9d\x80\x9e\xff\xf3\xd6\xcc\x8aV\xccY\xaf\x1c\xc8L\
\xd7J\xd7\x90N@O\xa3U\xf2\xa5OM\x96\xe5k\
Y\x22\x0d\xb9i\x1aqT\x16\xbfo\x83\x1d\xce\x93\xaa\
\xe5E\x08\xe8\xf1\xff\xf8\xce\xbbW\xc9w\xad\x1bJ\xd6\
\xb2X8\xef*\x85\x9d\xa1\x8b;\x00 w\x04s \
{C\xe7\x88\x8c\xbb\xdby\x09\xb6*\xd4\xbbD\xda\x93\
\x93\xa9\x96#g\x0b\xa7\xef\xb0\x9b\xbe\xe9\xc7R\xf3\x85\
\xfeO\xc9E\xfd\xb6\xca\xe2w\xfe\x84y\xe9\xa5\xa7h\
\xcd\xe0\x08\xe8\x00\x00\x82y\x95\xea>uZ6v\x1e\
\xeb\xad\xea\xec:rB\xda\x8f\x9c\xec\xfb\xfe\xc9\xe8\xf7\
S\x8bA\x1b\x0f\x1c\xb5\x1f\x1b\xe7\xb7~\x9a\x5c<\xea\
\xfb\xaf\xbaA\x03\xe4\xfc\x91C\x93\xbe?lP\x7f\x99\
:\xb2\xafO\x81~\xbf\xce\xfa\x9a\x9aj}>lP\
\x85\xfe\xa92\xfc\xc3\xd1J\xfa\xc1\xc7\xaa\xf6u\xa9\x1d\
\xd8\x97>\xd9l\x0fc\x07r\xa1\x15\xf2%\xf37\xc9\
M\x17mIj\xfaV\x8a.\x8al\x95\xdf\x0e\xfc\x07\
Y|\xfaOd\x8daY\xc0\x12\xd0&\xd1\xf9\xe6k\
Km\xc7\x18\xe2\x0eW\x0cq\xf7\xf1 \x86\xb8\x17\xf7\
\x1a2\xc4=\xbf\x1d\xcbe\x1f\xb4\xf9\xdb\xf0\xc5\xcc1\
/\x81\xc0\xbd\xa93:\x1c\xb3\xbd\xfb\x84\x15\xb8\xa3a\
{c\xa7\x06\xeaw\xd3\xbe\xee\xf7\xa5o\x02z\xc9\x98\
\x0cO\x9a\xcb\xf3\xccm\xac\xb7?\x8e\xad\x1b,ck\
k\xec\x8f\xe3j\xad\xcf\xeb\xac\xcf\xad\x8fek\xf3'\
\xa3\xf3\xd2s\xfey-\xaf!\xee]\xc7\x06\xda\xc3\xd7\
\xed%\xd2v\xb0D\x1ar\xd3\xbbD\xda\xdc\xb7\x03\xf9\
\xbb%\xec!\xee&\xe5\xeb?\xe8\xb9\xd4\x1e\xf2N5\
\xbdh\x1e\xb2n\xb7\x97\xca\x90v\x02:\x08\xe8\x04t\
\x02:\x01=\xb7}\xd0\xe5\xd2F~\x85\xae\xec!{\
i\xf7a\xfb\xe3\xa6X\xf5\xfapB\x18O\xadhg\
\x1d|\xcb8\xa0g\xfa~4\xb0\xd7\xd8A~\xac\x1d\
\xdc\x07\xcb\xc5\xb1P_\xd2\xb4Y\xdc\xa6\x0fgn\x1a\
W\xe6\x01]\x87\xae\xeb\x10v\x1d\xca\xae!\x1d\xc8\x96\
\xbdD\xda\xf4\x9dv7v\xed\xca\x1e\xe4\xdf-\x85\x0e\
\xe8j\x97\x19._y\xf7cT\xd3\x0bK\x03\xb9\xce\
5_V\xca;I@\x07\x01\x9d\x80N@'\xa0\xfb\
\x0b\xe7\xa3\xfe/\xbf\x18\x83\x0a\xdfZ\xe9>\xf9\xae=\
\xd4\x5c\xab\xdc\x87\xad\xcf\xf5k\x99.P\xde\xc1\xb6\x82\
\x03\xba\xdbSjP\xd7a\xf3\xd3F\xd6Z\xe1}X\
i\x86v?M\xe3\xca4\xa0\xdb\xd5\xf2'\x9bee\
\xeb(~\x01 '\xda\xf4\xed\xae?x\xcd^\xbf\xdc\
i\x89\xb4r\x0d\xe8qT\xd3\x0b\xe6\xdb\x12\x9do\xde\
U\xea;J@\x07\x01\x9d\x80N@'\xa0{\xd3a\
\xed\x8d\x0fQ9\xf7AC\xb6\x06\xee\xd6\xcec\xb2+\
6\xc4\x5c\x87\x9coL\x0b\xdf~~\x95\x10\xd0\xc3:\
N\xad\xb2_<\xa6^\xde\x7f\xce\x08;\xbc\x97\x84\x8e\
\x7f\x14\xd9\xff\xa3\x8a\x08\xe8\xbdK\xa4=\xcf\x12i\xc8\
\x9d\xbdD\x9au\xb3\x97H\x0b\xf9\xef\x96b\x06t\xa5\
\xe1\xfc\xef\xdf\xbdN\x96\xf5\xd0\xd7%\x04:\xc7\xfc\xf6\
b\xafmN@\x07\x01\x9d\x80N@'\xa0\x07v\x0c\
\xf6\xb0\xf6\xda\x0f\xf1K1\xfe\x87\xd4\xa9\xd3v\x00\xb7\
\xc3x\xb7\x86\xf1\xa3v\xc3\xb5\xd4\xf9\xde\xd9\x5c*\x02\
z\xf1\x8es\x5c\xdd`\xb9\xe6\x9c\x91r\xcb\x85c\xec\
j{\xd1\xe8\x10\xf7\xb7>%rjW\xd9\x06t]\
\x22MC9M\xdf\x90+\xad\x96k(_<\x7fc\
z\xb5\xbc\x82\x03z\xfc{:\xdc\xfd\xbb=W1\xec\
=\x18m\x12\xad\x98?Tn;N@\x07\x01\x9d\x80\
N@'\xa0\xbb\xff#1|\x89\xc8\xb0\x1b\xab\xf2w\
\xa0\x06\xee\x0e\xeb\xf6\xf2\xee\xc3v\xc35\xfd<>D\
=\x90@I@/\x89\x80\x9eH\x87\xbf/\x9e3\xbe\
x\xc3\xe0\xbd\x86\xba\x97h@\xd7\xf9\xe4,\x91\x86|\
\xe9\xdc\xf2Es\xb7\xd8\x1f\x8b\xf1wK\xa9\x04\xf4\xb8\
\xe5f\xb6\x1d\xd4\xdb\x0d\x8d\x14s\xa0C\xd8\x97Z\xb7\
o\x97\xc3pv\x02:\x08\xe8\x04t\x02:\x01\xdd\xdf\
]uX\xbb\xce9\x1f4\xb9\xe2\x7f\xd7u\xc4\xaa\xdf\
\x1a\xc4\xe3\xc3\xd2_N\x09\xe2\xa1\x04J\x02z\xc9\x05\
\xf4\xc4\xa0\xfeW\xf3&\x16g\xf8\xbb\xdbP\xf7\x12\x0b\
\xe8\xda\x81]\xe7\x96/_7\x96\xa6o\xc8\x89V\xc8\
\xe3\xd5r\xad\x9c\x17\xf3\xef\x96R\x0b\xe8IA\xfd]\
+\xa8\x0bA\xbd\x1a\x829\x01\x1d\x04t\x02:\x01\x9d\
\x80\xeeL\xd78\x1f\xf5w\x159\xe7\x5c\x83wk\xef\
<\xf1\xa3\xbdA<\xec\xe0J@/\xaf\x80\x1ew\xf3\
\x85c\xec\x8azA\xd7bw\x1b\xea^\x22\x01\xbd\xc5\
\x9e[>\x91\xa6o\xc8\x99\xbdD\xda\xdc\xd4%\xd2\x8a\
\xfbwK\xa9\x06\xf4\xf8\xd7\x97\x9bY\xf2\x03s\xa9l\
4\x8d\xbc\x80*8\x98\x13\xd0A@'\xa0\x13\xd0\x09\
\xe8\xe9j?\x14\x9ds^Aa\x5co\xbaLYk\
\xe7\xd1\xa2\x05W\x02zy\x06t\xbd\x9fV\xd1\xbf9\
\x7fra\xab\xe9\x87W\x88l\xfb\xf3\x92\x09\xe8\xf6\x12\
i\xbf\x9bl\x87s\xaa\xe5\xc8E\xef\x12i\xf3\xdd\x96\
H#\xa0g\xde\x96\x91\xd5f\xa2\xfc\xd0\x0a\xeaO\x99\
i\xbc\xa8\xa2\xcd\xdf\x96\x96\xe3\x1cs\x02:\x08\xe8\x04\
t\x02:\x01\xdd\xd7\xe3\xcb\xb9\x19\x9c6n{\xc5\x0a\
\xe4\xf1P\x9e\xf5\x10u\x02:\x01\xdd\xe3~ZA\xff\
\x86\x15\xd2\xdf\xdf4\xa2p/j\x9d\x8b\xaes\xd2\x8b\
\x18\xd0\x97\xaf\x1d#-\xcfO\xb0\x97J\x13\xe9\xc7\x1f\
F\xc8\x9a\x0e]_\xbc`\xa3,\xba\xe8\xed\x0cK\xa4\
\x11\xd0\xfd\x04\xf4\xf8\xa7\xbbd\xb8,\xef\x99-\xcb\xcc\
,\xfb\xf3*\xa2\x15r]\xc3\xbc\xa5\x9c\xba\xb2\x13\xd0\
A@'\xa0\x13\xd0\x09\xe8\xd9=\xbe_m\xb4\x19\x5c\
\x19\x85s]\xba,\x1e\xc8\xa3\xa1\xfcHI\x07W\x02\
zy\x07\xf48\x0d\xe9\x1fo\x1e]\x98\x17\xb9\x0eq\
\xdf\xf4\xe1\x82\x07t\xad\x90\xdf\xff\xe4\xb9V0\x1f#\
m\x07\x86X_\x19\x10\xbb\x11\xd0\xe1\x9f=\x84\xfd\xe2\
l\x96H#\xa0g\x13\xd0\x13\xbf\xa7\xd5\xf4\xa7\xe4|\
\xfbc\x05\xaf\xa5\xae\xa1|\xb9~\xac\x94a\xec^\x06\
\xf0+\x04\x00\xaa\x98\x86\xf3\xb3\xfe\xb9,\x9a\xc1\xe9\xd2\
f\x1a\xcaWn\xef\xec\x9b;\xce\x15D\x01}i\xe5\
f\xfbcAB\xfa\xa01\x22\xc3\xad\x80~\xf0\xb1\x82\
\x1c\x9b\xce)oy^\x97I\xd39\xae=\xd6\x8d\xa1\
\xec\xc8\x8e\xbdD\x9a\x15\xcao\xb2\xc2\xb9\xaf\xa6o\x08\
\xc4U\x91\xf5r\x95\xac\x17\x89<Zia\xbd\xaaB\
y\x22*\xe8pE\x05\xdd\xc7\x83\xa8\xa0\x17\xf7\x1aR\
A\xcfo\xc7\x22\xa5\x1f\xce5\x94?\xfe\xd6>;\x94\
w8\xac3n|\x1e7\x15\xf4\xc2\x1c\xa7\xf3\x8fv\
\xe5T\xd0\xe3\x0aVI\xd7\x86qZE\xd7\x8f!T\
\xd0\xb5Z\xbe|\xedh\xb9\xe7\xb1\x09\xd2v \xfe'\
a\xbcb>0\xe1s*\xe8p7\xff\xbc\xbd\xb2d\
\xc1F\x97%\xd2LY\xfc\xddR\xce\x15t\xb7\xc7l\
\x94FyZ\xa6\xd9k\xaa\xaf\x91\xb2XW]\xe7\x94\
\xaf\xb0n+\xad@\xbe\xac\x9a\x7f\xa6\xa8\xa0\x03@5\
\xd2\xca\xf9\xe8\xd2\x0c\xe7\x1a\xc4Wn?(\x8f\xac\xef\
\xb0\xbb\xad\x03\xa5\xe6K+[e\xda\xc8\xa1\xe17\x8e\
\xeb_'r\xe6\xa7D\xf6|/\xd0\xcdj\xd37\x0d\
\xe5\xcb\xd7\xd6X!\xfd\xb4\xf5\x95\x93\x09A\x1c\xc8,\
\xbaD\xdaV{~9\xd5\xf2\xd24U:\xec\xdb\xe7\
c\xef\xbdiH\x7f\xc9L\xb2\x82\xfb\xd9vx/\xf2\
\xdc\xf5\xaeX _\x19\x0f\xe6\xd5V%\xf7B\x05\x1d\
\xae\xa8\xa0\xfbx\x10\x15\xf4\xe2^C*\xe8\xb9\xedX\
\x89\x86s\x0d\xe5Ol\xd9'+\xb7u\xfa>\x1a*\
\xe8\xa5u\x9c\xce?\xda\x95WA\xd7\xefh\xe3\xb8\x95\
\x9f|o\xf8K\xb0\xc5\xab\xe8\xa7\xbb\xf3\xfee\xd4\xf2\
\xdc8iY5TVn\xb2\xff\x95\x17\xf7j9\x15\
t8\xd3\x0e\xecK\x16l\xcab\x894*\xe8\xc5\xaa\
\xa0\xbb\xff~\x8c~S\x87\xc0o\x921vX\xd7\xcf\
_\x92I\xbdA>@k\x13\xc2\xf8!\x89V\xc8\xdb\
\xac0\xde\xc6O\x93;\xde*\x05\x80jRb\xe1\x5c\
\x9b\xbd=\xf1\xd6>ydC\x87\xe3\x10v\xa0T\x1d\
>u\xda\x9e\x93\xfe\xaf\xef??\xdc'\x8aW\xd1w\
\xe7VE\xd7j\xf9\xc3\xcf\x8f\x94\xa5\xbf\x1b\x22]\xc7\
\xb4\xd2yL\xa8\x96#\x1b\xbdK\xa4Y\xc1<\xe7%\
\xd2Pr\xea\xe4\x84\xbcW\xde\xb6o\xd1\xe4\xfed\xd2\
\xf7\xb5\xc2\xae\xb7n\x19\xbcvI\xe4\xd3\xb7\xc7\xbe\xbc\
\xc0#\x84\xc7uY\x01|-g\x98\x80\x0e\x00\xf0!\
2\xea\xefJ\x22\x9c\x1f\xb1\x82\xb9\x86\xf2G\xd6\xef\xb6\
\x97H\x03\xca\x8d\x0eo_2{Ba\x9el\xe4'\
E\xf6\xfd(ZM\xf7I\x97Fky\xae\xbf\xf5\xf1\
\x1d};!!\x98\xd3\xfc\x0d\xfe\xf4.\x91v\xf1V\
i\xa89\xc5\x09\xa92c\xe4\xa0}\x8b\x05\xee\x15\xb1\
/\xaf\xe0\xcc\x10\xd0\x01\x00A\x85s]\xe7|\xf0\xac\
\x92\x08\xe6?\x89\x05s\xba\xb0\xa3\x1c}\xbc\xf9,\xf9\
\xaby\x13\xc3\x1f\xde\x1e\xe7s.\xba6}kyn\
\x94\xdc\xff[\x91\xb6\xce\x03\xb1Q\xe9T\xcb\x91\x1d\xed\
\xc4\xae\xa1\xbcw\x894\xc5/k\x80\x80\x0e\x00\x080\
\x9c\xd7\xff\x99\xc8\xd0\xe2\xaes\xae\xa1\xfc\xfb\xebvR\
1G\xd9\xd2@\xae\xc1\xbc`k\xa1':\xf3\x93\x22\
\xfb\x9d\xab\xe8+7\x8d\x92\x96\x15\x11iYy\xc2\xfa\
a\xdff\xfdu7 z\xa3Z\x0e\x9fz\x97H\xbb\
\x98%\xd2\x00\x02:\x00 \x5c\x1a\xcc\xebo-\xda\xd3\
\xeb\xda\xe5\xdf^\xb3MZ;\xf9\xa3\x0f\xe5K\x87\xb4\
\xeb|\xf3qu\x83\x8b\xb3\x03ZE\x1f\xb6\xa0w]\
t{\x89\xb4\x97\xead\xe9c\xef\xca\xba\xb7v\x89\xf4\
;\x91\x10\xcc\x01\x7f\xe6O\xdek7|\xd3p\x0e\x80\
\x80\x0e\x00\x08\xdb\xa0\xc9\xd1\xa1\xedE\xa0\xc3\xd9\xb5b\
\xae\xcb\xa5\x01\xe5l\xc9\x9c\x09\xb2x\xf6\xf8\xe2\xef\xc8\
Y\x9f\x93\xb6\xb7\x9e\x92\xfb\xff{\xb0\xb4\xfc\xf6\xa8t\
\x1dx\xbd/\x94\xf7\xa3Z\x0e\x7f\xec%\xd2.f\x89\
4\x80\x80\x0e\x00(\xacx\xc7\xf6\x22\xd0\xaa\xf9\xdf<\
\xb7\x85u\xccQ\xd6\xb4Z\xaeU\xf3\xd0\xd7;\xf7k\
\xd0\x18\xb9\xe7g\xb3\xa4\xe5G-T\xcb\x91\xb5\xf8\x12\
i\x0b\xdf\xb3\xd3\x0e\xe9\x00\x08\xe8\x00\x80\x02\xb2\xc3\xb9\
\x15\xd2\x0bM\x87\xb3\xff\x84\xaa9\xca\xdc\xcd\x17\x8e\x91\
\xc5s\xc6\x17\xae\x11\x9cO\x8b>\xf9G\xd1\x80\x0e\xf8\
}\xcd\x5c\xbc5a\x894\xba\xbd\x01\x04t\x00@\xe1\
\xc3\xf9\xf0%\x05_NM\xd71\xff\xf2\xd3\xad\xb2\x99\
\xb9\xe6(cZ5\xff\xfb\xf9\x93\xe5\xe2\xc6\xfa\x92\xdc\
\xbf\xf9W\x5c!\xf3/\xbf\x5cV\xbe\xf0\x02\x17\x0b\xae\
\xec%\xd2\xae\xdc\xc4\x12i\x00\x01\x1d\x00Pt\xda\x14\
\xae\xee\xc6\x82>\xe5\xe6\xcec\xf2\x85\xdf\xac\x97#t\
hG\x19+\xd5\xaay\xaa%\x9f\xff<\x01\x1d\x8et\
\xf8\xbaV\xcb\xb5\xf9[/\x8a\xe6\x00\x01\x1d\x00P$\
\xda\x14N\xab\xe7\x05\xf4\xc4[\xfb\xec\xf9\xe6@\xb9*\
\xf5\xaayZ\x08\xbb\xee:i\x1a?^\xda:\x98J\
\x82\xd8\x12i\x97le\x894\x80\x80\x0e\x00()\xda\
\x14n\xc4W\x0a:\xef\xfc?\xd6\xed\x94\xef\xaf\xdd\xc9\
\xb9G\xd9*\x97\xaay\xaa\xbb\xbe\xfce\xb9\xf5\x8b_\
\xe4\x02V1{\x89\xb4\x8b\xdf\xb6\x87\xb1\x03 \xa0\x03\
\x00JL\xa1\xe7\x9dk\xd5\x5c\xab\xe7@9\xd2\xce\xec\
\xdf\x98?\xb9t:\xb4gi\xe1\xb5\xd7J\xc3]w\
I\xd7\xb1c\x5c\xcc*\xd2\xbbD\xda\x95\x9b\xa8\x96\x03\
\x04t\x00@\xc9\xd2y\xe7C\xaf-h8\xff%\xe1\
\x1ceH+\xe5\xb7\xcd\x19oW\xce\xcb:\xa8\xd5\xd7\
\xcb\xa2O|B\x96>\xf0\x00\x17\xb5\x0a\xcc\x18\x17_\
\x22\xad\x9d%\xd2\x00\x02:\x00\xa0\xa4\xd9\xf3\xce\x17\x13\
\xce\x81\x0c\xaei\x1a!\x7fu\xc9$\x19[7\xb8\x22\
\x8eg\xf1g?K@\xafp:\xb7\x5c\x87\xb1\xf76\
}\xa3\xe1\x1b@@\x07\x00\x94\xb6\xc8\x88;\x0b6\xef\
\x9cp\x8er4\xb6\xcc\x9a\xc0\xf9\xa5\x8d\xe2\x16~\xf0\
\x83\xb2\xfc\xc9'\xb9\xc8\x95t]G\x1e\x95\xc5\x0b6\
\xd9\xe1\x9cj9@@\x07\x00\x94S8\xd7\xcay\x81\
\xe6\x9d\xffd\xfdn\xc29\xca\x8a\x0eg\xbfy\xfa\x18\
\xb9m\xf6\xf8\xa2<\xffo\xdb\x0e\xc8\xa3\xad{\xe5{\
\x1f8?\xb4\xe7X\xf2\x99\xcf\x10\xd0+\x84.\x91\xa6\
\xa1\x5c?\x02 \xa0\x03\x00\xca\xcd\x90+\x0a\xb6\xde\xb9\
\x06\xf3\xa5k\xda8\xe7(\x1b\x1fk\x1e-\x8bgO\
(\xcap\xf6\xc3\xa7N\xcb\xd2\x97\xb7\xcb\x03\xaf\xef\xb2\
\xff\xfb\x85\x8eCrIH\xd5\xfb\xf9\xf3\xe6I\xd3\xb8\
q\xd2\xb6g\x0f\x17\xbd\x0ci\x85|\xc9\x95\xadr\xd3\
%,\x91\x06\x80\x80\x0e\x00\xe5\xab\x7f\xa3DF~\xa5\
 O\xb5\xb9\xf3\x98|{\xcd6\xce9\xca\xc2\x5c+\
\x08k\xc5\xbcX\xc3\xd9\xd7\x1f8*_Z\xd1j\x7f\
\x8c{t\xd3\xde\xd0\x02\xba\xba\xeb\xf6\xdb\xe5\xd6\xbf\xfc\
K.~\x19\xb1\x97H\xb3\xe7\x97\xeb\x12iL,\x07\
@@\x07\x80\xb2\x16\x19Y\x98y\xe7GN\xbd+\xff\
\xfb7\xeb\xad\x8f\xa79\xe9(iZ)\xff\xca%\x93\
\xe4\x9asF\x14m\x1f\x1e|}\x97]9?\x9c\xf2\
\xf3\xf2\xf3\xd6=\xb2d\xce\x04\x19\x17R5\x7f\xe1\xfb\
\xdf/\x0d\x7f\xfb\xb7\xd2u\xfc8/\x84\x12\xd60\xe4\
\x1dY8c\xa7\xdc\xf5\xa17\xa8\x96\x03 \xa0\x03@\
\xc5\x84\xf3\xfa[E\x06\xcf*\xc8s\x11\xceQ\xea\xec\
e\xd3f\x8f\x97EE\x5c6M\x03\xf9_\xac\xd8,\
\xff\xd3v\xc0=\xbc\xbf\xd1.\x7f=oR8\xc1o\
\xd80;\xa4\xb7\xfc\xf7\x7f\xf3\x82(A3\xc6u\xc9\
\x92+Y\x22\x0d\x00\x01\x1d\x00*\xcf\xc0\xc9V\x22\xb9\
\xb5 O\xb5t\xcd6\xd9\xdcI\x95\x07\xa5\x1b\xcc5\
\x94/\xba\xb0\xd1\xfe\xbcX4\x94\xff\xc5\xca\xcdr\xf8\
\xa4\xf7\x1bY?\xdf\xb4\xd7\xae\xa2\x87\xb5\xafw-^\
L@/1\xf6\x10v\xeb\xc6\x12i\x00\x08\xe8\x00P\
\x89\xfa\xd5F\x87\xb6\x17\xc0/\xb7\xec\x93\x9fl\xe8\xe0\
\x9c\xa3$\x83\xf9M%\x10\xcc\xb5j\xfe\xf5U[\xe5\
\xd1\xd6=\xbe\xef\xff\xdb\xb6N\xf9\xa3\xe6\xd1\xa1\xecO\
\xd3\xd8\xb12\x7f\xee\x5cY\xf9\xca+\xbcH\x8aH\x97\
H\xd3P\xbe\xf8\xcaV\xaa\xe5\x00\x08\xe8\x00P\xc9\x22\
Z9\x1f\x18\xfe\x92j4\x85C\xa9\xfa\xa8\x15n\xef\
\xbcdbQ\x83\xb9z\xb1\xe3\x90|i\xe5f\xd9\xd1\
}\x22\xab\xc7=\xf8z{h\x01]-\xfa\xe8G\x09\
\xe8E\xb2pF\xbb\xdd\xf0M\xe7\x98\x03\x00\x01\x1d\x00\
*]\x81\x96T\xd3\xa6p\x7f\xf3\xfc\x16\xe6\x9d\xa3d\
h\x18\xbf\xbai\x84\xdc\xa6K\xa6\xd5\x0e.\xea\xbeh\
\x15\xfc\xfe\x97\xb7\xcb\x83o\xec\xca\xe9\xf1\xda\xd9]o\
\xd3F\x0e\x0d'\xa0\x7f\xe4#r\xc77\xbeA\xb3\xb8\
\x02\xd1\xa6o\xd1j\xf9&\xbbr\x0e\x00\x04t\x00\xa8\
\x06:\xb4}Da\x96T\xfb\xdb\xe7\xb6\xc8[\xcc;\
G\x89\x04s\x9dc~S\x91\x87\xb2\xc7\xc5\xab\xe6;\
\xbbO\xe6\xb5\x1d\xed\xf4\xfe\xcd\x05\xe1\x8d\x84\xd1\x90\xbe\
\xf4\xc7?\xe6\x05\x14\xa2\xde%\xd2.\xd9\xca\xc9\x00@\
@\x07\x80jc\x87\xf3\x02,\xa9\xf6\xd3\x0d\xbb\xe5\xf7\
;:9\xe1(z0\xbf\xa9\x84\x82\xb9V\xcd5\x98\
\xffO[0?\x1b\xbfm; \x7f}*\xbca\xfa\
\x8b\x16.$\xa0\x87 \xbeD\xda\x92+[e\xc6\xb8\
\x83\x9c\x10\x00\x04t\x00\xa8J:\xb4]o!\xd3y\
\xe7K\xd7\xb4q\xbeQ4\xba\x8e\xf9\xff\x99=A>\
:yt\xc9\xec\xd3\xa3\xad{\xe5oVmM[\xd7\
<\xdf\xc0\x1ff\xb3\xb8\x19S\xa6\xd8\xb7u[\xb6\xf0\
\xa2\x0a\x80\x0e]\xbf\xeb\xba7X\x22\x0d\x00\x01\x1d\x00\
\xf8\x0d\xddX\x90\xa1\xed:\xef\xfc\xff_\xb1\x89\xf3\x8d\
\xa2\x98\xdbXo\x0fe\xbf\xfa\x9c\x11%\xb3O\xed\xdd\
'\xed\xaa\xf9\x0b\x1d\x87B\x0a\xfe{Bm\x16\xb7\xe4\
O\xfeDn\xbd\xe7\x1e^\x5cy\xb0\x87\xb0\xcfKX\
\x22M\xb1L\x1a\x00\x02:\x00T\xaf\xc8\x88;\x0b2\
\xb4]\xe7\x9dw\x1c9\xc9\x09GAiG\xf6E\x17\
\x8c\x91\xa9!5L\xcb\xd5\xfd\xaf\xec\xb0\x1b\xc1\x85\xe9\
\x85]\x87\xec\xb9\xec\xe3\xea\xc2iz\xb7p\xc1\x02\x11\
\x02z\xd6\xa2K\xa4\xb5\xc9\xe2\xab6Q-\x07@@\
\x07\x00$\xd0\x8e\xed\x83g\x85\xfe4\xba\xde9\xf3\xce\
Q(:\x8c\xfd&+\x94k8\xaf\x1bTZ\x7f\x82\
h\x13\xb8/\x07\xd0\x04\xce/\x9d\x8b~\xeb\xf41\xa1\
l\xbb\xa1\xaeN\x16]\xffai\xf9\xe5\xafy\xd1\xf9\
`/\x91v\xc9V\xfbc\x14\xa5r\x00\x04t\x00@\
\xefo\xe6\xc6\xe8\x9a\xe7!\x8b\xce;g\xbds\x84O\
\x03\xf9G&\x8f\xb6\x87\xb3\x97\x1a\x1d\xce\xfe7/\xbc\
\x1dX\x13\xb8\x8cL4\xfc\xe9\x9a\xe8a\x05t;t\
.\x98O@\xf7`/\x916O\x97Hke\x894\
\x00\x04t\x00\x80\xbb\x82\x0dmg\xbds\x84H\xd7,\
\xd7n\xec\x1f\x9d<\xaa\xe4\xaa\xe5J\x9b\xb5=\xf4F\
G\xe8\xc3\xd9S\x83y\xdc\xce\xee\x13\xa1\xae\x89\xbep\
\xfe|ijl\x94\xb6\x8e}\xbc\x18\x13\xcc\x18\xd7%\
K\xaeje\x894\x00\x04t\x00\x80\x0f\x05\x1a\xda\xae\
\x95\xf3\xcd\xacw\x8e\xa0_\xbeV\x10\xd7fo7]\
\xd0Xrs\xcb\x13\xfdW\x08\xdd\xd9\x9d\x02yD\x9c\
\x07K\xc7\xb3\xfa\xcf7\xed\x96\xbb.=7\xb4]X\
8\xff}\xb2\xf4\x91G\xab\xfeu\xd9\xbbD\xdaU\xad\
v@\x07\x00\x02:\x00\xc0\xc7o\xe4\xc2\x0cm\x7fu\
\xcfa\xf9\xe9\x86\x0e\xce7\x02\xa3\xa1\x5c\x87\xb0\x97R\
'v':\xcf\xfco\xad`\xae\x95\xeb0\x83\xb9_\
\xbf\xddz \xd4\x80\xbe\xe8\xba\x0fUu@\xd7\xa1\xeb\
\x8b\xb5Z>o\xab4\xd4\xbc\xc3\x0f*\x00\x02:\x00\
\xc0\xbfB\x0cm\xb7\x97T{\xba\x95\x93\x8d@By\
\xfcV\x8aC\xd8\x13\xe9<sm\x00\xf7bH\xcb\xa6\
\xf5\x86r\x87ln\x5c\xff#>\xcc\xfd\x88L\x1b\x19\
\xce\xcf\xfd\x8c\xe6\xc9\xd2\xd4x\xb6\xb4u\xec\xaf\xaa\xd7\
\xa6\x06r\xed\xc6>\xbf\x99%\xd2\x00\x10\xd0\x01\x00\xb9\
\x18rEA\x86\xb6\xeb\x92j\x1a\xd2\x81J\x0f\xe5\xf1\
`~\xff+\xdb\xed!\xeda\x84\xf2\xd4!\xec^a\
<\xe9\x0b\x09y\xfe\xe7\x1b\xf7\xc8]\x97\x85\xf7\xc6\xdc\
\xe2O\xdc w\xdc\xf7/\x15\xff\xda\xb4\x97H\x9b\xd7\
&7]\xb2\x95\xa6o\x00\x08\xe8\x00\x80<\xf4\xab\x95\
\xc8\x88\xaf\x84\xfe4\xcf\xec8h\xdf\x00\xbf\xe2s\xca\
\xaf\xb2ns\x1b\x87\x95E(W:\xb7\xfc\x9f^\xde\
!\x0f\xbd\xb1+\x94`\x1e\xa4\xdf\xe80\xf7\xcb\xc2\x9c\
\x87~EE\x07t\xad\x92\xeb\xdc\xf2\xbe%\xd2\x00\x80\
\x80\x0e\x00\xc8\x83\x1d\xceC\x1e\xda\xbe\xfb\xc8I\xbbz\
\x0ed\xa2\xcd\xdd.:{\x98=\xa7\xbc\x94\x1b\xbd\xb9\
\x05\xf3\x967:\xe4\xa1\xd7w\x05\xdb\x00NCy$\
\x92\xfeeq\xab\x9a\x1b\xe7\xe1\xee\x0e_\xdby\xf8\x84\
\xac\xdf\x7fD\xa6\x9d\x19\xce\xef\x00\x1d\xe2>\xa3\xf9<\
Y\xd7\xdaV1\xaf\xd1\xde%\xd2\xaeb\x894\x00\x04\
t\x00@\x90th\xbb\xdeB\xf6\xb7\xcf\xbf\xcd\xd0v\
8\x8aW\xc9\xdf\xdb8L.j\xac\xb7\x97G+7\
\xf1`\xde\xf2F4\x98\x07R\xe4\x8e\x0da\xef\xcd\xdd\
.!]\x1cc{vV\xb5\x1f\x0a-\xa0\xabE\xd7\
}P\xeeh\xfd^\xd9\xbfVg\x8cg\x894\x00\x04\
t\x00@Xth{\xc3\x92\xd0\x9f\xe6\xa7\x1bv\xcb\
\xab\xbb\x0fs\xbe\xd1\x1b\xc8/\x8a\x85q\xad\x94\x97[\
\x95\xdc+\x98\x07\xc6-\xe1[_w\x9eZn\xb2\xde\
T\xa2\x9fm\xdc#\x7f6clh\xe7i\xe1\xfc\xcb\
\xe4\x8e\xfb\xca3\xa07\x9c\xf1\x8e=|}\xc9\xd5\x9b\
\xa2K\xa4\xd1\xec\x0d\x00\x01\x1d\x00\x10\x06{I\xb5\x01\
g\x87\xfa\x1c:\xb4\xfd\x81u;9\xd9UlL\xed\
`;\x8cO\x1d1T\xde[\xe6\x81<\xae\xddz]\
\xeb\xfc\xf2_\xb4\xee\x0d&\x98'\xa4h\xe3\x10\xbcM\
\xbcr\x9e\x14\xc6\xbd[\xb6;\xe6\xf6\x94\xb4\x1e\xff\xaf\
\xf5\xfb\xbb\xed\x8e\xee\xe3\xeajB9_\xd1a\xee\xe7\
\xca\xba\xd6mes\x8d\xed%\xd2\xae\xde\x1c]\x22m\
\xc8;B2\x07@@\x07\x00\x84G;\xb6\xd7\xdd\x18\
\xfa\xd30\xb4\xbd\xbahu<>\x87|\x8a\x15\xc8/\
*\xa3\xc6n~\x83\xf9?\x05\xd9\x95\xdd\xb5R\x1e\xc4\
\xb6\xb3\xbb\xfb\xaa\xf6.\xb9ajxo\xd8-\xba\xee\
\x03rG\xeb\xbf\x97\xfc5\xbe~f\xbb,\xb9j\xb3\
\x5c\xd5\xbc\x97\x1fh\x00\x04t\x00@aD\x86/\x0e\
\xfd9\x18\xda^\xd9\xb42>\xb6\xae\xc6\xae\x8ak\x18\
\xd7`>\xa6\x0c\xe7\x8f\xfb\xb1\xba\xe3\x90=\x8c\xfdw\
\xdb:\xc3\x0b\xe5^\xdf7\xce\xd5r\x93\xfa-\xe3o\
{&\xe5\x13c\xdd\xe77[\xf6\x87\x1a\xd0\x17\xce\xbf\
T\xee\xb8\xaf4\x03\xfa\xb8\x91G\xe5\xd3\xf3\xda\xe4f\
\xebv\xae\xf5y\x84\x1fo\x00\x04t\x00@\xc1\xc2\xb9\
\x0em\x1f89\xd4\xe7`h{e\x05\xf11V\x10\
\x9f2\xe2\x0c\xeb\xf3\x1a;\x88\xeb\xe7\x95T\x19w\xf3\
\x8b\xcd{\xed`\xbe\xe1@@\x9d\xba\x03^\x22-\x98\
Q\xd7\xd1\x8d\xfc\xe6\xed\xfd\xa1\x9e\xcb\xa6\xc6\xb3dF\
\xf3$Y\xd7\xba\xa3d\xae\xef\xbc\xe6}r\xd3\xbc\xad\
r\x8b\x15\xcc\x07\xf2\xa3\x0e\x00\x04t\x00(\xfco\xdd\
F\x11\x0d\xe8!ch{y\xd1\x0ax\xdd\xe0\xfe\xf6\
\xc7aV\xf0\xb6\x03\xf8\xe0\x01vu\xbc\xdat\xc7\x1a\
\xbf\xfd\xd7\xe6=\xd2\xde}2\xd4@n2\xdd\xd7\xeb\
KF|}\xd3xn/\xf9\x0b\x1a\xd2?8\xe9\xcc\
\xd0\xce\xed\x82\xd9\xef)z@\xaf;\xe3\x1d\xb9\xc1\x0a\
\xe5:\x8c}\xda\xc8\xa3\xd2\x8f\x1f\x7f\x00 \xa0\x03@\
\xb1D\x86\xdf\x19\xfas0\xb4\xbdt\xd8\xd5o\xebf\
\xa4\xaf\x12\xae\xe2\xc1\xbbZ*\xe1~\xe80v\xad\x98\
k\xe3\xb7\xbc\x0a\xd3\xb1\xe5\xd1R\xf3\xb6I\x08\xe1\xc6\
#\xad\x9bL_\xf3x\x13\xc0W\x18Oj$g\x92\
\x96L_\xb5\xb3+\xd4\x80\xbe\xe8\xbakd\xe9#O\
\x14\xe5\xfaN\x1e\xdb%\xb7]\xd3*\x1f\x9b\xd9.\x8d\
v\xd37\x00\x00\x01\x1d\x00\x8ai\xe8\x87\xa2\xcd\xe1B\
\xa4C\xdb\x1fdh{N\x9a\xb5\x8a=\xa8\xbf\xeb\xf7\
k\xb5\xb2\xed\xd0\x01]CvmB\xc8&t\xfb\xa7\
\xd5r\x0d\xe4-o\xee\xca\xafZ^\x92C\xd7}l\
7\xe5\xbfW\xb5\x1f\x0c\xf5|\xeb\x10\xf7\xa6\xc6\xd1\xd2\
\xd6\xd1Y\xb0k\xbcpn\x9b|\xf1\xeaV\xb9\xac\xa9\
K\xfa\x87yn\x01\x80\x80\x0e\x00\xf0M\xd7<\xaf\x0f\
\xbf1\xdc\xbd\x0cm\xcf\xca\x9c\xb3\x87\xc9'\xa75\xca\
\x82\x09#8\x19\x05\x94X-\xcf/\xf0\x1a\xd7\x1cl\
\xfc\x84n\x93a\xc8z\xd2\xf3\xc4Z\x97E\xfa\xbe\x96\
\xf6<\xc6\xdf\x9b\x06\xc6\xe5{o\xee;\x22;\x0f\x9f\
\x90q\xc3jB;\xf7\xf3gO\x97\xb6'V\x86z\
}G7\x1c\x95\xff}\xd5fYt\xe9V\x19_G\
\xb5\x1c\x00\x08\xe8\x00Pb\xec\xc6pVH\x0f\xd33\
;\x0e2\xb4=\x0b\x7f>\xb7\xc9\x0e\xe7(\x0c]\x22\
m\x99\x15\xc8\x7f\xb1y\x8f\xec\xccsny\xc4#\xe4\
\x1a\xbf_\xcco\x1c}h\xe7I\x87\xb9\xdf0-\xcc\
n\xee\x17KKH\x01\xfd\xfd\x17\xb4\xcb\x17\xac`~\
\xed\xb4\xbd2\x90\xc9\xe5\x00@@\x07\x80\x92\xa4\xc3\xda\
k\xc3]\xf3\x5c\xab\xe6\xf7>\xb7\x85s\xed\xd3\xdd\x97\
\x9f'\xd7\x9f7\x8a\x13\x112\x1d\xc2\xaeK\xa3=\xfc\
\xc6.\xd9\x98O'\xf6\xc40\x1e\x89d\x8e\xcbi\xeb\
\x9fIR\xb5\xdcW\xd5<\xed-\x81\xe8\x03\x8c\x9f\xe6\
pn\xcb\xab\xfbXw}\xd5\xce\x83\xa1\x07\xf4 5\
\x9c\xf1\x8e\xfc\xd9\x15\xad\xf2\xd9\xcb\xdbd\xf2\xe8\xa3\xbc\
\xe8\x01\x80\x80\x0e\x00\xa5-\xd2P\x80\xa1\xedV8g\
h\xbb?:\x9c\x9dp\x1e~(\x7f2v\xcb{~\
\xb8\xdfu\xc9\xbdBw>\x15t\xaf4\x1fDe>\
e\x1d\xf5_o\xd9/\xdf\x0a\xf9\x1a-\x9c?W\x96\
\xaf|%\xafm\xcc;w\x9f|\xf6\x8a\xad\xf2\xc9\xb9\
m\xe2\xd1\xba\x01\x00@@\x07\x80\x12R{C\xe8k\
\x9e\xbf\xba\xe7\xb0=\xbc\x1d\xfe\xe8\xd0v\x04\x1f\xca\x9f\
L\x08\xe5\xf9va\xf7\xf3}\xe33D\x1b\x93K(\
7\xe9\xff\x19q\xd9\x861i\xdb7\xbe;\xbb\xa7\x7f\
\xfd\xf0\xc9\xd3\xf6\x5c\xf4\x0bF\x857%f\xfe\xec\x0b\
s\x0a\xe8Z-_8\xa3]\xbe|\xed\x9b2\xe5,\
\xaa\xe5\x00@@\x07\x80r\xa2\x8d\xe1B^\xf3<:\
\xb4\xfdm\xce\xb5O\xda\x14\xae\xb1v0'\x22\x84P\
\x9e\x97L\xf3\xc9\x13\x03\xb2\x8fP\x1e\xff\xb2\xaf\xe2\xbd\
W\xe07\xd9-\x84nLvUv\xc7\xf7\x0e\xacm\
\xe80\xf70\x03\xfa\x82\xd9\x17du\xff\x19\xe3\xbbd\
\xc9\xd5[d\xe1\xccvi\x18r\x8a\x17?\x00\x10\xd0\
\x01\xa0\xfc\xd8C\xdbCn\x0c\xf7\xb3\x0d\xbb\xed\xa5\xd5\
\xe07\xa0\xd7s\x12\xf2\xa0\xf3\xc8W\xef>,\xcb6\
\xef\xcdoN\xb9\x8fp.\x19\xf2w\xa6o\x06\xde\xc6\
\xcd\xe1M\x82\xb0Z\xc5\xad\xda\xd1%\x9f\x995>\xb4\
\xeb8\xa3\xb9I\x9a\x1aGI[\x87\xf7\xc8\x9bE\x97\
\xee\xb4n\xed2\xbfy\xbf\xbfk\x05\x00 \xa0\x03@\
I\xd2\xc6pg\x5c\x1b\xeaSl\xee<&\x0f\xb0\xe6\
yV\x9aG\x9c\xc1I\xc8\x82V\xc9Ww\x1c\x96\xa7\
\xb6u\xdaK\xa3\xb5\x07\xf1f\x90\x15\xf2\x22\x99\x02n\
oC7\x931\x0d\x1b#\xfe\xe6\x82\x9b\xf4/\x1a\xb7\
\x0d\x9aL\xfb\x95xw\xffUs\xe3\xf2\xe6D\xea\xd7\
\x9f\xdf\x19\xfe\x94\x95\xf9\xb3/\x90\xb6'\x9eM\xfbz\
\xd3\xc8\xd3\xb2\xf8\x9am\xb2h\xde.{H;\x00\x80\
\x80\x0e\x00e/\xd2p[\xe8\xcf\xf1O/m\xe3D\
g\xa9n\x10\xff\xece\xb2\xc6\x0a\xe4kv\x1f\xb2\x83\
\xf9\x1a+\x94\x07\xcag\x05\xd6\x04\xbb9\xef\xfen\x19\
&\x89\x1b\xcf'\xce\xa3q\x9cGG\xf7C'\xde\x91\
7\xf7u\xcb\x05\xa3\xea\xc2\x0b\xe8s\xa6IKo@\
\x1f \x0bg\x1e\x97E\x97\xee\xb5>\xee\xe1\x87\x00\x00\
\x08\xe8\x00PA\x0a\xd0\x18N\x87\xb6\xb3\xe6y\xf6\xb4\
\x22\x0c\xe7@\xae\x1fW\x87\x19\xc8\xfd\xcc3\xf7\x13\xcf\
M\x16!\xde\xaeZ{5\x8eK/k\x1b\xc7\xe7\xf2\
\xd9I>q\xdf\x9c\xf6\xd3\xc7;\x0a\xf1\x8a\xfc\xf3;\
\xba\xc2\x0d\xe8\xb3\xa7I\xc3\x19Ce\xc9\xd5\xfb\xe5\xa6\
K\xdf\x96\xa6\x914}\x03\x00\x02:\x00T\x9a\x025\
\x86ch{nZ;\x8f\xd9\xcb\xacU+}\x83B\
\x83\xf8\xc6\xce\xa3\xd1`\x1et \x17\x8f\xb5\xbe\xc5m\
\xd4\xb9\xf1\x95\xef\xc5+\xbf\xa7\x84{\xe3\x9c\xbd]\x02\
\xbc\xe3N\xe5\xfd~\x84\xd7\x17\x8d\xd3\xfe\xa6<\xed\xaa\
\x1d\x9d\xf2\xd9\xd9\xe1\xcdC\xd79\xe8\x07\xbe\xbbK\xe4\
\xd4.~1\x00\x00\x01\x1d\x00*S!\x1a\xc3\xfd\xd3\
\x9am\xacy\x9e\xa3\x15\xdb;\xe5s3\xc7U\xcd\xf1\
\xae\xd9}X6\x1d8\x1a\x0b\xe4\x87\xa4\xbd;\xdc\x86\
\x82&\x8c&b\xf1MF\xb2\xbb{\xe6pn\x02\xdb\
\xb5\xe07b\xe4\xf9B,\x9dX;G\xa4\x93\x80\x0e\
\x00\x04t\x00\xa8D\x05h\x0c\xb7v\xcfa\xf9\xd5\x96\
}\x9c\xeb\x1c\xb5ZA\xb5\xe3\xc8\xc9\x8a[jM+\
\xe3\x9b:\x8fEC\xb8u|\xf1P\x1e:\x93e\x17\
u\x1f\xc3\xd8\x8d\xb84~\xf3l\xdc\xe6\x11\x95{\x8c\
\xbf\xf0\xee'\xb0\x9b\xf4C0Y\x9c\x1b\xe3\xe7$\xc5\
\x1ew\xf8\xc4iyso\xb7\x5c0:\xbca\xee2\
\xf4\xbdV@\x7f\x8c_\x0c\x00@@\x07\x80\xcaS\x88\
\xc6p\xf7\xaf\xa11\x5c\xbe\xfequ\x9b\xfc\xc3US\
\xcar\xdfwY\xe1[o\xba\xc4\xd9\xae#'\xecP\
\xae\x9f\xc7\xe7\xd6\x17t\x11\xacl*\xd0&}\xc5o\
\xe7\xb9\xde\x19\xf3{V\xf7\x0b\xe2\x848>\x97\xc9u\
#\x19\xce_\xca\xd7\xb4\x8a\x1ej@\xd7\x0a:\x00\x80\
\x80\x0e\x00\x15\xa7\x00\x8d\xe1\x1e\x5c\xd7.oY\x81\x0c\
\xf9\xd1a\xee?^\xdf!\x9f\x9c\xd6X\xd2!|S\
,xk%\xbc\xfb\xd4\xbb\xf2R\xc7!)\xf6*\xd4\
\x91\x0c\xd9\xd4y\xfa\xb6I\x0b\x9f\xc6=\xb7\xfb\xce\xfa\
\x9eUs\x87\x0a|.Us\xe3\xfb\x8d\x83\xf4rz\
\xdf1z\x95\xda\xdd\x1f\x17\x0f\xe8\x9f\x9d3!\xbc\x0b\
:hL\xf4\xc6<t\x00 \xa0\x03@\xc5(@c\
\xb8\xddV`\xfb\xd9\x86\x0e\xceu@\xb4\x8a\xae\xa1\xb7\
\xd0\xf3\xd1_\x8au\xde\xb7\x87\xa4\x1f\x88\xbe\xd9\xb2\xc9\
\x0a\xe0\x87c\xff\x9d\xdce\xde\x14\xffDe\x0a\xb0\xee\
\x9f\xf8\xdb\x5c\xa6J\xb9\xdf*}bhwk\x1c\xef\
\xb3\xf9\x9b\xe7\x9b\x06\xfa\xcdH\xc4\xf5\xdc\x98\x8c\xcfe\
\x1c\x1f\xea\xb6\xd2\xdb\xf3\xdb\x0b0\x0f}H3\x01\x1d\
\x00\x08\xe8\x00P9\xecp\x1evc\xb8\x97h\x0c\x17\
\xb4\x7f[\xbbC\x1e\x7fk\xaf]I\x9fs\xf60i\
\x1e1\xd4\xf3\xfeZ\xd5\xd6\xf9\xebN_\xdf\x95\xf0\xf5\
\xee\x93\xa7\xed\xd0\x1d\xa7\xc3\xd0\x0f;-\xeffJ*\
\x8ag\x15\xccK\x96\x09\xe0\x10L\xe9\x1c\x8b\xbd\x1ez\
!\xe6\xa1\x1fZ\xc1/\x04\x00 \xa0\x03@\x05\xd0a\
\xed:\xbc=D\xda\x18\xee\x99Btt\xaeB\x1a\xac\
\xb5\x9an\xfc\xcey.\xf1L\x97o(\xf7\x1a\xc2\x9e\
\xd6`\xcd\xa5\xeck\x8c\x8f\x93d2\xef\x8b\xf1}\xb2\
M\x86\x9d\xcer\x197\x8f;\x18\xb7\xaf9\xdd?\xb5\
Jn\x8c\xbf\x17P\xca\xdd\xde\x08;\xa0\x0f\x99\xc2/\
\x02\x00(!\xfd8\x05\x00\x90;\x1a\xc3\xa1\x12\x82y\
<X\xfa~\xa3\xc1\xf8\xfa\x92g\x005\xd9m\xde\xe5\
\xfb\xc63\xb7g\x1d\xce\x8d\x8f7&\x1c\xd3\xb7\xf7N\
\x1b\xe3r\x7f#\x19\xdf\xb8\x08}\x98;\x8d\xe2\x00\xa0\
\xa4PA\x07\x80\x5c\x0d\xb9\x22\xba\xb4Z\x88~\xb6a\
\xb7\xbcu\x90\xc6p\x08!\x94g\x1b\x8e=\xe6\x99;\
\xf6As\x98o\xee\xdd\xcc\xdc_\x85\xd9\xf8\xad`{\
\xe4u\xcf\xa7t\xa8\xde;\xce-\x8f$<\xa7q\xdf\
O\x939\xed\xbb\x86z\xbd\xdbs\x85\x98\x87^\xfb^\
\x91#/\xf1s\x01\x00\x04t\x00(_\x91\x86\xc5\xa1\
n_\xe7\x9c?\xf8\xdaNN4\xc2\xcd\xeaY\x86q\
\xcf<\x9c\xcb\x90q\xaf0\xee1|\xddk\xc8\xb81\
\x1ey\xddx\x87q\xcf\x034\xde\xef8\x18\xaf\xe1\x01\
\xc6\xe9a\xa67\xe9;>\xd6z\xfe\x1d]\xc7\xe4\xd0\
\xc9\xd3R?8\xc4?\xd9\xb4Q\x1c\x01\x1d\x00J\x02\
C\xdc\x01 \x97p\xae\x8d\xe1\xfa\x9f\x1d\xeas\xd0\x18\
\x0e\xf9\xa7oS\xbe\x0d\xdf\xfc\x04\xfel\xde<\xc8s\
{\x81l+\xc7\xe7\x7f~{g\xb8\xe7\xb9\x86y\xe8\
\x00@@\x07\x80r\xa5\xc1\xbc\x00\x8d\xe1~\xb5e\x1f\
\xe7\x1a\xb9\x87\xf2\xc4u\xc7\xb5R\x9cx\x13\x87i\xd3\
\xbd_t\xfcn\xd2f\xed[\x8f\xa4\xcd\xa56)\x9b\
\xe9\xbb\x19\xf7\x8a\xb7\xd36\x9c\xee\xef\xf6f\x83I\xdf\
7\xd7\xed\xa7l\xcb\xf8}c#\xe1\xf1N\xd3\xc7{\
\xf7\xd7i.\xbaI\xd8\xc7\xdeo'\x1d\xac\xf3c\x13\
\xbe\xf6\xe6\x9e\xeep_3\xba\x16:\x00\x80\x80\x0e\x00\
\xe5\xa8\x10\xcb\xaa=\xb8\xae\x9d\x13\x8d\xac\x83y$\xcf\
j\xb9\x91\xec\xd6\x1d\xcf\xf0\xa5\xac\xefo\xb2\xdf\xe1<\
\x8e\xb5\xb4\xafe\xa2\xe7\xb6\x85\x5cA\xa7Q\x1c\x00\x94\
\x0c\xe6\xa0\x03@6\xb4)\xdc\x19\xd7\x86\xfa\x14\xbf\xde\
\xb2O^\xdds\x98s\x8d\x9c\xc2\x9c\xff\xc0\xec>\x1f\
<\xdb\x0e\xe7^\xdb\xf5\xea\xe0n\xb2X\x0c>\xbe\xe9\
H\xcaFL\xa6S\xe3p0\xbe\xe7\xdd{NA7\
>\xb6\x95\xf0\xf4\x19\xd7\xf23\xae\xff\xf9\x5c\xd8C\xdc\
\x95.\xb7v|\x13?O\x00PdT\xd0\x01 \x0b\
\x91\xba[B\xdd\xbe\xce9\xd7\xb9\xe7@>\xe1<s\
\xd2\xcd\x22\xcc\xe7\xb1]\xef\xe7\xf2\x08\xe7\xc6\xe5\x96r\
\xd8&\xe0S\xe3\xd8\xa1\xde#\x9c\xbb\xeeo\x16;\x93\
\xe9\xee\xf171\xde\x08}\x98{#?O\x00@@\
\x07\x802\xa2\x95\xf3\x90\x97U\xfb\xf9\xc6\xdd4\x86\x83\
K\xe0\xcc4\xd9\xda##&=\xc6\xf4\xc6>\xc7)\
\xd3\x19\xc2qR\xb0L\x9d\xb7n\x8c\xfbcL\xea1\
x\x04\xda\xd8\xb6\x12\xe7\xcd{\x86\xf3\xd4y\xec~\xc3\
y\xdad\xf9\xf4\xb9\xf3}s\xc43\x9cw\xe32\xef\
\xde\xb3\xdb|\xdf\x03\x9c6\x9f\xd8\xd9\xfd\x8d\xb0G\xd5\
\x0c\xa1Q\x1c\x00\x94\x02\x86\xb8\x03\x80\x1f\xfdj\xa3s\
\xcfC\xb4\xfb\xc8Iyp\x1d\xcb\xaa!%-G\x22\
\x9e\xf9\xd2\xf11\x99\xee\x9f\xc3\x04\xf0\xbe`\xec\xaf\x04\
\x9f6|\xddm(\xbeC\xe2\xf6\x1c6\x1eI\xbf\x93\
1\xd9Nr7\x19NW\xe6%\xdc2\x9en\x93\xe1\
\xcd\x96\x84\xfb\xf8Y\xcb}\xc7\xa1\x13\xe1\xbe\xd6\xe8\xe4\
\x0e\x00\xa5\xf1''\xa7\x00\x002\x8b\xd4\xdeX\x90e\
\xd5\x80h\x19\xb7'\xc3b\xde\x15q\x94\x1cD\x16B\
o\x14\xc7\x10w\x00(\x09T\xd0\x01 \x13\xed\xd8>\
4\xfce\xd5\x9e\xddq\x90s]\xd5\xb9\xdcai\xb3\
\x84\xef\xf9nl\xe6\xb4Y\xa7\xbb\x19\x9f\xbb\xe4\xf1&\
A\xfa(v\x93{\xe5\xd8c\xc3\xc6\xe1?|\x17\xbe\
M\xcas\xbbn\xd7d<\xbd&c8\xf7>\xb0\xde\
\xe5\xd4</\x92\xf3s\xec\xe8:\x1e\xee\xeb\x8f!\xee\
\x00@@\x07\x80r\x10\xa9_\x1c\xfa\xb2j\xff\xb4\xa6\
\xf2\xab\xe7\xb3\xcf\x1e&\xd7\x9d;J\xe6O\x18!\xb5\
\x83\xfa\xdb_\xeb>\xf5\xae\xfc~{\xa7<\xbee\x9f\
\xbc\xb2\xbbz;\xd7G\x1c\x02\xb8\xff\xe2\xac\xff\xe1\xd8\
\xd9l\xc9\x98l\xf7\xc4x'}\x93\xf5\x81e\xbe{\
\xa67\x1c\xfc\x86s\x1f\xcfa\xfc>\xd8d\xb7\x8f\xc6\
\xe7E\xda\x1ev@W\xba\x1e\xfa\xa9]\xfc\xd2\x07\x00\
\x02:\x00\x94\xa8\x81\x93\x0b\xb2\xac\xda[\x07\x8fU\xf4\
i\xbc\xfd\xa2&\xf9\xe3i\xe9S\x04\xea\xac\xa0~\xdd\
y\xa3\xec\xdb\xca\xed\x07\xe5\xeb\xcfm\x91\xee\x93\xa7+\
\xffu\xe5RI\xf5\x15\xd5<\x82\xb3\xe3To\xfdo\
\xa7y\xdb\xae\xbb\xe6/0\xbaV\xcb\x9d\x96\x1f3\x99\
\xdf-0\x19\xe7\xa0g\xae2;\xed\x9bqH\xd6&\
\xf1\x84\xf8\x98S\xee|\xca\x1dN\xac\xc3\x1b\x02\xc6\xcf\
\x88\x82\x84\xfb\xc5[\x0e$\xbdDb\x9f\xe80\xf7\xcb\
\xce\x19A@\x07\x80\x0a\xc6\x1ct\x00\xf0\x10\xa9\xbf-\
\xd4\xedW\xc3\xb2j\x7f}\xd9\xb9\x8e\xe1<\xd5\xfc\x09\
\xc3\xe5\x17\x1f\x9feW\xd8+7\x94\x9b\xa4\x00\xeb\xda\
(\xdd\xb1\xdb\xb9Ii\xb1\xee\xf2\xad\xa4P\x9c\xfcy\
\xd2\xa3\x9d\xba\xc2\xa7tWO\xfeR\xec\x7f\xbd\xdd\xc9\
\x9dv\xd7$l_<\xba\xb4\xa7?\xd6wzw:\
\xbe\x84\xc0\x1b\xdf\xb7\xbe\xf7\x04\x9c:\xcc'tN\xf7\
\xdaU\xa7o&u]O\xde\xaeI\x0d\xf3n\xad\xe6\
S\x0e\xda8\x9c\xcb\x94\x8be\xdf\x0e\x9f\x08\xf9\xcd\xab\
!\xcd\xfc\xd2\x07\x00\x02:\x00\x94(]R\x8de\xd5\
\xf2\xf2\x89i\x8dvu\xdc/\xad\xa8\x7f\xe3\xaaf\xeb\
6Ej\x07U\xc8 /c\xf2l\xf4f\x0a\xba\xab\
\x05{\xae\xb0w\xca\xe4w\x0a/\x18]'\xf3\xc6\x0f\
\xef\xbd\x0d\x1b<\xc0\xfb\xb9L\x8e\xfbk\xfc\x7f\xed\xf5\
\xb0\x97Z\xeb_\xc7\xef}\x00(2\x86\xb8\x03\x80\x8b\
\xc8\xf0;C\xdd~\xa5/\xab\xa6\x01\xfb33\xc6\xe5\
\xf4X\xad\xa6/\xfb\xa3Yr\xcf\xb3[d\xe5\xf6\xce\
\xf2;x\x9fM\xd5r\xf9f\xb6K\xa5el\x84\xe6\
\xd5\x90M<\x96@39\x8c\xd1O\xd9\x9c\xc9\xe2\xfc\
\xf5\x0e\x01O\xdb\xa4\xf1\xf7d>\xce\xfb\xf8\xfa\x1a\xb9\
\xe3\xd2I\xf2\xc1\xf3F9\x06\xf27\xf7v\xcb\xbf\xbf\
\xb4C~\xfa\xfa.\xef\xf3\xeb6a\xdd\xb8\x5cC\x93\
\xc3~\x87a\xe0\x18~\xf1\x03@\x91QA\x07\x00\xc7\
ty\x03\xcb\xaa\xe5\xe9\x13\xd3\xce\xeem\x06\x97\x0b\xad\
\xa6\x7f\xf3\xaaf\xb9cn\x93\xf5y\x19\xbd\x9f\x9cK\
\xc5\xd7dy\xb7l\xc3\xb9\x91\x1c\x02\x9fGP\xcc6\
\x9c\x9b\xac\x0f\xd5\xd7y0\x996l\xfc\x9fr\x0d\xe6\
\xab>{\x99\xdcpA\xa3k\xb5\x5c\xab\xea\xdf\xfe\xd0\
4\xf9\x9f[.\xb6\xc3|>\xd7\xd23\x9c;\xde\xdd\
\xc8sm\x07\xc2}\xed\x0e\x22\xa0\x03\x00\x01\x1d\x00J\
\xee7c\xadD\xean\x0d\xf5)\xaaaY\xb5\xf7\x8d\
\x0ff.\xb9\x06\xfd\x1f\xfe\xe1ti\x1e1\xb44\xc3\
\xb8u\x8b\xc4nnKu\xb9\xe6\xe3\x94I\xcb}\xff\
s\x98\xa3\xee\xb4\xa1\x94\xaf9\xce\xa7N\x9c\xa4\x9e:\
\xb7\xdcs\x8et\xcav{\xe7w\x1b\x9f\x07\x97\x92\xf3\
]W`s\xdf\xa9\xc4\xb9\xed\x893\xe1E\x12\xe6\xc1\
\xbb\xccEw;'N\xe7\xf2\xbek\xa7Y\x01}\xa2\
\xef\xcb\xaeA\xfd\x7fn\x99g\x05\xf9\xfe)\xe7\xcd\xf5\
%\x92|x\xc6\xe1\x1d\x14\xf7\x13\xe41J\x00\x00@\
@\x07\x80\x0a\x17\xa9\xbd1\xf4e\xd5\x1e\x5c\xd7^\xf1\
\xe7q\xf2\x883\x02\xdbVc\xed`;\xa4\xeb\x9c\xf6\
R\x0a\xe6^\x99\xdb\xbb\xe9Xz'0\xe3gc&\
=\x0fz6~\xeb1\xbdk\xa8\xa7\xef\x93c'\xb8\
\xe4\xed\xe6\x10\xca\xddz\xce\xb9\x87rIk8'\xf1\
\xe7u;P\xe3\xfc\xa4\xbd\xfb+\xde=\xda\x12o\x9f\
\x99=\xde\xae\x9agK\xab\xec\x0f|l\x96\xe3>%\
5\xd3Ky\xa3\xc2\xf7\xf9Kx\xd3&~\xffC\xc7\
O\x0b\x00\x80\x80\x0e\x00\xd5C\x87\xb5\xd7\xdd\x12\xeaS\
\xe8\xb2jk\xf7T\xf6\x9a\xdf\xba\xe6y\x18\xee\x98{\
\x8e|\xf3\xaa)\xc5\x19\xf2\xee\x5cv.]e\x5ct\
5an8e\xe3\x9f\x993!\xe7\xcd]:a\xb8\
\xfc\xf1\xf41\xa1\x1dX\xea\xdd\xdf\xd8]\xd9\xbf7\x00\
\x00\x04t\x00H\x12\x19\x16\xee\xd0v\xed\xd8\xfe\xe0k\
\xed\x9c\xe8<h\x03\xb9\x7f\xf9\x83i\x05\x1d\xf2\x1e\xc9\
\x90\xf7\x9c\x97J\x93\x94\xe1\xe5\xc9\xd5r\xc7bzO\
\xca-\xa1\xd0\xec\xb4Y\xcf%\xd2\xc4\xdf\xf2m\xe9\xc3\
\xbf\x1d\xde\x88p\x1bJ\xeet\x88\xbe\xde\xe4\x90\xe4\xa1\
\xef&\xa1Z/\x99\xd6>K\xdf\xa6\xe3\xd2n\xa9\xe7\
4\xb5\xc2m\xfd\xef\x92\xf1\x0d2\xcem.\xb9O7\
\xda\x01\xbdo\xd8}\xda\xd0{\x8f\xe77\x09\x15r\x93\
6j 6\x02\xa2\xc7$\x8d\x10\x08\xd5\xa0F~\xc1\
\x00\x00\x01\x1d\x00J\x84.\xa9v\xc6\xb5\xa1>\x85.\
\xab\xa6\xdd\xdb+]k\xe7\xb1P\xb7\xdf<\xe2\x0c;\
\xa4\x97\xec\x9a\xe9\x1e\xdd\xdcL\xae\x9b\x92\xec\x9b\xc4e\
\xbf\xdf\xa6`\xdb5y<\x89c'\xf9\x1c\xce\x89\xce\
%\xcf\xd7\xa5\xd6kp\xdc\xb0!\xb9\x9f'\x93\xc7\xd7\
\x02\x0f\xe84\x89\x03\x00\x02:\x00\x94\x88H\xc8C\xdb\
\xb5z\xfe\xb3\x0d\x1dUq.\x8f\x9c:-\x1d!\xbf\
\x11\xa1]\xde\xff\xe1\xaaf\xb9>\x8bu\xd6s\x09\x96\
\xf1\xca\xa6\xbfj\xb9\xf4\x96\xc3\x1d\x9b\xbdym$C\
\xc1:9\x94&W\x9a\x8d\x9f\xf9\xe8\xc68o\xdfG\
\xc5\xdc\xa9\xe2o2V\xb8S\xca\xff\x89\xe70\xb1\x22\
l\xdc+\xe6\xbd5f\x93|\x93\x94k\x92M\x17\xfc\
\xc4\xbb\xd6\x0f\x0ef\xaa\xc4\xb5\x93G\xa7_[\xc7\x97\
\x93ss;\xd7\xb9\xea\x85\x0c\xe7\xea\xf8&\xfe!\x00\
\x00\x02:\x00\x94\x80\x9a+\xa2\x15\xf4\x10\xfd\xf3K\xdb\
\xec\x90^-~\xb9e_A\x9e\xe7\xab\x97\x9f+\x9f\
\x9b9>\xbf7g\x5c\x02m\xe6&c\xf1\xfb\xa5w\
`\xf7\x95\xb6\xdd\x86\xa4;\xa5\xe1\xd8\x90g\xe7\x06l\
\x9e\xed\xd9\x9d\x9b\xbe\xb9\x85\xe3\x94\x86m\xc6\xd7p\xf3\
\xf4\xe7O~\x9a\xd4\xe7u\x0a\xe3\x09\x13\x00\x9c\x82\xac\
W\x07\xfb\xd4\xe6y)\xe1\xd7\xf1\xf9{D\xde\xdc\xd3\
\x1d\xc8k\xf0\x8f\xdf3\xd6\xe9\xbd\x9d\x94C\xf5h\xf1\
\xeep<&\xbd\x9d_\xf8I\xfd\xdd#\xfc[\x00\x00\
\x04t\x00(\xbeH\xc3\xe2P\xb7\xaf\xc3\xda\x7f]\xa0\
\xc0Z*\x1eY\xbf\xbb`oH|v\xe68+\xa8\
\x9fW^'\xc8\x84|\xff2\x16z\x93\xb8\xd8\x13\xbc\
\xb97\x98\x80~\xc1Yu2\xbe~\x08\xbfH\x01\x00\
\x04t\x00\xc8[\xed\x0d\xd1\xee\xed!\xfa\xbb\xe7\xdf\xae\
\xba\xd3\xaa\xc3\xdc\xbf\xfe\xdc\x96\x82=\x9f\x0eu\xf7\x1d\
\xd2Mr\xe3-\xe3\xd5\xb8-\xa5\xac\xedY-O\x0d\
\x81~\x96Gs\xaaj{\x0caw|\x22\x8f\xd5\xc8\
\x92\x86\xb1\xbb?4\xe3Jf\xde\xe70a\x1fMr\
\x03\xbbK\xc6\xd5\xcb\xb43k\x1dWt\x13q\x1a\x05\
\xe0p\x88\xe2\xf15\x97\x11\xf2}W\xc8)\xf5G\xef\
\xb9\xe3\xd0\xf1\xc0B\xfa\x1f4\x8f\xf6^_>qh\
\x841\xe9\xcd\xedzOk\xdf\xe8\x81\xe4\xc6y&\xda\
l\x0e\x00P\xd1\x06p\x0a\x00T\xb5~\xb5\x12\xa9\x0b\
\xb7s\xbb.\xa9V\xe9\xcb\xaa9\xe9\xde\xd5%\xff\xf1\
\xab\xd7e\xdf3\xad\xf2\xad\xdb\xaf\x91\x86\xba\x9a\xd0\x9f\
SCzk\xe7Q\xf9\xf1\xfa\x0e\xe7\x5c\x16\x0f\x96\x85\
\xe2\xa3\xe7\xda\xc2)g\xc9\xd4\x91Ce\xca\xc8\xbe\xae\
\xf4\x1b\x0f\x1c\x915\xbb\x0e\xc9S[\x0f\x88\xf1\xb9\xe1\
\x82\x16\xd8=\xce\xa1\xae\x0f~\xcb\xacq\xf2\xf1\xf3\xcf\
\x96q\xc3\x92\xaf\xf9\xcf\xad\xeb\xb2t\xd5V\xd9y\xf8\
\x84\xef\xf3\x95\xed\xf9u\xfc\xbe\xc7\xfd~\xfa\xfa.\xf9\
\xda\xd5S\xf2>%\xd7Z\x01\xfd\xdf^\xdc\x16\xc8k\
\x04\x00@@\x07\x80\xaa\x14\xa9\xbd\xd1\x0e\xe9a\xfa\xe7\
5\xdb\xaa\xe6|\xbe{\xf2\xb4\xec\xdb\xb4[\xf6\xac\xdb\
!'\xbb\xa3!\xace\xeb~Y\xbby\xaf\xdcg\x85\
\xf4\xf9\xb3'\x84\xbe\x0fw\xccm\x92\xeeS\xa7\xe5\xf1\
\xb7\xf6\xa5\x05J_U\xe1l2\x9eq\xff\xefL=\
\xbe\xbe0g\x82\xfc\xe9\xf4F\xc75\xdd/\x1aS/\
\x9f\x9e>\xd6\x0a\xeaG\xe5+Oo\x92\x8d\xfb\x8f\xfa\
\xe8\x84\xeer\x0c\x09Ei\xcf\xf7&L\xa6S\xe3\xd1\
w=\xf6\x1f\xef?\xf7L\xf9\xe6\xfb\xa7\xda!\xdd\xc9\
\x1fMk\x94\x0f\x9c;J\xbe\xbeb\xb3\x1d\xd6\x93\xae\
J\x8e\xe1\xdc\xb8\x1d\xbbC\xc39\xa7\xbb\xfd$\xa0\x80\
~\xe99#\xa4\xbef\x80\x1c:q\xda\xe5D\x9b\xf4\
}N|]\x1a\xf7\xfb\x17,\xc4\x1f}\x89\x7f\x14\x00\
\xa0\xc8\x18\xe2\x0e\xa0z\xe9\xb0\xf6\x90;\xb7\xeb\xbc\xf3\
\xb7\x0e\x1e\xab\xf8Syl\xff\x11y\xfb\xa9\x0d\xf2\xf2\
\x7f<#\xdb\x9f\xdd\xdc\x1b\xce\xe3\xd6\xb5\xee\x91\xab>\
\xff\x9fr\xc7}\xbf\x93\xae\xee\x13\xa1\xef\x8f\x0euo\
\x1e~F\xfaP\xe2\xd4\x80\x97\xd6b=\xe5[>\x86\
\xab\x8bw\xef\xb3\xb4\x0dj\xf7\xf9\x9f}l\xa6|~\
\xcex\xc7p\x9eH+\xeb\x0f\xfd\xe1{\xec\xea\xba\xf3\
\xd0uqh&\x97\xbeO\xae\x01\xd7g\xd7q\xe3p\
nRw\xe4\x1bV0\xff\xde\xf5\x17\xba\x86\xf38\xfd\
\xfe7?x\xbe\x9c?\xaa\xd6\xbdI\x9dK\xb3:\xc7\
\x06y.\xc7\x9e\xdcM\xdf8\x86vu\xd8\x0a\xd4\xbf\
\xde\xbc7\x90\xd7\x9d.\xb9\x96\x18\xba\x13?K\x9c\x02\
\xe0\xd9\xc1\xbf\xf7\x9cK\xda4\x84\xcb\x9aF\xf2{\x1b\
\x00\x08\xe8\x00P\x99\x22\xc3\xc2\x1d\xda\xae\x0d\xd2\x1ez\
\xad\xbd\xa2\xcf\xe1\xfe\x8d\xbb\xe5\x8d\x9f\xae\xb1o\xfay\
&K\x1fY#s>\xfd\x80\xac|e{\xe8\xfb\xf6\
\xaf\xd7^ \xb5\x83B\x1a(\xe6k\x92v:\x0d\xe4\
\x0f\x5c?\xdd\x0e\xde\xd9<\xa6\xc5\x0a\xe9u~\x96\x04\
+\xd2pi{H\xfb\xb4\xec\xfa8\xfc\x9buL\xa5\
\xe2\xd7\xad\xc14p\xbcv\xca\xe8\xfc\xaf\x8f\xc9\xfd\xf5\
\x957\x96Y\x03\x00\x02:\x00\x14\xc5\xc0\xc9\x22g\x5c\
\x1b\xeaS\xfc\xdc\x0a\xac\xbbC^\x0b\xbc\x18\xb4:\xbe\
\xed\xd9\xcd\xf2\xd2\x7f<cW\xcd\xb5z\x9e\x8d\xb6\x8e\
C\x05\xa9\xa6k\xb0\xfd\x87\xab\xa7\xa6W{S\xca\x98\
I\x0d\xdf\x9c\xd6\xf7\xce\xd4\xe4\xcd5`%7}\xd3\
\xff}~\xce\x84\xac\xc2y\xef\xb1X\xe1|Q\xeaR\
^nM\xda\xc4g\xe3:\xaf\x8c\x98R5w\xdcF\
\xec\x93\xf3G\x0d\x95\xbfz\xdf\xe4\xac\x8fI\xe7\xa7\xeb\
\x90w?\xd5r\xe7wE\xd2\x17jwl>\xe7\xb5\
p}\xec\xda\xfcz\xf3\x9e@^s:\xcc=~\xfe\
z\xafM\x8f\xd87\xa7e\xf3\xfa\x8eO\xef\x17\xbd9\
\x9d\xf2\xf8'\x17\x9e=,\xdc\x1fn\x96Y\x03\x00\x02\
:\x00\x14C\xa4\xfe\xb6P\xb7\xaf\xd5\xf3\x9fo\xe8\xa8\
\xa8svp\xeb~i\xfd\xd5\xeb\xb2\xf6\x07\xabd\xf7\
k;\xed\xf9\xe6\xf9\xd0j\xfaU_\xf8\x91=\xfc=\
,s\xac@\xf3)\x0d\x81i\xb1'\xf3\x97\x82\xa4\x9b\
\x1f[W#\x9f\x9e>&\xe7m\xdc4}lr\x8a\
\x0di?\xb3\xbd\xe7\x92\x8b'\xe6\xfc|\xb7\xce\x1e\x9f\
\xf6\x9eCH;\xec\xf9X{\x98{k\xfe\xc3\xdc\xc7\
7\x0c\x91\xf1\xf55\xa1\x1d\x84\xceq\x0f\xf7\x17\x17s\
\xd0\x01\x80\x80\x0e\x00\x856xV\xf4\x16\xa2\x7f~i\
[\xc1\xd6\x00\x0f\xd3\xbb\xa7NK\xfb\x9a6;\x94k\
8\xd7\x90\x1e$\x0d\xe7\xb3?\xfd\x80\x1d\xd6\xc3\xf2\xb9\
Y\xe3\xa5vP\xff\xb4\xa5\xd1\xd2\x96\xb8r(\xce\xba\
M\x91NJ\x94.K\xa4\xa5~\xe9\xaaXu5W\
ZE\xb7\xab\xef=\xc6c\xe9\xb5\xf4cp\x9d_.\
\xe9\xcb\xbdIj\xe5\xdc\xb5\xfa\x1c\xa5o:hc\xb8\
\x5cM\x1b]'\xe7\x8f\xaasX\x9a,\xfdB\xf4\x9d\
\xcf\xbee\xc8z/\x81\xa4,\xd5\xe6\xdcA\xce\xf1\xb1\
\xf1\xbb\x07\x11\xd0U\xbc\x8a\xeeU\xc2O\xda_\x13\xab\
\xb0\xa7\x1d\xb2I\xdb\xc6\xe5\x13C\x9c\x83~j\x17\xff\
6\x00\x00\x01\x1d\x00\x0a/2\xfc\xceP\xb7\xaf\xc3\xda\
\xb59\x5c9;\xdc\xde%o?\xb9A^\xfa\xfe3\
\xb2s\xcd\xd6\xb4\xa6oA\xd3\xe1\xee\x1f\xfb\xd2\xa3\xa1\
\x0cy\xd7\xa1\xee\xff\x9f[\x9571\xa89\x7f\xcb7\
\x93\x92\xdbSig\xf6|\xcd\x1d\xd3\x90\xd3\xbee\xde\
\xf9\xdcN\xc0\xb4Q\xf9\xaf\x80\xf0gs\xc6\xfb?\xb1\
\x9e\xdf3\xfe\xbf\x97p\xc8\xf1\x8f\xcfo\xeb\x0c&\xa0\
\xfbm\xe4\xe6\xf4\x0eK\xef\xfb\x0a\xe9\xab\xc4\xeb\x87\xf1\
\xda\xf80,\xc7[\xf9\xc7\x01\x00\x08\xe8\x00P`:\
\xef\xbc\xff\xd9\xa1>\x85V\xcf\xcb\x91\xbdD\xda\xc6\xdd\
\xf2\xdaO\xd6\xc8\x86e\xaf\xda\x9f\x17\xd2\xf2\x95\xad\xa1\
\x0dy\xff\xf0\xe4\xd12e\xc4P\xe7Rxb%6\
S\xe7\xf3\xde\xcc\x94\xdc\x1d\xde\xa4tNwzP]\
\x00\x0d\xeb\xe6\x8e\xad\xf7\xb1o\xceY\xd5\xa9Z\x9e\xb4\
\xc3I]\xe9c\xa3\x0d\x8c\xd3\xad\xefaZ\xfd\xce\xd7\
\x07\xce\x1b\x95~\x10\x89s\xb4E\x5c\xfa\x088\xbd\xd3\
\x22\xae\x95k\x93\xd2u?\xf1\x01z\x5c;\x0e\x1d\x97\
7\xf7t\xe7}<\x97i\x05=\xf1\xf9\x93z\x17\xc4\
\xc6p\x98\x94\x0a\xbfq\x0a\xe7\xc9Y~|\xc3\x192\
\xa1aHx?\x80'h\x10\x07\x00\x04t\x00(\xe8\
o\xbcZ\x89\x84\xbc\xac\xda\xda=\x87\xe5\xd9\x1d\x07\xcb\
\xea\xb4hu|\xcb\x93\x1b\xe4\xd5\x1f\xac\xb2?f\xdb\
\xf4-H\xf6rl!\x85\xf4\xa4*z\x16a\xbco\
XtB\xc37\xe3\xb2\x5cVJ\xe8KZ2+\x00\
S\xcf\xacuL\xdd\xc6c8~\xd2\xbe\xf7\x98\xde!\
\xf2\x9ea\xd7O\x17q\x13L\xabq]v\xed\x03\xe7\
\x9d\x99\xfc\x06\x808/\xe5\x96xK\x0a\xbbiY\xd8\
\xa4]g\xe7\xb7,\x92\xbf\x14\xd4<\xf4a5\x03\x1c\
\xae\x89q]\x9eO$1\xbc'|?\xa1\xc1\xdc\xe5\
\x13G\x84\xfb\xc3w\xe4e\xfe\x8d\x00\x00\x02:\x00\x14\
Nd\xe8\x0d\xa1W\xcf\x1fZW>\xcb\xaai\x85|\
\xfd\xb2W\xe5\xd5\x87W\xd9\x9f\x9f\xce\xb3\xe9[Pt\
\x98{\x18!}Nc\xbd\x8c\xa9\x1d\xec\x9c)\xfd~\
\xcd;\xcb{\xdax \xff7>t\xce\xb7\xbd\xce\xb8\
\xdf}\xcb\xf2\x9d\x01\xe3w\xc3\xb1\xedjs\xb5 |\
\xe0\xbc\xd1\xb9=\xd0x|1\x87\xf7\x0e\x82\x1a\xe6\x1e\
F\xb7\xf5\xcb&\x86\xbc\x06:\x0d\xe2\x00\x80\x80\x0e\x00\
\x85\xfbmW+\xa2\x01=D:\xef\x5c+\xe8\xa5L\
\xab\xe5;\xd6l\xb5C\xb9V\xcbu\xaey)\x0a+\
\xa4\x7fn\xf6\x04\xf7\xe2p\xeaPn1I\x8d\xbaL\
\x86!\xec}Us\xe7\xfbl\xdc\x7f4\x90c\x98:\
\xb26\xe1\x19\x9d\x0a\xf8\x09\xd5r\x8f\xa5\xd5\x8c\xc3\xff\
\xdc3\xbd\xf3\x09xag0\xa3E\xe6\x8d\x1f\x9ez\
*\xdd\xd7Hs\xfcRb\xfb?\xe9\xab\xa6\xbb,\xad\
\xe7xX\xd6\x7f>g\x05\xf4 \xdet\xb0\x87\xb9\xa7\
\xbepz\xc4\xa1r\xde\xf7\xbaq\x5c\x0a\xb0\xf7\xd6\x13\
n\x83\xb8C+\xf87\x02\x00\x08\xe8\x00P8\x91a\
\xb7ECz\x88\x1ez\xadt\xab\xe7\x1a\xc47\xfd\xf2\
uy\xe5\xe1\xe7e\xe7\xea\xf0\x9b\xbe\x95jH\xbf\xd2\
\x0aNNs\xc1M^K\xaf\xf9\xab\xd8\xae\xd9\x15\xcc\
\x9b!s\xc76\x88W\xc3\xf3\xbc\x18\xdf_\xb4\xad\xdf\
wDv\x1e\xce\xff\xb54\xae\xbe\xc6\xee\xe8\xee\xbb\x80\
\xefu\xfcN]\xf9\xfd^_\x13L\x15=\xad\x82\xee\
\xb7\xd2o\x9c\x1f0\xbd\xb1^&\x84\xd9 \xee(\xd5\
s\x00 \xa0\x03@\xa1\xe8\xb0vm\x0e\x17\xa2\x16+\
\x9c\xef9r\xb2\xa4\x0e[\x87\xacw\xac\xdba\x87\xf2\
7\x97\xbd\x22\x9d[\xcb\xaf\xb3\xbc\x86\xf4[\xbe\xfeD\
`\xdd\xdd5\x9c_\xd9\x94\xb2\x0c\x961\xfe\xf2\x9c\xf1\
n\x9a\xe6\x9e&\xa3wh\xb7\x82l{\x00\xc71\xf5\
\xcc\xa1i\xdbN\xeeR'\xae\x05\xe7\xa4jy\xc6\xa6\
k)M\xe1$\xbd\xb0\xab_x\xf4\xcd\x8e@\xaeM\
R\x15\xdd\xa3\xd3\x9dq\xb8\x1ei\xcd\xd6\x5c\x1a\xc8%\
\xf5\x0ep\xb9[`\x01=\xe5\x92$^.\xe7p\xee\
\xd0\xd4.\xe6\x93\xb3\xc7\x87\xfb\x83F\x05\x1d\x00\x08\xe8\
\x00P(\x91\xfa\xdbB\xdd\xbe\xaew\xfe\xf3\x0d\x1d%\
s\xbcG\xf7\x1f\x91\xb7\xec\xa6o\xcfK\xdb\xb3\x9b\xcb\
\xa2Z\xeeE+\xe8\xf7|\xff\xd9\xc0\xb6\xb7`\xc2\x88\
\xf4\x06n.A51\xd4\xfa\x96\xd2!\xdd$\x84\xc3\
 \x86\xb9\x8f\x1dV\x93\xd6}=\xb5\xe1]J\xd4\x13\
\xa7\x8e\xe2~\x0e\xc11\xe5\xa7\x84\xda\x07^\xde\x11\xc8\
u\xb9\xc4\x0e\xe8\xc9o\x1e\x18\x87\x06x\xbd\x9fE<\
\x8f@\x9c\xd6\x1ew\x8c\xff)\xef<\x04\x11\xd0\xb5Q\
\x9cI\x09\xd9\xc9C\xdac\x0d\xe0Lz\xaf\xbd\xbe\xaf\
\xf5\xbdF?5'\xc4\x80~|\x13k\xa0\x03\x00\x01\
\x1d\x00\x0ad\xf0,\x91\x9a+B}\x8aG7\xee\xb6\
Cz\xb1\xed\xdd\xd8!o.{U\xd6\xfdd\xb5\xec\
\xb3>/\x95\xa6oAX\xfa\xc8\x1aY\xf9\xca\xf6@\
\xb6ue\xd3H\xa9\x1b8\xa0\xa0\xfb\x1f\xcf_k\x02\
\x98\xf3\x7f~j'w\x97\xe7*\x94\xc3\xd6\xeb\xec\xb7\
o\xe5?:c\xde\x84\xe1\xd9?(\x12\xfc\xf1\xbc\xb1\
;\x98>\x12\x97y\xad\x87n\xfc\xbfp>5{\xbc\
\xd4\xd7\x0c\x0c\xef\x02\x1e|\x8c\x7f'\x00\x80\x80\x0e\x00\
\x85\x11\xf6\xb2j\xbb\x8f\x9c\x94\x87\xd6\xed,\xda\xf1i\
u|\xeb\xb3\x9be\xf5\xf7\x7foW\xcd\x0f\xb5\x1f\xac\
\xd8ky\xeb=\x8f\x07\xb6\xad+S\xc2So\xa5<\
e\xf8\xba\xd3\x90\xf1\x84\x078\x0fy\x97\xe4\xa1\xe0\x89\
\x8f\x0d\xaaQ\xdc\x98\xba\x1a\x97]\xcb\xb0\xf6\x9ac\x06\
L_\xf3\xdc\xab\xb9\x9c\x93\xdf\xbe\xb5?\xefc\xd2\xee\
\xf4c\x87\x0d\xf1X\xe5\xcda\x14@\xda~\xf6-\xb2\
\x966\x1c\xdf\xe94\xf5\xa4\xac\xb9\x1e\xbb\x05QE\xaf\
\xaf\x89\xbd\x09\xe4<\x0c \xedz%\x0d\x7f\x8f\xedO\
\xfd\x90\x81\xf2\x97\xd7L\x09\xf7\x07\x8b\xe1\xed\x00@@\
\x07\x80\x82\xd0y\xe7\x83f\x86\xfa\x14-Ej\x0c\xa7\
\xf3\xc97\xfe\xf2uy\xf9\xe1\xe7\xedy\xe6\x95T-\
w\xd3\xd6qHZ\x9ex=\x90m\xbdwL}J\
`\x0b\xb8\xee\xec\xb2\xb9\xd5\x01u\xcd\x1f\xa7\xc3\xdc\xfd\
>i\x1e\xfb\xeby\x7f\x93\x18\xd0\x83\xe9o0\xbe\xbe\
\xc6\xd7s:\xf7R3\x1e\xdf\xcb\xee\x98\x83\xa8\xa2g\
^j\xcd\xb1\xd1A\xd2q~\xfe\xb2I\xe16\x87\xd3\
p\xce\xf0v\x00 \xa0\x03@!\x84]=\xd7%\xd5\
ti\xb5B9}\xea\xb4\xec\xb2\xc2\xf8KV(\xd7\
p^\x8eM\xdf\xf2\xa5C\xdd\x03\x09\xe8\x8d\xf5I\x95\
\xe3lBj\xef\x12l^\xd5\x5c\x87,\x16\xcf^\x1b\
\xf7\xe7\xbf\x1e\xfa\xd4\xdea\xee\x1e\xcb\x90\xa5>\xb7\xf1\
\xa8\x96\x8b\xf7\xfe;\x8d\x08H,\x0c\x1f>\xf1\x8e\xac\
\xdf\xdb\x9d\xf7q\xcd\x9b0\xc2agR+\xdc)\x13\
\xee\x13\x17Y\xcbp\x0d\x1cOWZ\x85\xdd\x04\x12\xd0\
'4\x9c\x91\xf6\xc6OZ\x93\xb8\x84\xd7\x94\xa4\xbc\x0e\
\xb5s{\xe8\xd5\xf3\xc3O\xf3\x0f\x05\x00\x94\x98\x01\x9c\
\x02\x00\x15I\xd7<\xd7\xee\xed!jYW\x98\xea\xf9\
\xa1\xf6.{~\xf9\xde\x12jDW,\xda0No\
3\x9a\xcf\xcak;c\xea\x06\xcb\x98\xda\x1a\xd9\x95\xa9\
\x81\x9e\xe9[\x82-S\x97w\xa7<\xd8\xb7\x8d\xbe/\
\xb4\x1f>\x99\x10\xb0s\xa3\xc3\xc1\x93Z\x9a\xbb=g\
\xea\xce\x1a\xff\xfb\x9f\xba\xbd\xc4\x90\xe9t\x22^\xd8\xd1\
\x15]*-\x8c\xe32\xe9\xc7`\x22\xc6\xdf\xf50\xe9\
\xdb\xf1\xaa\xc0\xeb\x87\x1d]\xc7\xf3~\xad\xda\x8d\xe2\x92\
\xae\xbd\xf1>\x9e\x94c\xf8\xee\x0d\xe1\x8e\xfe\x91w\xbb\
E:\x99\x7f\x0e\x00\xa5\x86\x0a:\x80\x0a\xfc\xcdV\x1b\
z\xf5\xfc\xd9\x1d\x07\xed\x0azXt\xc8\xba\x86\xf2\xb5\
\x8f\xac\x967~\xf1\x0a\xe1<AP\xc3\xdc\xa7\x8c\x1c\
Z\xb8\x9dN\x9a\x87\x9e\x7f\x05\xfd\xfcQ\xb5\xbe\x9e\xab\
\x90\xd6\xef\xcb\xbf\x82\x9eo\xc0\x0f\xcasmA\xccA\
\x1f\xe8\xff\xcd\x83\x94\xfb\xfc\xdf\xeb/\x94\xe9\xa9\xd30\
\x82\xc6\xdcs\x00 \xa0\x03@!D\xb4z\xde\xaf6\
\xd4\xe7\xf8\xceK\xdbB\xd9\xae6}{\xfb\x99\xcd\xf6\
\xdc\xf2\xcd\xbf\xdb`/\x99\x86d\xcbW\xb6\x06\xb2\x9d\
x\x15\xbbo\xf8\xb6S\xc37\xef\xf5\xc2\xd3\xbe\x95\xd8\
\x94\xac'vK\xa9\xd2\x061\x0f}\xd8\xa0\x01\xc9\xfd\
\xd2\x12\x97B\xef\x1b\xf0-nk\x89;fE\x97\xed\
\xb95bK\xdd\xd0\xceC\xc1,\xe7\xe7t-\x1c\xf7\
\xdd\xe7pv\xef\xe6w\x09M\xdaz\xe2K\x9fE\x0f\
>\xdf*\xfa\x85\x8d\xc3\x92O\xa2\xbd\xb4\x9a\xb1o\xa9\
\xfb\x99\xb8+\xd7M;[>\x7f\xf9\xa4\xf0\x7f\x90\xf6\
|\x8f_&\x00P\x82\x18\xe2\x0e\xa0\xb2\xe8\xb0\xf6\x90\
\xab\xe7?\xdf\xb8\xdb\xee\xde\x1e$\xad\x96\xef\xd9\xb0\xbb\
\xa2\xbb\xb0\x07E\x9b\xc5\xe9\xad\xa91\xbf\x0acr\x05\
=\x80\xb2\xb3\xcfM\x1c\x0e\xa0\xa1\xdf\xd8a5\xe1\x9c\
\x5c=\x86Hn\xc7\xf5\xc2\x8e\xfc_\xbb9-\xb5\x96\
\xe3u\xc8tG\x0d\xe8:L=4\x0eO\xafU\xf3\
\xef\xde0+\xfc\x1f\xa2#/\xd3\x1c\x0e\x00\x08\xe8\x00\
\x10\xbe\xb0\x87\xb6\xebz\xe7-\xaf\x05\xb3\xac\x9aV\xcb\
\xf7l\xe8\xb0\xc3\xf9\x89\xc3'\xb8xY\xd05\xd1\x9b\
\xae\x9b\x9e\xd76\xea\x06\x0d\x88U.\xfd\xcde\xf6\xd5\
\x1d<iS\xc61\xebn\x08`T\x84\x06t\xe3w\
R\xbcG\xc5\xdc1\x9c;V\xa5\x9d;\xc7\x99\xecS\
\xb1\x8f\xe0j2=\xad\xeb\x17M\xc26\x8c\xe3\xf0q\
\xe3q\x0c\xc9\xb6w\x1d\x93KeDp\x87\x92\xf8\x1f\
=\xe9\xfb_?d\x80=\xef\x5c\x97V\x0b\x1d\xd5s\
\x00(Y\x0cq\x07P9\x06\xcf\x8a.\xad\x16\xa2G\
7\xee\xb6Cz>\xb4\xe9\xdb\xe6'7\xc8\x9a\x96\xe7\
e\xfb\xea\xad\x84\xf3\x5c\x02\xfa\xcb\xf9O1\xb0\x97Z\
\xf3\xb1N\xb8\xbf$\xe6\x1e&\x9drb{ \xd7<\
\xc30\xf6\x94e\xc9\x1c\xd7\x05O\x1d\xee\xed8\x8c\xdd\
8\x8e\x0a\xef}s#\xe1\x1c\x06\xd1\xc9=eT\xb8\
\xeb\xa8t\xa7\xfb9\x0e\x83Ox\xc3$u\xe8\xbeq\
\x1c\xcf/\x815\x8a\xbb|\xd2H\xc7\xe1\xf5\x89\x1d\xe9\
\xe3\xb7\xff\xbcin\xf8\xf3\xce\xd5\xf1M\x22G^\xe2\
\x97\x08\x00\x94(*\xe8\x00*F\xd8\xd5\xf3\xddGO\
\xcaC9V\xcf\xb5\xe9\xdb\x81\xad\xfb\x08\xe4\x01\xd1!\
\xee\xe5$5\xbb\xb7w\x9f\xc8{\x98\xbav<\xcfk\
\xb8|\x08\xcd\xe4\x82\x18\xbe_\x8d\xfe\xe5\xc6YV\x98\
?\xb30O\xb6\xffG\x9cp\x00 \xa0\x03@\xc8j\
\xae\x10\x19\x14\xee\xb2D-\xafe\xbf\xac\x9a6yk\
_\xb7C\x0e\xbc\xbd\xcf\x0e\xe9\x08\x86\x0eq\x0f\xc2E\
c\x1ad\x8dG\xd3\xb6\x8c\xa3\xc8\x1d\xab\xe6\x99\xd7U\
\xef\x0e\xe0\xb5p\xfe\x99u\xf2b\xbcg\x81\xc3S\x9a\
\x8c\xfbm\x1c\x0e\xc58?\xc4x\x1f\x9f\xc9r\xf9\xb6\
\xac\xdf;p[[\xde\xed\x0eI\xc5\xf0\xf4\x07\x1b\x8f\
\x93c\x82\x18Q\x11\xdfVO\x86\xe7\xb5>|\xd7\x0a\
\xe7\x9fz\xef\x84\xc2\xfc\xe0\xe8\xdcs\x96V\x03\x00\x02\
:\x00\x84-R\x7f[\xa8\xdb_\xb7\xa7[~\xb3e\
\xbf\xef\xfb\xef\xa1\xe9[\xe8\xba\xbaOHC]Mh\
\xdb7!\xde_\xe7\xa1_\x1dp\xc5\xd4\x04q\x10~\
\xb7a\x829g\xc5\xbd\x10\xdew\xdc\x1e\xc0\x10\xf7L\
\xe7\xb0\xa0\xe1\xdc\xfe\xc5\xc4\xdcs\x00 \xa0\x03@\xd8\
t\xde\xb9vo\x0f\x91\x9f\xea\xf9\x89X\xd37\xad\x98\
S-\x0f\xdf\xba\xcd{e\xfe\xecp\xc2\x8dg\xe5\xdc\
\xa9\x9a\x9c\xf8\xad\xd0\x92r\xfa\x16\x8dS\x05\xdf\xebk\
\xc6m\xcfS\xee\x1b\xf18\x11N\x95\xf3\xb0\x16_\xf7\
|s\xc0\xb8\xefZb\x93\xb8\x0c\x17\xc7\xf1~:\x07\
\xfd`0\x01=\xb9\x8a^\xa4\xca\xb9\xd2\xea9s\xcf\
\x01\x80\x80\x0e\x00\xa1\xeaW+\x91a\xe1V\xcf\x9f\xdb\
qP\xd6\xee9\xec\xfa}\x1d\xbe\xbe{\xe3n\xfb#\
\xca\x8b.\xb5\xa6C\xdc\x03*\xba\xe6\x17<\x0b\xc6G\
\xc7wS\xda\xd7\xcdq\xd8\xba\xe7;\x14\xd9\x9f\x96K\
'\x8e\x08\xed\xd4\x17<\x9c\xab\x9d_\xe5\x07\x1e\x00\x08\
\xe8\x00\x10\xae\xc8\xd0\x1b\xec\x90\x1e\xa6\xef\xbc\x9c>\xdf\
\xf9\xf4\xa9\xd3\xbd\xd5r\x9a\xbe\x95\xaf\xba\xc1\x03\xc4\xcf\
j\x5c\x19C\x9e\xc9.\x10o\xd8w$\x9c\x03\xcaX\
Q7\xee\xbb\x9b\xe1\x04\x18\x93\xf9\x90/8\xab.\xd8\
c\xf0\xb1\xef\xc6m(\x81\xc3\x8e\x1b\xa7c\xc9bt\
A~\xc7bdX\xcd\x00\xf9\xbb?\x9c^\xf8p\xae\
C\xdbY\xf7\x1c\x00\x08\xe8\x00\x10\xeeo\xb0\xb3\xad\x84\
\x15n\xe7v\x1d\xda\xbe\xfb\xc8\xc9\xde\xff>\xa2M\xdf\
\xd6\xee\xb0\xc39\x8aK\x1b\xc5\x05>\xc4\xdd\xf8\x08\xbc\
\x19\xe2\x9bc\x93\xb8Hr0<|\xeat\xb8\xfb\x9d\
s0\xcf\x1c\xce\xbd\x86\xb5kg\xf9`\x8f\xc5d~\
\x83\xc0\xb85z3\xa9\xb9\xdb58;>m\x10M\
\xe2t#=\xd1\x0d\x0d\x1b2@\x9e\xf8_\x97\x17f\
)\xb5D\x1a\xcc\x99{\x0e\x00\x04t\x00\x08[\xd8\xcb\
\xaa\xe9z\xe7\xba\xee\xb9\xce'\xdf\xff\xf6>;\x98\x1f\
\xd9\xdf\xcd\x89\xaf$^C\xbaMn\x9b\x0a\xfe\xce\x85\
<\x1d>\xe6h\xbb\x1c\xc0\xb8\xfa!y?\xff\xe1\x13\
Y\xbeqa|\xeeo\x0e\xe7{\xc2\xf0\xfc\x8fg{\
\xe71\xfb\xe3\xf41\xc3\xe4q+\x9c\xd7\x0f\x19X\xf8\
\x8b\xba\xf3n~\xce\x01\x80\x80\x0e\x00!\x1b4Kd\
\xc8\xb5\xa1>\xc5\xf7\x9e{K\xd6=\xb9Avo\xe8\
\xa0\xe9[\xb5\x84t\xe3\xf5m\xe3\x1a\xf8\x92\xee\xe3P\
\x857a\xedvZs4\x8f\xa5\xc72\x04Vc2\
U\xd9\xddO\x8e~\x187,\xff\x8e\xfao\xee9l\
\x9fC\xe7\xaa\xb7{\xebx\xd79\xe9\xc6%\xbc\x1b\xaf\
k\x1a\xfdd|C\x10\x01\xfd\xa8\xfc\xaf\xcb'\xc9\xdf\
-|Oq^\xdbZ9\xa71\x1c\x00\x10\xd0\x01 \
laV\xcf\x97\xafl\x95\xa5\x8f\xac\x09l\xadm\x94\
QH\x0fk#\xae\x9d\xd1\xf3{:\x93\xcb1x\x84\
\xf3|\xce\xcd\xbc\x09\xc3\xf3>\xa4C>+\xe8\xbe\x9a\
\xc7\x9bL\xdb\xf0.\xb5_\xd88,\xef\xe3\xf9\xcf\x9b\
/\x96\xeb.h,\xcek\xfa\xf8&\x86\xb6\x03\x00\x01\
\x1d\x00\x0a\xa0\xe6\x0a\x91A3\x03\xdd\xa4\xae\xa9}\xff\
O^\x92\x96\xc7_\x93\xb6\x8eC\x9c\xe3*\x0f\xe9\xc6\
+Q\xe7\xba\x8cZ\xc2].\x1e\xd7\x10\xd2\x1b\x0b\x19\
\x16(7>B\xb9\xdf\xd4\x9fR\xad\x9f\x16@\x838\
\xad\xa0g\xaa\x9a\x1b\xaf\xfd\xf7\xc8\xdc&a{\xc6+\
\xed\x9bh8\xaf\xaf\xc9\x7f8z\xd1\xc2\xf9\xbb\xdd\x22\
\xdb\xfe\x9c\x9fi\x00 \xa0\x03@\xf8\x82\x5cVM\xab\
\xe4\x1a\xca[\x9ex\x9d\x13\x8b\x84\xe0\x16qJ\xa1)\
\x01^|\xcd]7\x09\x0d\xda\x22\x01\xeek\xfb\xa1\xe3\
\xe2w\x18\xbbk\xa85\xfe\xde\x5cp\x1cN\x9frn\
\xe6M\xc8\x7fY\xb2\x1d]\xc7\x93\xf6\xd13H;\x1d\
\xa7\xd7\xf4\x02\xe3\x1d\xca\x13\x9b\xce]6qdy\xbf\
\x90w|\x95\xae\xed\x00@@\x07\x80\x02\xd0e\xd5\xfa\
\x9f\x9d\xd7&\xb4Z\xbe\xfc\xf7\x9b\xe5\x9e\x7f\x7f\x86j\
y\x19\x9b1yt\xc1\xe2z\xee[pY\x1a,\x80\
\xbd\xdby\xf8x\xe0\x87\xe7\xbf\xbfZ\xf2W\xb5z\x1e\
D\x07\xf77v\x1f\x0e\xe7\xf2y\x8dzp\xf8\xde\x87\
\xce?\xbb|\x7f0tX\xfb\xe1\x15\xfc\x82\x00\x00\x02\
:\x00\x84\xac_\xadDjs\x9f{\xaea\x5cC\xb9\
\x86s\x0d\xe9(o\x0du5!n\xdd\xe4\x16\xdbM\
z8w\xfa\xf6\xc5c\x1b\xc2\xd9k\xa7\xe7wM\xdd\
\xc6q\xdf\x92\x06\xf7\x1b\x7f\x81\xf6\x86\xe9c\x02\xd9\xff\
7c\x01=\xbd\xeamr\xb8\x82&-\xa4\xa7^\x13\
\xa75\xd4\xc77\x9c!\x97M*\xd3\x0a\xba\x06s\xe6\
\x9d\x03\x00\x01\x1d\x00\x0a\xc1\x0e\xe7VH\xcf\x96\x0e_\
\xd7a\xec4}\x83[`6\x81o\xd7{\x8bc\xf3\
\xecx\xbeao\xb7g8\xf7|7\xc1G\xe5\xdcd\
yRn\x9c>6\xefs\xf6\xfc\xb6\xce\x0cW\xc9\xfb\
X\x8d\xd70\x05\x9f\x9d\xf5u\x1b_\xbe\xba\xb9<_\
\xcc\xda\x14N\x87\xb6\x03\x00\x08\xe8\x00\x10:\x1d\xd6\xae\
\xc3\xdb}\xd2j\xf9\xc3V0\xd7n\xecT\xcb\xe1\xe6\
\xa5\xf6C\xbd\xc1\xceq0\xba\xdb\xd0h\x93e87\
\xc9\xe1<\xdf\x80~X\x97\xfds\xdc\x0d\xe3=\xe7\xda\
x,\xc2f|\x86\xe2\x94B\xfa\x8d\xef\x19#\xc3j\
\xf2\xffsbU[\xa7\xc3\xd3\xa7O\xa47\x9eoH\
\x98\xb4\x87;\xcd\x99O\x9a\xe7\x9e\xb0\x9d\x09\xc3\xcf\x90\
O\xce\x19_\x9e\xe1\xfc\xed\xcfE\x9b\xc3\x01\x00\x08\xe8\
\x00\x106\xbf\x8d\xe1\xb4J\xae\xa1\x5c\x97JCe;\
\xa7\xb1>\xefm\x18\xb7\xffrj\xb0\xe61\xc4\xdb\x18\
\x7f\xe1\x5c\xff#\x88\x0e\xee\xeb\xf7\x1eqI\xcf\xe2\x10\
hM\xa6]\xca\xeaD\xa5\xde\xfd\x86\xf7\x8c\x0d\xe4z\
>\xdfv \xc3Z\xe7i\x17\xc4\xf3M\x09\x93\xfc\xce\
K\xd2\x90w\xe32d\xe0\xde\xeb.(\xbf\x1f\x04\x0d\
\xe5;\xef&\x9c\x03\x00\x01\x1d\x00\x0ad\xd0\xac\xe8\xd2\
j.\xb4B\xae\xc3\xd8\xef\xb7\x829M\xdf\xaaGS\
\x00\x01\xbd\x18\xae9\xf7\xcc\xbc\xb7\xd1\x9eo\x83\xb8\x80\
\xcc;gD \xeb\x9f\x1f>\xf1N4\xa0\x87\xc9x\
\x7f\xfd\x93\xb3\xc7\xcb\x87.(\xb3\xe6p\x1a\xca\xb5r\
\xae\x15t\x00\x00\x01\x1d\x00\x0a\xc1\xadz\xbe\xaeu\x8f\
]-g\x894\xe4j\xea\x99CeM\xfb\xc1hH\
s\xac\x12'\x94n\x1d\xd6H3^M\xcc\x1c\xca\xd4\
c\x86\xd5X\x01}T\xde\xfb\xbd~owRe\xdc\
uHw\xe6]\xf2L\xb0\xa6\xc7{?\xee\xbb>\x98\
\x8a\xf3\xaf6\xee\xf1^\xfe\xdc\xa12\xeex,&e\
\xcd5\x93\xe1\x98cM\xe2.\x9ft\xa6|\xe7\xc6Y\
\x84s\x00\x00\x01\x1d\x00<\x0d\xb9Vd\xe0yI_\
j\x89\xcd-\xd7\x80\x8e\xea\x14T\x07\xf7/_~\xae\
|z\xc6Xy\xf2\xed\xfd\xb2l\xfd\x1e\xd9\xb8\xff\x88\
\xfb\x9dM\x16\xdfp\xb9\xef\xdf\x7f`Z \xfb\xfd\xc2\
\x8e\x83\x0e\xe14\x9f-\xa6\x87^\x93a{w\x5cq\
\xae\x8c\xab\x1f\x12\xc8\xf1\xfcz\xd3\x9e\x1c\xce{\xea\xfd\
\xd2\xfb\x07\xf8\xb9d\x97Y\xe1\xfc\x077]T\xa6\xe1\
\x9c\xa9<\x00@@\x07\x80B\xd1e\xd5b\xd5s\x1d\
\xba~\x7f\xacZN\xd37\x04\xb9\x06\xfa\x18+\xec\x7f\
z\xc68\xfb\xd6~\xf8\x84\xaci\xef\xb2\x02\xfb\x01;\
\xb4;\x85:\xd7fr\x11\xe7@\xa9\x95n\xcd\x8e7\
\xcf\x1a\x1f\xd0\xfc\xf3n\xc9:M;\x86\xf8\xf4\x86j\
\xbe\xf2\xb0u\x87\x0b\xce\xaa\xb3\x03z\x10tx\xbbV\
\xd0\xbd\xba\xae\x1b\xe3r\xceS\x92\xb8Ix\x80\xe7\xe0\
\x86\xd8\xf9\xfa\xfc\xe5\x93\xe4\xde\x0f_H8\x07\x00\x10\
\xd0\x01 \x93\xc8\xd0\x1bd\xf93\xbb\xecPN\xd37\
\x14B\xb4\xc3\xfa\xd9\xf2\x91\xf3\xa3s\x915\xa4\xaf\xd9\
\xd9e\x7f\xdcq\xe8Dz\xe23N\x01>=Hj\
8\xff\xca\x82\xc9\x81\xec\xe3\x8b;\x0e\xf6eR\xe3#\
\x94K\xfa\x9a\xe0\x9e\x8f5\xdeoJ\x0c\xab\x19(?\
\xfb\xd3\xe0*\xce?Y\xdb\x1e=\x9eL\xa1\xdc$\x9c\
]\x97\xee\xec^oH\xe8\xf6&\x0c\x1f\x22\xd3\x1b\xeb\
\xe5\xd2I#\xe5r\xeb6}L\x99\xf51\xd0PN\
\xb7v\x00 \xa0\x03@!u\x1d\x1d(\xf7?\xd6$\
\x0f\xaf\xd8'm\xbb\x1f\xe5\x84 M\xa1\x1a\xc4]=\
\xe9L\xfb\xf6\x97\xef;\xcf\xae\xae\xaf\xb6\xc2\xfa\xea\xf6\
\x83\xf6G\xfd\xefL.\x1e7\x5cn\xbbd\xa2\xcc\x0d\
\xa0r\x1e\xf7?\x9b\xf7e\xff\xa0\x80\x16z\xd7\xe5\xd4\
4\x9c\x07\xb1\xacZ\xdc\xbf\xbd\xb05}w\x8d\xc7A\
\x18\x7f\xc76\xbdq\x98\x8co8\xc3\x0e\xe1\x97M\x1c\
)\x17\x8e\x19&\xf55\x03\xcb\xf7EO8\x07\x00\x02\
:\x00\x14\xd2\xca7F\xc8\xc3O\x8d\x93\x96\xa7\xe2\xcb\
6\xbd\xcbI\x81s@\x1f\xd3P\xf0\xe7\xd4\xea\xfaG\
\xa7\x9dm\xdfT\xf7\xc9\xd3vP\xdf\xb0\xef\x88\xbc\xb8\
\xf3\xa0\xbd6\xf9\xb0\xc1\x03\xa4\xce\xba\x9d?\xaa\xd6n\
\x06\xa7\x1f\x83\xa4\xcf\xb1j\xfbA\xf7d\xea\xb4\xcc\x98\
[\xf0\xf5X\xf2\xdd\xa9\xf9\xdd\xf8\xfa!\xf2\xfd\x1bf\
\xd9\xc3\xdb\x83\xf2|[\xa7l?x\xdc=\x95\x1b\xef\
\xd0~\xe1\xd9\x1a\xba\x07\xc8\x85\x8d\xf5v\xf8\xbel\xd2\
H\xfb\xe3\x85V8\xaf(\x07\x1f\x13\xd9q7?\xf8\
\x00@@\x07\x80pi\xb5\xfc\xbf_\x1c-K\x1f;\
G\xd6m\x1d\xc6\x09A\xd9\xd0 ~\xf5\xb9g\xda\xb7\
\xff#M\x05y\xce\xdfn\xde\xeb+\x9c\x07\xed\x83\xcd\
\xa3\xe5\xbe\x0fO\x0f\xb4r\xae\xbe\xf9t\xabc\xe8\x1e\
6d`\xef\x9b\x02\xe3\x87\x9f\x11\xfd\xbca\x88}S\
Z\x11\xaf\x1a\x1d\xff(\xb2\xffG\xfc\xc0\x01\x00\x01\x1d\
\x00\xc2\xb3m\xef\x10\xb9\xe7\xc7\xe7\xc9\xf2\x17\xcf\xb2B\
:\xbf\x8a\x00?\x1e|i\xbbc\x127\x19*\xe7^\
a\xdey\xb55\xd3\x1b\x90\xefx\xdf\xb9r\xc3{\xc6\
\x86r<\x7fq\xe5d\xb9\xe0\xec2\x1fz\x1e\x16\x1d\
\xca\xbe\xed\xcfE\x8e\xbe\xcc\xb9\x00\x00\x02:\x00\x84\xe3\
\xe1\xa7\xc6J\xcb\x93c\xed\xe1\xec@.\xfa\x0d\xad\x91\
g\xdb\x8fV\xddq\xef<t\xdc\xae`_2a\xb8\
\xec\xec:!;\x0e\x1d\x17\xcf\xb5\xc4\x1cBxjv\
\x9fw\xce\x88\xb4\x8eq&\x16\xcc\xe7\x9d3\x5c>\xd8\
|V\xe0U\xf3D\x976\x8d\xe4\x05\xedDC\xb9\x86\
s\xe6\x9b\x03\x00\x01\x1d\x88\x8b\xac;\xb8VN\xf7\xcc\
t\xfac/\xe9K&\xc3_\x86>\xbem\xfc<\xcc\
\xf5\x8fP\x93\xfdc2|\xcfx\xee\xa4\xffm\x19\x93\
\xe9\xe4ey~|\xaf\x83\xe4\xe79r8o\x8eO\
\x9fy\x9f\xb6\x1d\xa9\x93\x1f\xbe5Y~\xf8\xda$i\
\xdb;\x84\x1f.\xe4\xf6\x0f\xd6\xe8\xe1\xd2\x7f\xd4p\xe9\
W7T\xfa\x8f\xa8\xbe\xe9\x10\xba\xe6\xf8\x8f?\xf1^\
^\x08\x95.\xa0!\xed\xef\xec;%]+\x0e\xb8\xfc\
^w\xff\xf7\xcdd\xf5\xef\x94\xc9\xe9\xdf\x10\xbf\xdf4\
9\xfd\x1bn\x02\xfa\x1b\xc3d\xdal\xf6\xdb\xca\xe9o\
\x1c\x8f\xbf\x06L\x9e\xfb\xe3\xe7\xdc\xf8^)\xc2\xe7\xeb\
#\xdb\xa98&\xb7\xf3l\xb2\xdc\xde\x89\x0e\x96o\x05\
\x01\x1d\xe5`\xdf\x89+\xad\xff\x7f\xda\xba\xcd\x0c< \
g\xd3\xa17\x8b_\xd2&\xe3\xbf\x18\xfe\xf6\xcd\xf8\xf8\
#\xc6W@\xcf\xf5\x1f)\xcf?.r\xff\x83\xc8\x14\
8\xa0?\xb3\xbbQ\xbe\xb3\xfeByl\xfb9\xfc<\
!'\xfdj\x06\xc9\xc01g\xda\xe1\x5c\xfa\xf5\xb3_\
f\xc6p^P\x81N\xb4\x8a\xec\xf8j\xf4c\x00z\
N\xf6\xc8\xc9\x1d\xc7\xfd%\xd5\x8cA\xcb\xeb\xdf\x89,\
\x82\xb5\xc9.\xec\xfb^\x0e0\x94\x80\x9e\xbe\xad\xec\xcf\
\x8d\xf3\xbf\x93&\xebs\xe3|'\x93\xf3\xdfK&\x80\
s\x93\xbc\xad\xdc\xcfM\xf2\xc1\xe4~n\x92\xbf\x98\xd3\
\xb9\x01\x08\xe8(u\x91?Z\xdfe~>\xed\x96X\
Ho\xe0\x8c\xc0\x8fC\xa7\x06\xc9\x0f\xdfj\xb6\x83\xf9\
\xb6#\xb5\x9c\x10\xe4d\xe0\x99\xf52\xd0\x0a\xe5\x03F\
\xd6K\x8f1\xb1u\xb2\xf9\xcb\x0a\x15j\xef\xbf\x89\xec\
\xf9\x1e\xe7\x01\x00@@G\xc6\x90\xbe\xd6\x0a\xe9WZ\
\x7f\x1c\x13\xd2\xe1\xe9\xb5\xce\x91\xbd\xd5r\x0d\xe9@\xd6\
\xbfo\x06\xf4\x97A\x8d#\xa4f\xdch\x89\x0c\x1e(\
==&Z\x05q\xc8\xe5\xdb:\x8fs\xc2P\xfet\
\xae\xf9\xae\x7f\x08\xacj\x0e\x00 \xa0\xa3ZB\xfa\xcf\
\xa6\xc5\x87\xbb\x13\xd2\x91D\xab\xe5?\xdc<\xd9\x1e\xce\
\x0e\xe4b\xe0\xf0Z+\x98\x8f\x94\xc1cF\x88\xe9\x89\
U\xca\x13Cy$=\xa4o\xeb<\xc6\x89Cyc\
\xf94\x00\x00\x01\x1d9\x87\xf4\x1b\xec\x90\xfe\xd1XH\
G\x95\xd3\xa1\xeb\xdfy\xf3B\xbb\xf1\x1b\xd5r\xe4\xf4\
;e`\x7f\x19<\xaaAj&\x8c\x92\xfeuCz\
+\xe5\xf1a\xeci\xc3\xd9\x1dB:P\xb6\xb4bN\
8\x07\x00\x10\xd0\x91gH_a\x85t\x9d\x93\xfe \
g\xa3:\xe9\xf0u\xad\x96\xd3\xf4\x0d\xb9\xea?d\x90\
\x9cq\xceh\xa9\x19;\xd2\xfa\x8f\xfev07\xbds\
\xcccw\x8a}\xde\x1b\xd2]\x82\xf9\xa1\xe3\xefH\xfd\
\x10\xd6\xcfF\x19:\xf8\x18\xe7\x00\x00@@G !\
\xfd!+\xa4\x0b!\xbdzh\x85\xfc\x07V(\xd7\x8a\
9M\xdf\x90\xab!\xe3\xce\x94!V(\x1f8\xa2V\
LOb\x97\xdd\xf4\xce\xbd\xbeVb\xb2>\xbe\xb6\xf3\
\xff\xb1\xf7&\x00rT\xd7\xbd\xf7)m\x83\xf6\x1di\
@H#\x90\x84\xc4&\xb1\xc9N\x1eBC\xbc%\x06\
\x8c\x88\x93\x18oA\xf2\x82\xbfg'\x06\xe2\x97\xe43\
\x8e-0\xb1\xfc\xbd\xbcg\x0bL\x12\x1b\x9c\xcf\x08c\
\x03\x8e\x1d[\x12\x10\xc8\xb31#a'6\x18\xa1\x85\
M\x03H#\xa1\x1d$\x8d4\xdaA}_\x9dZ\xba\
\xab\xaao\xad]\xb7\xbb\x96\xff\xcfn\xba\xd5]}k\
\xe9\x9a\xee\xfe\xf59\xf7\x9c\x834o:\xfah\x83\x1c\
r\xb0\x0b\xc7\x00\x00\x00\x00\x04\x1d@\xd2AtxN\
9\x8b9G\xcc\x01HB\xff!m4D\x17\xf3!\
\xba\x98\xf7\x1b<\xc8\x1d\x15'\xf3\xb6\xb7\x06\x9c;\xb3\
]\x93+{\xac\x06\xc0\x00d\x0c.\x0cwb\x07\x8e\
\x03\x00\x00\x00\x08:H]\xd2\xe7\xeb7\x17\xe2h\x14\
\x07\x8e\x96?\xbce\x0a\xfd\xe3\xf3\xe7\x1aU\xd9\x01H\
B\xdb\xb8\xe14\x94\xc5\xfc\x8cqT\xf1\xcc-w\xcf\
%7\xffQ7\xbd\x1c\xed\xd4@\x91Az;\x00\x00\
\x00\x08:P$\xe9\x8b*?\x9eE\x90\xf4\xfcc\x14\
}{\xfe<#b\x8e\xa2o \x09\xfd\x06\xf6\xa7\xa1\
\x93\xc7\xd3\xf0\xb3&P\xffS\x06U=[\xe2\xe3\xae\
;5\xfd\x7f\xc2)\xe9\xaey\xe7\xc1\xa2\xbe~\xfb\x01\
\xa4\xb8\x83\xfc\x81\xf4v\x00\x00\x00\x10t\xa0\xecK\xf9\
\x9f\xbe\xb4\xa8\xf2\xaf\x90\xf4\xbc\xf2\x03+\x85}\xf5N\
\xb4H\x03\xc9\x184j(\x8d\x986\x91\x86\xb4\x8f&\
\xd1O3\xa3\xe5Tslwd\xdcs!a\xa5\xbd\
[\xe9\xee!\xad\xd5\xbc\x1c8\xfa6^\x00\x90?9\
\xaf\xf4\xe18\x00\x00\x00\x80\xa0\x03\x85\x92\xfeg\x86\xa4\
w\xe87;q4\xb2\x0fG\xcb\x7f\xd0=\xdd\xb8\xa0\
\xe8\x1bH\xca\xf0)\xe3ix\xc7xj\x1b7\xa2\x9a\
\xbe~\xf2\xedJS\xb7\x01\x89\xf0 w\xf4u\xe1\x18\
\x00\x00\x00\x80\xa0\x83\xa6`\xf7H\x9f\x83C\x91M8\
J~\xff+\xd3\x0c1\x07 \x09\x03\x87\xb6\xd1\xc8\xe9\
\xed4B\x17sn\x91\xc6T\xaa-\xd2j\xba\x1c\xa9\
ey\xddB\x9ayW\xb5.\x9c\x9d\x0b\xefQq\xc7\
][\xf6\x1e\xc1\x8b\x02\x94\x93j;?\xa4\xb7\x03\x00\
\x00\x80\xa0\x83f\xd0\xef\xcf^\xea\xad\xfc\xeb\xac+ \
\xe9\x19\xfbbyb\x10\xad\xec\x99B_[s!m\
\xe9C\xb4\x1c$c\xd8\xa41\x86\x94\x0f=}L\xb5\
gy\xc5\x11,\x97\xcax\x9c\xf0\xb6W\xd6\x83\x9e\xeb\
xl\xeb>\x08:H\x9f\xf5\xdb\x0f\xd2S\xaf\xed\xa5\
\xa7^\xddK\xab\xf5\xeb\x7fXp.}\xec\xd2I\xe9\
\xc8\xf9I\xa4\xb7\x03\x00\x00\x80\xa0\x03Hz\xf9\xbe`\
\xee\x1dcTbg9G\xd17\x90\x84\xfe\x83\x06\xd0\
\xc83\xc7\xd3\xe8\x99\xa7\xd1\x00\xab\xe8[ED\xf2\xe6\
xE\xd8k\xd5\xe1$u\xe1D\xf8\xcaTP9\xa4\
\xbf\xa1\xe1\x07\xad\xb2`\xcb8\x8b9\x0b9G\xcc\x9d\
\x5c}\xde\x84tV\x84\xf4v\x00\x00\x00\x10t\xd0\x22\
I_dI\xfa(\x1c\x91\xe6r\xbf5\xb7|\xf5\xce\
\x898\x18 \x11C'\x8e\xa4Qg\x9e\xaa\xcb\xf9\xa9\
f\xfa:\xfb\xf0I\xe12c\xe1\xe7\xc8\x9aD\xa2\x85\
p\x15\x81\xb3{\x9fS\xb58\x9c5\x9e\xf0\x0a\xbbs\
\xc0\xe6\xce6\x17\xbb\xfe\x96\xe8\xad\x9dD\x83/\x22m\
\xf0\x85\xc65\x0d@!\xc5\xbc\xb3e\xdfQ\xda\xba\xff\
HU\xc6\xb7\xe8\xb7\xf9:\x88\x8f]z\x06\xd2\xdb\x01\
\x00\x00@\xd0A\xee%}\xad\x11I\x17\x90\xf4\xa6|\
\xe9\xec3\x8b\xbe\xdd\xb5\xe1\x5cD\xcbA\x228Z>\
b\xf2X\x1a;\xeb4j\x1b=\xb4:\xa7<\xd2\x5c\
r?<O\xf6\x06\xc6\x03\x03\xe5\x11W\xbc\xfa\x95\xbd\
j\x0e\xc8\xa0\xe9DG\xd7\x10\xf5=JB\xbf\x18\x1b\
\xc3\x82\xde6\x83\xb46\xfd\xb1S.2\xa5\x1dd\x12\
\x96\xee\x03\xc7\xde2D\x9c\xa5|\x8b%\xe5I\xb8\xea\
\xfc\x94\xa2\xe7Ho\x07\x00\x00\x00A\x07-\x97\xf4\x1f\
U\xd3\xdd!\xe9\x0ax\xb8g\x0a\xdd\xdf=\xcd\xb8\x06\
 \x91\x87\x0e;\x85\xc6\x9d{\x1a\x8d>\xebT\xea7\
p\x80+\xc2-\x8f\x92\x9b\xe6\xac9E\xbb\xe2\xe8[\
n\xdf\xb4n\xdb\x11\xf2\x08\xfe^/\xeb\x8e|w\xbb\
\x00\x9ddUJ\xd0\xfa\x0f\xaf\x1f\xff\xed\x9d\xc6E\x1c\
^\xe58\x803\x0cq7\xa4\x9d\x85}`;\x22\xed\
\x0a\xe1Tt\xa6\xf7\xe8[\xb4\xc1\x8a|\xb3\x8c\xf7\x1e\
3S\xd2\x93J\xb8\x1f\x1c9\xbf\xfa\xbc\x94\xb2\x91\x0e\
?\x8b\x17\x10\x00\x00\x00\x04\x1d\xb4X\xd2?dH\xba\
]\xdd\x1d\xa4\x00G\xc8\xef\xdf8\xcd\x98_\x8e\xa2o\
 )c\xa6O0.\x9c\xce.\xac\xfc\xf2\x8a\xf0\x93\
d\x87+\x8b\x9a|\x9bw\x09\xa9q7\x14ywm\
@D\xa9o\x15\xc7\xbb\x8d\x8bK\xda\x19K\xd65+\
\xean\xccg\xb7\xaf!\xd9\xae\x7f\x1b\xd1n\xc7\x9co\
\xa7p\xf3\xfda)\xe8*I\xa50\x9c\x0d\xe6\x9f\x03\
\x00\x00\x80\xa0\x83\x8cHz\x97.\xe9<'\xfd^\x1c\
\x8d\xe4\x18E\xdf6\x9ck\xc89\x00Ih\x1b~\x0a\
\x8d\x9d1\x91\xc6\xeab>`h\x9bq_\xa5\x22|\
u\xd8\x8c\xa4\x8b\x9a\x94[\xf7\xd5\x22\xe31U\xd9\x93\
\xd3\xee\x1f]w\xccs\x8f\xb0\x8a-\xfb\x8e\xd0\x941\
CR\xfedl0j\xca\xe9\xf1G}~L\x18d\
\x89:\x0b\xfc\xc0\xf6\xda}\xfd-y\xcf\xa8\xc8\x1b\xb2\
\xbc\xc3-\xcb\xde\x88\xb5S\xae\x99\xad\x9c^\x9e\xe3J\
\xfb\x9f\xbb\xfc\xcct\x06:\xd6Mtb\x07\xde\x84\x00\
\x00\x00@\xd0Af$}\x99.\xe9\x04I\x8f\xf9\x85\
\x98[\xa4m\x9el\x88\xf9:]\xd0\x01H\xc2\xf0\xd3\
F\xd18C\xcc'V%\xbb\xe21_Wd:\x82\
\x14k\x92\xf9\xe5B\xd4\x05\xde\xc9\x7f%\x9am\xfc\xd6\
s\xedTv\xc9s\x85\xe4\xdf\x8e\x05\xb7\xec=\xaa@\
\xd0\x15\xa6\xa9\x9f\xe86\xb7\xfd\xa8\xff\xa1\xd6\x9c\x8f\xd8\
\xc2>\xe2*\xfdre*\x9b\xf0\x83g\xb6\x19-\xea\
V\xbf\xb6\xd7_\xc6[\x18\xb9\xce\x02\xf3\xa6\x8d\xd5\xcf\
\xab\xc1\xe9\x0c\xb6\xffa\xbc\x11\x01\x00\x00\x80\xa0\x03H\
z^\xe1\xd4\xf5\x7f\x5coF\xcb{Q\xf4\x0d$y\
co\x1b@\xe3\xcen\xa7\x89\x17L\xa2\x81V\xb4\x5c\
T\xfcd\xd0\x14\xc5V\xa7\x8f\x0b\x81\xd7M\x0a\xa7\xd1\
3\x13\xbe\x92\xce\xfb\xcb\xbe\xa3\xf4\x99\x07\xd7\xe2\xb8\x86\
\xc0\xd5\xdbS\xa3\x17\x82\x0e\x00\x00\x00\x82\x0e\xb2+\xe9\
\xf3\xf5\x9b\x0bq4\xeay\xb8g2\xdd\xa5\x8b\xf9\xea\
\x1dh\x91\x06\x921t\xdc0j\x9f}\x06\x8d\x99:\
\x9e\xfa\x0d\xecoE\xcb\x03\x9e\xa0\x99\xe2^\xa98\xd2\
\xd8\xa5\xa2\xeei\xaf&\xea%\xbf~\xe9\xfa;\x853\
=\xde1_\xdd\x15\x92\x17\xfec\xc8$\xde\xdb\xb3\xba\
\x90p\x14}`:Q\xfd\x7fZ\xbd\x09\x7f(!p\
FFj\xf3\xcfQ\xbd\x1d\x00\x00\x00\x04\x1dd\x5c\xd2\
\x17Y\x91tH:\x99i\xecwY\xd1r\x14}\x03\
I9uf\xbbq\x19qz\xadaB\xa5R\x91\x08\
\xae\xa8\x93]A\x0d\xcc%\x17\xf5\xe2\xdc\xec@\xf8\xfa\
m\x07\xe8\xea\x0bR\xfeQ+k-\xd4RJm\xe7\
\x1f38\xbd\x1d\x04\x83\xe2p\x00\x00\x00 \xe8\xa0|\
\x92\xfeP\xb9%\x9d\xa3\xe4\xf7\xbf<\x1dE\xdf@b\
\xb8\xe8\xdbi\xb3\xcf\xa0\xf1\xba\x98sJ\xbb\xcb\xa1+\
B>\x9f\x9b\xc5]\x88\x9a\x9cWDD\xa3\xd6\xac\xff\
\x9a\x85\xe3\x9c\x05\xde\x84C\xfeE\xa4Q\xac\xe55\xc7\
\x1d!Q\xfe\xea\xe3\xd5\xdb\xde;\x0b\xce\xd0\xf9\xa9\x0c\
\xf3O\xab7\x97#\xe3\xa0\x01\xb8\xb5\xda\xe7.\x9f\x9a\
\xde\x80\x07!\xe8\x00\x00\x00 \xe8 \x0f\x92~\x9d!\
\xe9\x1d\xfa\xcd\xce\xb2\xec\xf3\x81\xe3\x83he\xcfd\xfa\
\xfbg.D\xb4\x1c$\x86\xd3\xd7'\xcc\x9aH\xa3\xf5\
\xebP\x84\xb3'\xb9[\xa0\xeb\xab\xa8\xd7z\x8e\x9br\
/\xaa\xf3\xd6\xdd\xd5\xdb--\xf6f\xa5\xf3\x1d\xce\x08\
\xbdC\xda\x85\xf3G\x01rTh\x17\xeej\xed\x91\x8a\
\xc4\x95\x0dNmO)\xbd\x1d\xd1\xf3p\xfeB\x97s\
\x96\xf4\xd4\xe4\x1c\xe9\xed\x00\x00\x00 \xe8\x8a\xc5r\xee\
\x12\x96J\xe7\x85\x99\xe2\xb8\x1d\x85\x1e\xfd\xb2\xc5\xba\xcd\
\xd5zz\xf9\xbe\xca\xd3\xb7\xf4\x94\xecp\xda=\xd2\xe7\
\x14y'Y\xc6\xff\xfe\x999\xc6\x1c\xf3\xde\xe3(\xfa\
\x06\x12\xbcQ\xb7\x0d0R\xd89b\xce\x91\xf3X\xde\
\x9aTp\x9d\xe9\xeb\x92Tv\xd3\xd2)\xbc\xc2\x5c\xc4\
\xeaoI\x8b\xc4\xad\xdbv@\xd1A\xd7\xa5\xf8\xed\x9d\
\xad\x7f\xf1S\x8a\x9e?\xfc\xfc\xae\x5c\xb7<k\x06\xa9\
G\xcfQ\x1c\x0e\x00\x00\x00\x04=u\x11\x9fc]\xf8\
\x1b\xd2(\xd5\x22\xa9\xaf\xd3\x16v\x16\xf5u\xd6\xed\xb5\
E\x15\xf7~\xd7\xbd\xd4[yh\xd6\x15E\x95\xf4\xfb\
_\x9eF\xdf\xd7/(\xfa\x06\x12\x0b\xc3\xe9\xa3\xe9\xd4\
Y\x13\x0d9\x8f#\xdb\xc2+\xd1\xde;}lX\x88\
z\xfb6\x02\xe3\xb2e+\xc2\xfd\x1cW\xea\xbc|\xab\
\xaa\xd1s\xc7*4\xbf\x1f\x06\x02w\xac\xf6\xa8\xb2\x94\
\xed\x81\x19\x11\xf4\x94\xe6\xc3?\xb2a7\xfe\xa0BH\
5z\xce\x91s\xa4\xb7\x03\x00\x00\x80\xa07$\xc7\x9d\
d\xa6[\xcf\xb7dqT\x8b6\xc5\xfeQ`\x81c\
\xdbz,Y_\xa5_\xbata/L\x8f\x9c\xa2I\
:G\xcbY\xcc\xefZ\x7f\x0e\xa2\xe5 \xd9\x9br\xdb\
\x00\x1a{\xe6x\xa3\x1a;We\x8f\x8b\x90\x15n\x13\
\x12\x03\x17\xfe\xcb\x87J\x7fR$\x8d\xd2e\xebE\xc7\
5\x07C\xd2\x11t\x8e\xa0\x03\x7f\x10=\x07\x00\x00\x00\
Ao\xbd\x90wX\x12<\xdf)\xc3\x19\xa5\xc3\xba,\
\xb0\xb6\x9dS\xe2\x97[\xc2\xbe\x5c\x17\xf6\xde\xbcK\xfa\
\xc9\x87f.\xb2$}T\x1e\xf7\x81\xa3\xe4w\xad;\
\x87Vn\x9e\x8cw\x15\x90\x88SF\x98E\xdfN\xb5\
\x8a\xbe%\x91\xd4\xea\x5c\xf1\x8a\xa3-\x9a5PE\xd4\
\x22\xde\x95:9\x17>6\xed_l\xce\x9c\x84n-\
\x17\xb9\xd0\x9c\xf0\xf9\x91@\xd4\x15\x9d\x8b4\x16\x91\xba\
\xb4\xed~\x19\xa8\x13\xc1Q\xfc~\xc3\x1b\x1e\xe6\xa9\xd7\
\xf6\xa28\x5c\x08_z\xdf\x8c\xf4\xa2\xe7\xcc\xde\x07q\
P\x01\x00\x00@\xd0cH\xf9\xf5\x94\xefh-K\xec\
B\xebr\xaf\xbe_,\xeb+\xf2,\xeb\xfd\xaf{y\
\xad.\xe9W\xe8\xdf\xb9s#\xe9\x1c!7\xa2\xe5\xba\
\x98\xa3\xe8\x1bH\xca\x84Yf\x8b\xb4\x91\xa7\xa7s\xda\
K\x82\xd4\x14\x9c7\xee\x16\xde\xfa\xfb\x03$\x5c$\xc9\
\xb9\x97\xadE\x8b\xdf\xee\xcdb\xcb^5\x82\xae\xb5\xcd\
 qxukO\x0e\xee\x7f\x9e\x02O\xbd\xba\x17\x7f\
h\x01\x5cp\xfa\x88t\xa3\xe7\x87\x9f%:\xb1\x03\x07\
\x16\x00\x00\x00\x04\xddG\xcaGYR~#\x15\xb7\x18\
\xd9\x02\xebR\x95u]\xd4\x97\xe5R\xd2\x1f\x9ci\xa7\
\xbbgV\xd2\xd7\xbd9\xc6\x90r\x96s\x00\x92\xc0\xd1\
r\x96r\x96s\xbb\xe8[*r\xee\xe9Q.dv\
\x9c(4/\xf9g\xbc\x90\xb7\xef\x82Q\xea\xcc5\xe0\
\xfe\xf9&%A_\xbf\xfd \xfe\xe8\x02\xb8\xfb\xba\x94\
\xbf\x1a \xbd\x1d\x00\x00\x00\x04]*\xe6\x9ddF\xca\
\x17\x96\xec55d]\xdf\xff\xa5\xfa5K\xfa\x9dy\
*2\xd7\xff\xc3\x86\xa4\xdb\xd5\xdd3\xc5\xfd/\x99\xd1\
r\x16t\x00\x92\xc0E\xdf&8\x8b\xbe\xa5\x8c\x9d\xaa\
\xee\xaa\xa5\x96\xd0`\xad\x04w\xdf\xb8\xba\x88\xbdm\x9e\
\xed\x11a\xeb\xc1Lt\xa3\x92|\x1a\xbex\x0c\xe9\xed\
~pj;G\xd0S\xe3\xad\x9dD\xfb!\xe8\x00\x00\
\x00 \xe8N1g!/r\xb4<*\x1c\x81\xbe\x89\
/VT\x9dE\xbd+'\x92\xde\xa5K:\xcfI\xbf\
\xb7\xd5\xdb\xc2\xa9\xebw\xad5\xa3\xe5(\xfa\x06\x12\xbd\
\xc9\xb6\x0d\xa0\x09\xdc\x22m\xce\x19t\xca\xf0SZ\xaa\
\x9d\x22\xcc\x7f\xbdA\xf1t2\xd8\x95\xb3\xfa\x95\xbdt\
\xf9\xf4\xb1\xe9\x0e:hz\xebO\x9e\x94\xfa\x9f#\xc5\
]\xce\xbcic\xe9\x96\xf7\xcdHwP\xc89\x00\x00\
\x00\x08\xbaK\xcc\x17S\xbc~\xe4e\xc1\x8e\xaa\xb3\xa0\
\xdf\x96\x07Q\xd7%}\x99.\xe9\xd4*I_\xb9i\
\xb2.\xe5g\x19\xd7\x00$\x81+\xb0\x9f\xaeK\xf9\xd8\
\xa9\xe3\x0dIW*\xdeBD\x97i\xe9\xb2v\x1c\xdb\
\xd1\x22\xcd\x11\xe9\x16\x92bnT\xbfX8\xce\x96o\
\xa1ax\xc9\x02Z\xfdfk\xca>TPW\xa2\xc8\
pA\xb8\x1f-\xba$\xddA\xb9\xb5\x1a\x8a\xc3\x01\x00\
\x00(\xbb\xa0C\xccc\xd1\xc9\x97\xbc\x88z\xb3%\x9d\
#\xe4\x9c\xc2\xfe\xfd\x97\xce\xa2-\x07\xf1\xe5\x1c$\x83\
\xe7\x95OH\xb1\xe8[\xc3\xf2n\x9au\x9dE{;\
\xaf\x09I\x9ft\xfb>\xa3\x17:\xcb\xb0\xe6(\xe6&\
\xdc\x1a]\xd5iOex\xe1)\xdc^\x1d\xcc\xe5\xdd\
5\x19\x17\xbe?,\xb8~Kh(}\xbflp\x0a\
7\xe6\xa1\xbb\xe5\xfc\xf1\xcf\xfe^\xbaU\xdb\x99\xbeU\
\xa6\xa4\x03\x00\x00\x00e\x14t\x88y9D\xdd\x92t\
n\x85\xb7P\xd5:Vo\x9fhH\xf9\xf7_B\xd1\
7\x90\x0c.\xfav\xfa\xec3\x0c1\xef\xdf\x96\xad\xb7\
U\xe1\x91\xed:y'o\xe73+\x92\xee\x95h[\
\xd2%^\xec\xbd\xaf\xb6N\x1f\x83\xd6\xea\x05?x\x1f\
\xbcr.\x5c}\xdc\x8dJ\xeei\xa7\xb8\x0fl/\xcc\
\xf99e\xf4\x10\x08\xba\x83\xbb?<;\xddy\xe76\
{\xee\xc1\xc1\x05\x00\x00P>A\xb7\x8a\xbf-\xb6$\
\x13\xa4#\xea\xcb,Q\xef\xc9\xa8\xa4/\xb2\x22\xe9\xa9\
I:G\xcbW\xbe6\x99\xeeZ;\x0bE\xdf@b\
\xc6\x9e9\x9e&\xce\x9ch\x5c{\xa5\xb7\xb9\x16\xee\xe9\
%\xee\xf9\xb7\xfd\xb8\x9d\xae.df\xee#\xc5B\x9a\
\xe2.\xdc\xf7U\xd7A>\xe9\xf3\x9e\x81=\x91|\x11\
\x12=\xaf\xb3x\xcd=\xb4\x92^\xe8\x03\x8a#\xe8W\
\x9d?\x91\x1e~~\x17\xfe`\x0d9\x9fCW\x9f7\
1\xfd\x81{\x1fAk5\x00\x00\x00\xe5\x12t\xab]\
\xdaR*_U\xf6f\xc0\xc7\x94\xe7\xa8s!\xb9[\
3+\xe9\x0f4.\xe9\x9c\xba~\xfbog\x1bs\xcb\
Q\xf4\x0d$z\xd3\xe4\xa2o\xb3\xda\x8d\x88\xf9))\
\xb6HK[\xd8\xebl7\xc1/\x07r\x7f\x97\xcfw\
\x17\x0d\xfe:\x11\xfaTY?6\x8d\x90\xe6\x1e\x81\xab\
\xcf\x9b@\x7f3x \x1d8Z\xdej\xee\xc6\x9c\xf3\
O\x5cB\xf3\xce\x1a\xabf\x05\x88\x9e\x03\x00\x00(\x93\
\xa0\xeb\xe2h\xf4\xf8\xa6\x0c\xf7\xc6.\x00|l\x17\xeb\
\xc7\xfa\x1a\xfdz\x91.\xeak3'\xe9\x1f1$\x9d\
\xab\xf3\xc7\xae\xd0\xcf\xe9\xeb\xf7\xbft\x16\xad\xda6\x11\
\xaf4H\xf6\x07b\xb4Hk7\xda\xa4%\x15\xde\xa6\
\xa1\x05Xo\x1c\xa9\xd5\x22\xdc/Z\xb5\x83\xb5\x1c\xf9\
\xde\xa3h#\x16&\xa7\xdcN\xeco\x96\xbfP\xca\xfd\
\x9f2f\x08=\xb4\xe8\x125i\xed\xb6\x9c#z\x0e\
\x00\x00\xa0\x0c\x82nE\xcdY\xcc\x17\xe0\xa5j\x1a,\
\xbf\xcf\xe9\xc7\xfe\x0e]\xd2o\xce\xe0\xf6]Af\x8f\
\xf4PI\xe7h\xf9\xf7_\x9c\x86\xa2o \xf9\x1bd\
\xdb\x00\x1aw\xe6x\xa3\x1a\xfb\xb0q\xc3-\x1f\xcd\x96\
\x99\x9b\x19\xe3\x01\x13\xcc\x03\xc5\x5c\xab\xcd\x13\x17\xe4H\
Uo\xbc\xbf\x9a\xbc\xf8\x9c\x9ac\xb0~\xdb\x015\x03\
\x0f\xbe\x88\xe8\xe8\x9a\xd6\xbd\xb8\xc7\xbb\xcdmH\x81\xcf\
]>\xd5\x98\x87\xfe\x83g^/\xd5\xdf0\xa7\xb3\xf3\
\x9c\xf3\xd4\x0b\xc2\xd9\xa0r;\x00\x00\x80\xb2\x08:\xa2\
\xe6-\xe7&k\xbe\x7f\xa6\xa2\xe9\xfd?\xf2r\xef\xc9\
\x07f\x06J\xfa\xeam\x13\xe9[kg\x19s\xcc\x01\
H\x82Y\xf4m2M\x9c\xd5\xae\xbcEZ\xc3r.\
i}\xe6+\xe7>\xd1s\xf7<r\xe1;N5s\
>b\x05u\xe1\xd7k]D\x19\x02\xb9\xeb\xf4\xd6\xce\
T\x87cQe\xca \xe9\x1c5\xff\x9f\x0b\xceQ3\
\xdf\xdc\x09G\xcfQ\xb9\x1d\x00\x00@\x91\x05\x1ds\xcd\
3\x85\x1dM\xbfY\x97\xf4;2(\xe9\xcf\x91U\xc5\
\x9f\xe7\x93\x7f\xff\xc5\xb3\x0c1G\xb4\x1c$e\xa2\x91\
\xc2\xden\xa4\xb3\xe7\x9d\x8ae\xc8\xc2\xd1\x92\xcc\xae\xcf\
&<\xad\xd0l!\x162\xa9\xf7\xdc\x15_\x9f=\xf9\
\xf6\x9a\xe3*\xb0}\xbbfm\xbf\xa8mJ\x84\xd6\xe8\
\x85BA\xf4\xde\xae`\xfe\xb5\xff\xe8.\xe4\x9ct\x8e\
\x94\xff\xc5\xe5S\x8d\x8c\x01eQs\x9bc\xdd\x88\x9e\
\x03\x00\x00(\xb6\xa0\xeb\x22\xc8Bx/%\x98c\x0c\
\x94\xb2T\x7fm\xb8\xd5\x19G\xd3{3$\xe9\xd7\xae\
\xd93\xf6\xc9\x7fZ;s\xd4\xca\xd7\xce@\xd17\x90\
\x08\x8e\x96O\x9cu\x1aM\x9c\xd9n\xdc.R\xdcV\
Z\xb8-\xce\x0e\xa6]\x84\xad\x81\xf1\x82\x9e\xba\xfeu\
E)\xee\xad\xae\xe4\xce)\xee\x95>\xfd\xc3qx\xaa\
\xc3\xb2\xbc~\xec\xd2I\xf4O\xab7\xd3?\xea\x97\x22\
\x88:G\xcc\xed\xfdR.\xe66\xdbn\xc5\x1b(\x00\
\x00\x80\xe2\x0a:R\xda3\x0f\xbf>\x1d\xfa\xeb\x94\x89\
\x94w};\x16\x0e\xbc\x83\xae\xc7\xf9\x02\x92\xc2Qr\
\x8e\x98\xf3%\x8f\xe6m\xa7\xa5\xbb\xda\xabU\xcc\xeb\x8a\
\xab\x97Z\xc4!\x85\xa7\x03\x9a+\xea.\x9cw\xb9<\
_\x9a\xc5.\x84\xabg\xb9\xb3\xaf\xbap\xb4csF\
\xf4\xab\x8fW\xec}\x11\xf5=\xdc}\xfa\xa0\xf7\x1e}\
[\xc9a\xd6\x06\xb6\xb7\xfe\x07\x9bC\xab\x89F\x5c\x99\
\xfa\xb0,\xb1\xb7\xbco\x86q\xe1\x16l\x8fl\xd8m\
\x5c\xe7I\xd6y\x1f8\x85\xfd\xaa\xf3'\xa8Oe\xf7\
\xc2\xa9\xed\x1cA\x07\x00\x00\x00\x8a(\xe8\xbal\xddJ\
fos\x90m8\xb3\xe1IK\xd2\x97\xb7\xe0<\xe9\
\xd0\xafn$s\xfa\x03\xc4\x1c\xc4\x7f\xc3k\x1b`\x08\
\xf9\xa4\xd9\x93\x8dhy\x91\x11),\x91\x8e\xe5F[\
U\xec\xe0zYZ\xac\x1d^\xa5D\xd0\x9d\xb0\xdc\x1a\
\xc5\xd4h\xb6QH\xee\xa9\xd7\xf6\x1a\xd7[\xf6\x1f\xa1\
\xa7^\xdd\x9b\x99C\xc1Q\xf2\x0bN\x1bA\xf3\xa6\x8d\
5\xda\xa5)\xab\xca\x1e\x06\x8b9\xda\xaa\x01\x00\x00(\
\xaa\xa0\xeb\xd2u/a\xbey\x9e`1\xfeY3\xe7\
\xa5[\xd9\x15\x1c-G5\x7f\x90\x08\xae\xc0~\xc6\x9c\
3\x8c\x8a\xec\xfd\xdb\x06\xe4\x7f\x87\xb4h\x8e\xed\x8aL\
\x8bhr\xaeqew\xc72\x9a!\xc2\x9au\x8f\xa8\
\xdb\x04\xf9h\x9ak\x92\xb91\x861\xa7\xbc\xb6\xb4\xd0\
\xeawE\x13\xb5\xfb}\xf7\xd1\xf5\x04\xcb\xd3\xf5\xdb[\
\xf6\x1e\xa1)c\x87\xa4\xfc\xe6\x93\x81z\x16\x87V\x99\
\xc5\xe2\x066'\xd3\x83\xa5W&\xbe,\xed\x0c\x8b;\
G\xd9\xb9\xb5\xdd\xfa\x1d\x07\xab\x8fo\xddw\x94\xb6\xec\
;\x12{}\x1c\x05\xf7\xae\xefrG\xafr\x96q\xe3\
ZU\xff\xf2\xb8pA\xb8\xad\xff\x03o\xaa\x00\x00\x00\
\x8a'\xe8V1\xb8H\xed\xb2@&\xe1y\xe9\xb3u\
I_\xa4\xf0\xfcXHf\xc4\xbc\x03\x87\x1b$\x81\xa3\
\xe5\xed\x9e\xa2oE\x0b\xbaz\x03\xc9\xd5t\xf2\x906\
k\xee\xf4xG\x9a\xbc\xa5\xe1B\x22\xf9\xce\x07\x84K\
\xe3\xedekR/D\xed:\xce\xaf\x0e\x1a\xb9\x0b\xdb\
E\x85\xe50uA\x1f4=\x1b/\xf2\xbe\xef\x12M\
\xf8JK7\xc1\x16\xe4\xcc\x88r\xab\xd8~\x1bz\x9e\
\x03\x00\x00(\x9e\xa0C\xce\x0b\xc3B\xfd\xb5\xa44%\
\xddj\xedv=!\xab\x02$\x84S\xd7\xcf\xc8A\x8b\
\xb44\xe5\xbc\xd1lo?\x89nd\xccd\x92.\xff\
\xd1\xa1\xf4\x1c|\x94h\xd4uDm3p,Z\xc9\
\xaeo\x10\xf5u\xe18\x00\x00\x00(\x96\xa0\xa3R{\
!%\x9d_\xcb+\x92Vx\xb7~\xb0\xe1\xf4\xf5\x1b\
q^\x80\xa4p\xfa:G\xcb\xf9\xba\xc8\xd4\x8a\xa9\x09\
G\x815\xaa\xefa\x1e`\xdb\x22\xb1\xfd:\xa2\xe6\x8e\
\x22m\xe4\xa9IgG\xf0\x85\xab\x10\x9c\xa7\xd0\x9c\xab\
\x80\x9c3\x15_\xc8\x8d\xdd\xb5\x0f%T\xf87\x96\x12\
M\xfa6\xfe\xd0[E\xef#h\xa9\x06\x00\x00\xa0x\
\x82n\x89\x1cG\xceQ\xe0\xabX\xd8\xc5\xe3bI:\
\x8a\xbe\x81\x86\xdf\xc0\xda\x06\x18R^\x86\xa2o\xe9\xc8\
\xbd\xd4\xd7\xfde\xbe\x89\x0e\xdc\xa8r\xaf\xee\xdeK\x97\
O\x1f\x97\xeeFe)b\xcd=\xd1\xf7\xfd\x0b\xd1\x98\
O\xe1Dn\x85\x9co\xbf\x15\xc7\x01\x00\x00@\xb1\x04\
\x1dr\x0eIw\x9c\x0b,\xe4\x9c\xc6\xde\x89\xc3\x06\x92\
0z\x92\xd9\x22\xad}f{4\xe1,\x03\x9aG\xac\
\x85{\x8e\xb8\x10\x12I\x97\xf5H\x0f\x94ss%\xce\
U\x05\x17\x8b\x0b\xdfhg\xf99\xb3\x1e\x9d]=N\
D\x1aT\xa8|\xe1\xb3P$\xce\xc9\xde\xef\x9a\xf3\xe2\
\x87\xcd\xc7\x9b\x00\xe4\x1c\x00\x00\x00\x04\xbd!97*\
\x7fC\xce\xcb+\xe9V\xb4\xdc\x16\xf3\x0e\x1c*\x10\xfb\
\xcd\xaam\x00\x8d?s\xbcQ\x8d}\xd8\xf8\xe1\xb0r\
?au\xc9\xb4Ut\xcdO\x8fe\xf3\xc3\x13Ll\
\x8f\xb4\x98we\x9ej\xec\x9ejs\xf5\x03\xcb~8\
(\xe3\xeb\xbf\xfbv\xb3\xa2;\xe6\xa3\xab\x87S\xday\
\xde9\x00\x00\x00P$Aw\x14\x84\x83\x94\x95G\xd2\
\x97\xea\x97E\xd6\xeb\xdfI(\xfa\x06\x1a\xc0(\xfa6\
g\xb2\x91\xca^\xf4\xa2o\x91TX\xf8\x148\x17\xfe\
\xbe*sm\xa9\x7f{\xe5<%I\xaf\x0d#\x19\xd0\
\xbb\xae 9w\x0a\xbc\xe7\xbe\x9e\xbdG\xd4\x1c\xf2\x01\
\xba\x0c\xbf\x9d\xa1\xaa\xdd\x95>\xa2\xd7?Kt\xc6?\
C\xd2U\xc2\xd5\xda{\x1f\xc6q\x00\x00\x00P,A\
G\xb5\xf6\xd2\xb2\xd0z\xed\xf9u\xef\xc0\xe1\x00I`\
!o?\xa7\x9dF[-\xd2\x10,\xaf\x1d\x04\xcd\xef\
aW!6\xb3]Y\xa5RsZ{\x99Z\xa19\
\xc7\xb8\x8e~\xe9\xb5\x8b7M^\xd4\xdf\x17u\xb3\xbd\
\xa1\xfa\xba\x22q\x11\x8f\x81&\xf1{A\x89zpG\
b`\xc6\x04\xdd)\xe9\x13\xbf\x8ct\xf7\xb4\xe1\x9e\xf3\
[\xbf@t\xac\x1b\xc7\x02\x00\x00@\xf1\x04\x9d\xccH\
*\xe4\xbc\x9c,\xc0!\x00q\xe1h\xf9i\xb3N3\
\xe4\x1cE\xdf\x22\x88\xaf\xe2bnIZ\xa4\x81&J\
\xfa\x8e\xbf!\x1a\xfbi\xfd\x82\xc2q\xa9\xc0)\xedo\
\xdcCt\xb2\x0f\xc7\x02\x00\x00@\xf1\x04\xbd\xdf\xdc%\
,\xe7\x0bq\x88\x01\x00ap\xd17#b>\xab\x1d\
\x07#\xcc\x98\xad\xc8\xb8\xb3\xcd\x99\x08\xcbo\xa7x\x22\
o\xd7i\x13B\xb3$]\xd4\x0d\xa8\x91p\xffH\x90\
l\x87\xcc\xd14Q\xd7\xaa-.\x07\x8e\xbcUR\xa9\
\xfc.\xd1\xd1g\x89&|\xc5\x8c\xf6\x83\xf8p\xb4\x9c\
\xe7\x9a\x1f~\x16\xc7\x02\x00\x00@1\x05\xdd\xaa\xd2}\
\x13\x0e/\x00\xc0\xf7\xcd\xa7m\x00\x9d\xa6\x0b\xf9\xe49\
f\x8b4\x04jC\x90\xf4\x1b\x8f\x92g\x1e6\x9d\x5c\
:\x5c\xd8\x82A\xcb\xc5\xde-\xe1\x99?\x1f0O\xdd\
s\x87s\xfd\xeb\xb6\x1dPr\xd8\xb5\xc1\x17\x918\x9a\
qq;\xb2\x86h\xcb\xc7\x89F_\xa7_>\xa4\x7f\
\x08\x0f\xc7\xdfK\x148\x9d}\xcf=\x98k\x0e\x00\x00\
\xa0\xd8\x82n\xb5S[\x8aC\x0b\x00\x901|\xfcp\
]\xca\xcf0*\xb2\xa3\xe8[<A\x17\xd6dmW\
\x918\x11.\xcba\xb5\xdedE\xe7\x9cs\xd0\xdd\x0f\
6\x1e\xed\xae\x93s!\x17\xf0(;\x81\x14|\x0bN\
y\xe7h\xfa\xc1G\xcc\xb4\xf7\x11W\xe2\x98@\xcc\x01\
\x00\x00\x94]\xd0\xd1N\x0d\x00\xe0\xc7e\xbf\x7f\x16\x1d\
m\x1fY-\xfa\x06b\xfby\x9d\x98W\x8b\xc1\xc5\x19\
G\xc8\x05\x9e\xc8\xa7\xaa{\x9d\x1ck\xc6\xffE\x0af\
\x5c\x1dV\x93\xec\xac\xcf\xbf\xed\x1f\x0e \xe6\x01\xf2\xb9\
\xeb\xab\xa6\xac\x8f\xb8\x0a\x11u'}]\xe6<s\xa4\
\xb2\x03\x00\x00(\x8b\xa0\xeb\xdcK\xa8\xda\x0d\x00\xb0\xe8\
\xd0\x85\xfc\xf3\xd7]J\xd7_y>}\xfe\x89\x8d\xb4\
\xfb\xf0q\x1c\x14U\xf6\x1eI\xce3h\xb51Z\xb9\
\x85=\x8d\xd3\xdcgO\x1a\x99\xf2\xa7\xe4\xc4\xfc\x8a:\
K:_\xb8\xd2;G\xd4\xcbX\xf1\xbdo\x95)\xe6\
|A\xf17\x00\x00\x00e\x12\xf4~s\x97\xf0\x9cs\
T\xee\x06\x00\xd05\xf3g\x18R\xce\xd7\xcc\xcf7\xbd\
\x099O\xc1c]>n\x19j\x98s;\xdb\xab\x05\
\xf9\xbd\x08\x12\x7fO\xfb\xb6d\x05\x03<qz\xcd\xfa\
\x8f\xb3\xf79Q\xe8\x0e9G1\x0e\x81\xc3\xd4\x0f\x1c\
UP(n@\x01\x0a\xaf\x1dZe^\x18\x96\xf4\xc1\
\x17\x11\x0d\xb9\xa8\x98}\xd4\xb9\xe0\xdb\x91g\xcd(9\
\xcf\xcd\xafJ9R.\x00\x00\x00\x94H\xd0\xady\xe7\
\x8bq8\x01(/\xa3\x86\x9fbF\xca\xaf\xbb\xd4\x88\
\x9c\xdb\x1c>q\x92\xbe\xf3\xec\x16\x1c\xa0F\x10\xf2z\
pI\x02\xe2\xc9Z\xa7\x99\x16\x9c0\xd8-1\xfe\xa0\
\x9d\x88\xb0\x16\x87\xa57\xbeM%\xc3\x96u>h\x9c\
\xfa~\xca\xf4\x9a\xacs\x15\xf8\xbcH;\x8b\xf7q]\
\xc6O\xec4\xa5\x9co#u\x1d\x00\x00\x00\x04\xbd\x0a\
\xa7\xb6c\xde9\x00%d\xfeE\x93\xe9\xfa\xab.0\
\xe4\x5c\xc6\xcf6\xee2$\x1d\xa4\xe2\xe95ao\x9a\
\x9cG\x95t\x11u\xeb\x1d\xfb \x02\xd7\x15\xfa\x90g\
\xb1^\x15\xad\xd6\x8a<\x7f\x9b\x0b\xcbq\xb4\xf9\x88G\
lY\xd4\x07\x9e\xa6\xef\xfb0]\xe0g\xd4\x8e\x83W\
\xde\xfb\x0fKW\xe8Y\xb4+\x9e4t\x8e\x82\xdbB\
\xce\x8f3\x10q\x00\x00\x00\x10\xf4\x80\xef.s\x97\xdc\
\xaa_\xcd\xc1\xa1\x04\xa0<p\xb4\xfc\x9a\xcb\xa7\xd3\x8d\
\xd7]J\xb3gL\xf0]\x8e\xd3\xda\x97\xbf\xbc\x0b\x07\
,m\x1cbj\xf7)wf\x8a\xdbE\xd4R\x99r\
\xee\x10i\xe7\x98\xf5\x85\xe5\x1a\x89e\x8b\xfa\xb2\xf4\x81\
\xbe._\x17\xcfA\xff\xc0\xec\x94S\xd2\xdb\xa6\x97\xef\
\xfc\xe2\xf9\xeb|a\xec\xd4x\xc9K\xd6\xf8\xb9%\x12\
\x9d*\x00\x00\x00\x00\x04\xdd_\xce;\xf4\xab\x1bq\x18\
\x01(\x07\xce\xa2o,\xe9a\xfc`\xfdv:\x84\xe8\
\xb9:O\xb7#\xe2^_\x15\x05\x14\x19\xe4\xb2\x03\x00\
\x00\x00\x00\x82\x1e\x0aR\xdb\x01(\x01,\xe4\x9c\xc6\xce\
\xe9\xecQ\xd9\xb4\xff\x88Q\x1c\x0e4\x8e\xd9\xff\x9c\xac\
\x10\xb6\xe5\xa9\xce\xbb\x84\x8f\xd0\x12\xd5\xf5IO2\xfd\
\x5c\xd3\xdcc$\x12g\xbf\xed\xd5<\x83D(z\xe7\
l\xb3\x86vk\x00\x00\x00\x00\x80\xa0\x93\x11=\xe7\x8a\
\xed\x9d8\x84\x00\x14\x13\x8e\x96\xb3\x94\xff\xb9.\xe7\xce\
\xa2oQ\xf9\xce\xb3[q\x10S\xb1s\xb7\xb7\xa6\xe5\
\xa3BPj\x86+\x1a\xd9^\x91d%rVu\xbf\
I_\xbeR\xc1k\xc0\xf3\xac\x8fw\xe3\x5c\x04\x00\x00\
\x00@6\x05]\x97s\x8e\x9a/\xc5\xe1\x03\xa0x\x84\
\x15}\x8b\xc2\xfa\xdd}\xc6\x05\xa8\x91t\x1b-\xc8_\
\x85\xbf\x99\x8b\x8a\xbd\x88#\x0c\x1dh\xd4\x9a\xff\x83V\
:\xbd\x19\xd5\xb6\xe6\xaa{\xc6\x17\xb2'9\xd3\xf0E\
H\xeb6\xc9\xfek1\xfd\xbe!\xb8X\x1a\x00\x00\x00\
\x00@V\x05]\x87{\x9ew\xe0\xf0\x01P\x0c\xfcZ\
\xa4%\xe5nD\xcf\xd3\xc5\x93F\xee\xf5\xe9\xc4\x92*\
\xa4\xae]\xebwN\xb5\x94r\xbf\xa7\x8aP\xb1v\xa7\
\xe5\xbb6\xb8\xba_\x9cG\x1f\x9e\xe2n/^\xed\x7f\
\xee\xd9\x18\x0dg\x0a\x00\x00\x00\x00\xca&\xe8V\xf4\x1c\
\x85\xe1\x00(\x00\x5c\x81\x9d+\xb1sE\xf6(E\xdf\
\xa2\xc0\xf3\xce_\xdb\x7f\x04\x07W\x91\x9c7\x13\x91\x99\
A\xa2\x1d\x8e-{\x15\x9dw\x03\xdaq\x1e\x02\x00\x00\
\x00 \x9b\x82\xae\xb3\x98P\x18\x0e\x80\x5c\x93\xa4\xe8[\
T~\xb0~\x07\x0ep\xca\x96,\xa2t\x1e\xf3{\xba\
\x88\x10\x92\x96\xdc\xed|\xb0\xd6\x01M\xc4\x17ng\x85\
9\xcd\xb3\x06N\x8b\x8f\x9b\xab\x1e\xb0|\x8f\x22A\xd7\
\x06\xb6\xa3\x80<\x00\x00\x00\x00\xb2'\xe8V[\xb5\x9b\
p\xd8\x00\xc8%=_\xff\xdc\x15\xa3n\xb8v\xce\xa8\
\xb4\xa2\xe5ur\xbea\x87\xd1\xfb\x1c\xa8\x11u\xdbs\
\xeb\xee\xf4_<\xf4q\xd9\xd4s\x114\x1f\xbd\xc1v\
\xe7\xb17\x14\x00\x00\x00\x00\x00\x82\xee\xcbb\x1c27\
\x1c\x81\x9c3c\x82\x91\x1e\xec\x8cF\xce\x9e~\xaaq\
_\xcf\xce\x03\xb4E\xbf0\xbd}\xc7h\xdd+{\xa8\
gG\xafq\xff\xaa5\x98\xa7\x0b\x9a\xc2r\xfdr\xdf\
\xc9\xdf~\xb1W\xbf~R\xd5J\x0e\x9f8I\xcb_\
\xde\x85\xa3\xad\x00\xdb\x89\x9dr.\x22\xc8\xb9\x88\xd0\xb2\
\xac\xce\x91\xab?\x04H\xd6`7^\x8f*\xe9\xd6r\
\xae\xa0\xb7c\x0ez\xe4\xc8|]\xd4\xbc\xb6\x01\xdeM\
\xe9=\xfa\x16\x8d\x1a<\x10'\x0d\x00\x00\x00\x00\x8a-\
\xe8\xd6\xdc\xf3\x85\x10\xf2\xc9t\xcd\xfc\x19\xd4\xa9_\xf3\
\xfc\xdd0\xb8\xe0\x96\xb3\xe8\x16?\xd7\x09K:_\x96\
\xaf\xea\xa6u\xdd\xbbqF\x82\xb4`\x19_\xa6_\xee\
\xac<}K\x8fy\xd7\x17\x9fS\xb9\xc2\x9fm\xdcM\
\x87tI\x07\xe9\x22,\x15\x17\xdeJh\x22\xa6%\x07\
<\xa2I\xdc\xd7v\xf1T\xf6\xc1;\x90L\xb8\xb5\xe8\
}\xd0)\xe0\x07\x88\xf5\xaf\x1f\xa0\xcbg\x8cK\xf7E\
8\xe5\x22\x9c\x88\x00\x00\x00\x00\xc8\x96\xa0S\x89S\xdb\
U\x14\xd2r\x0a?_\xbe\xf2\xa9\xcb\x8c\xa8\xfa\xf7\x1f\
\xdd@\xf7=\xb2\xde\xb8\x0d@\x02\xba\xf4\xcb}\xba\x94\
/\xf3\x08\xd2B\xfdj\x8e\xaa\x95rZ;\xa2\xe7\x0a\
\xe4\xdc\x8a,\xfb\xcf#O.\xe9^9w.Q\x0b\
\x94\x0b\xb7\x04\xc7\x9d\x83\xee\x08\xfb\xa7\xe1\xfa\xc2q\x5c\
\x84\xf0\x97t\x00\x00\x00\x00\x80B\x0bzY+\xb7s\
!-\x16\xf3(\x91\xf24\xe0H;\x8b:_V\xac\
\xea\xa6;\x1fz\x06i\xf0 \x0a\x1c-\xe74v\x8e\
\x96\xaf\xf5YF\xe9\xf4\x14\x9e{\x8e\xe8y\xb3\xac\xbd\
\xeeF\xb0\x8e\x07\xb5Hsz\xb4\xe3A\x11\xe4\xe2\xb1\
\x8b\xbai\xf5\xdb!k\xda.\xa2\xec\xb3{\x13\xd2\x12\
\x7f\x00@)\xe9\xd2/\xabp\x18\x00\x08\xa5\x07\x87 \
\x83\x82\xae\xb3\x80JT\xb9\x9d\xc5\xfc+\x9f\x9e\x97J\
?\xe8\xa4p*<_X\xd0o\xfb\xeeS\x10u\xe0\
\xf7\x86y\xa7~Y\xa6\x8by\xaf\xaf\xdb\x98\xd1\xf3\x0e\
U\x1b\xc1\xd1\xf3_lz\x13\xafF+\x5c]\x04\xdc\
\xd7\x88\xb9J+\xc7\x85\x8b\xb3\xef\x10\x22\xe8\x17\x84\x84\
\xf8\x8c\xb1n\x9b\x82\x14\xf7\x81h\xb3\x06@\x01Y5\
\xf5'\x87o\xc5a\x00\x00\xe4U\xd0KQ\x1c\x8e#\
\xe5Ko~\xb7\x92\xd6SI\xe1m\xf9\xe5\xb7?J\
\xf7=\xba\x81\xfej\xe9/\x8cBs\xa0\xf4,#3\
\x8d\xbd+\x0b\x7f\xbf?\xdc\x80\xb6j\xad\xc14TW\
\xbaw\xc5\xbcQ\x11\x9e9\xe5\x1eI\x8e\xe2\xc7\xce\x08\
\xba\xf0\x88\xba\x88\xf8\x03\x80\xf0>\xd9\xb9-\xde\x89\xef\
\x11\xe6\xa0k\xd6\x7f\x84t\x0c\x13.\x12\x97\xfe'%\
\x04\x1d\x00\x00\x00\x00\x19\x11\xf4~s\x97t\x92\xc2\xe8\
[VX\xfc\xe9yFjyV\xe1\xa8>\xcf\x81\xff\
\xc4\xed\x8f\x1a\xe9\xef\xa0t\xf4\xb0\x94\x93\x19-\xef\x89\
\xfa$]\xdenU\xf9\xf7\xbb~O\x1f\xfd\x1c\xd1s\
u8\xe6\x9f\xc7\x99k\x9d8@\xedqd;;\x9d\
\xb4z\xcf\x8eR\xa3.\xf2v\x84-X\xf7\xb8\xe3\x8e\
4\xa2\xf1\x00\x00\x00\x00\x00y\x11tv\xc3\x22\x1f\x00\
Nc\xff\xe9?|\xb0i\xf3\xcc\x1b\x81\x0b\xd4\xf1\xb6\
\x22\x9a^*\xba\xc8\x9c[\xbe<\xb6k\x09\xa1\xbcv\
\xc4\x0f7l\xc7+\xd4$Q\xb7\xaf\x84G\xdc\x938\
o\x8c\xe9\xde\xb5\xf1dU\xdd\x03V\x22\xad\x10\xdf\x88\
\xc5G\x5c\xae\xf7\xc8[j^\x83~\xc3\x89*}8\
\x17\x01\x00\x00\x00\xd0:A\xb7\x8a\xc3-(\xea\xces\
\xfa8\x0bo\xda\x95\xd9U\xc3\xd1\xf49\xd3O\xa5E\
\xb7?\x8a\xd6l\xc5D\xd2\x22-\x11\xdcyAY\xed\
\x08\x8e\x9e\xaf\xdf\x0dai\x0a\x8e~\xe2I\x83\xc5\xd5\
\x8a\xf0\xe4h\xd9&\xbc\xe6\xef]\xa5'?>nu\
6\xef\x06K\xd6\xe3j\xf0.\xfc\xb6\xdd\xf1\xb07\xab\
\xc0\x13\xd9_\xbfMQ\x07\x8c\xb6\xe9DG\xd7\xe0\x5c\
\x04\x00\x00\x00\x80R\xfa\x85<^\xd8\xe2p,\xb9<\
\xb7;orn\xc3\x11\xff_\xfe\xf3Gr\x11\xf9\x07\
\x91\xe1\x0a\xec\x8b\xf4\xcbT]\xcconD\xce\x11=\
\xcf7\xb5\x02k\xc2\xff\xc1\x88c8\x057\xce\xf3\xd3\
\xdb\x07\x8a\xbf\xc1\x91\xceq\x9c'\x00\x00\x00\x00(\x1e\
a)\xee\xd7\x14q\xa7\xb9u\xda7o~w\xee\xf7\
\x83\x7f\x5c`I\xe7twN{\x07\xb9e\x19\x05\xb7\
HK\x02\xa2\xe7y\x97t\x87\x81\xc6\xed\xf9mG\x96\
\x85\xf79V\x04\xbcV\x8f\xcd\x11!\xf7\x04\xcb\x85l\
\x85\x22\x9eHKS\xe2\xa52\x1e\xadH\x1c\x00\x00\x00\
\x00@i\x05\xbd\xa8\xe9\xedY/\x06\x97D\xd2\xbf\xf7\
\x95\xab\x8c\xdb\x90\xf4\x5c\xd1C\x11Z\xa4%\x14;\xe5\
\xd1\xf3\xbb\x9fE\xdb\xbf\xe6`%\x9a[\xf3\xbf\xa5\xf3\
\xc0\xa9\xde\xa1\xa3<XK\x1b\x17\x12\xa1\xb6\xd6IZ\
\xbc_\x06\xc2\xd6+\xd28\x1a\xc1\xad\xd8Ww+*\
Z8h\x06R\xdc\x01\x00\x00\x00\xd0:A/\xa2\x9c\
\x1b\xfd\xcd\x0b$\xe7NX\xd2\xd7\xbe\xb2\x07s\xd2\xb3\
\x0f\x17{\xbb/I\xd1\xb7\x18,%\x85\xd1s\xae\xda\
\xbei\xff\x11\xbc\x92\x19\x94\xf4H\xfe+\xdc\x22n\xff\
\xb7N\xceUE\xb2\xa5Qx\x11Y\xde\x9d\xd3\xdae\
S\xdc\x95\xbd\x0a\xfd\x87!\xb8\x0f\x00\x00\x00\x80\x96\x0a\
z\xa1\xd2\xdbY\xce\xedHsQ\xe1t\xf7?\xf8\xec\
\x03\x90\xf4\xec\xc1\x11r;Z\xde\xa3rEB\x88\x0e\
\xfdj\xa1\xcau\xa0\xefy\x13\x10\xb5\xfctW\x0d\xb5\
\x90\xea\xedUa\x0d+\xe6\xe61\xdb\xea?\xebR\xe3\
\x85\xb5N\xc9\x0f\x01\x22\xc8\xc1E\xe0\xfa\xeaC\xe0\xc1\
)\xee\xb2\xc5\x95\x1b9\x00\x00\x00\x00@\xc6\x04\xbd\xb3\
(;\xc9\x85\xd4\x8a0\xe7<\x0c\xbb\x0d\xdb\xc5\x1f\xff\
\x1eZ\xb0e\x83.2\xa3\xe5\xcb\x9a\xb8\xce\xc5*\x07\
\xe7\xe8\xf9\xee\xc3\xc7\xf1\xcaf\x98\xb8\xbd\xc7\x83\xda\xa1\
e\xb2\x10[P\x08\xddb\xcb\xde#4e\xec\x90\x94\
?-\xdbqr\x01\x00\x00\x00@9\xd2*\xee\xfd\xe6\
.a9/D\xf5v\x96\xd6{\xbf|en\xab\xb5\
\xc7\x85\xfb\xba\x7fO\xdf_\xd02\xec\x16i\x17\xeab\
~E3\xe5\x1c\xd1\xf3b`F\xc05S>5w\
0\xbcf\xa5\x9a4U\xbc\x1a\xed\x16\xce\x7f\xf8\xacD\
\xd4\x86p\x0d\xa5\xaf\xdb\xfc\x9f\xb5\x19\x8e\x8bs\x0b\xec\
\xcd\xf0\x1b;\xb0\xbdZ\xdd\xb6\x89\xe0\x02t~\xeb\x22\
\xf9\xfd={\x15L\xc1\x80\xa0\x03\x00\x00\x00\xa0U\x82\
N\x05\x8a\x9e\xf3\x9c\xf3\xb2\xb5\x22\xbbf\xfe\x0c\xa3R\
=h*=Tk\x91\xb6(\xe5\x8a\xecQA\xf4\xbc\
\xa8\xc2\xee\xfb\x98\x7f\x1f\xf3(h\xce\x15\x08\xc9\xb8\x1e\
\xa7\x8e\xb2q\x82\x22\x88\xb4\xd7\xf8\xa3\x1c\x07I%{\
\xb4Z\x03\x00\x00\x00@\xd1\xf0Kq\x9f_\x84\x9d\x9b\
\x7f\xd1\xe4\xd2\x8a*\xff0\xb1bU7\xf5\xec<\x80\
\xb3\x5c-\xcb\xc8Lc\xefj\xa9\xc4!z^:e\
\xb7%\xda\x9c\xae.\x1a\x9b\x8f-i\x9a.$R\xec\
\xfa\x1d@P4\x89\xb7\xe5\x5c$\xdf4\xe1\x99\x9e\xee\
\x0a\xc0K\xc6=p\xf4-\x9c&\x00\x00\x00\x00\xc8%\
\x85\x8e\xa0\x17\xbd(\x5c\x10\x9c\xd2_\x86y\xf7-\xa2\
G\xbf\xdcF\xb5hyW\x06\xb6Ii\xf4\xfc\x17\x88\
\x9egK\xd1\x83D\xd8\xf5\x0f\xad^v}\xbc\x5c6\
Fu\x04\xcd\xfdoW\x0d:.dg]\xe4\xdb\x11\
\xb4\x8d\x8e;}\xd2\xd85\xc9z\xed\xf4{\xe7\x9d\xd5\
\xb4|\xfd\xb2\xeeu\x05?L\x0e\xbe\x08'\x1e\x00\x00\
\x00\x00\x94S\x17A\xb7\xe6\x9f\xe7\x1e\xeew\xce\xf3\xb1\
\xcb\x0c\xa7\xbas\x16\xc1\xaa5\xe8Y\x9d\x12,\xe2w\
*n\x91\x96@\xd6\xd4F\xcf\x0f\x9f8\x89\xe8y\x0b\
\x89\x1d|n Z\x9d\xea\xb8\xb2\xe5S\xd8\xb6\xe0\x1a\
q\xaav\x1e\x00\x00\x00\x00\xa09\xc8\x22\xe8s\xf2\xbe\
S\x1c=\xfe\xfc\x87.\xc1\xab\xab\xb3\x14Q\xf4F\xe1\
\xa2ow\x90\x19-\xbf\x22krn\xa14z\xbe|\
\xe3nD\xcf\x9b\x8d\xa3\xd0\x9a\x90\xdc\xe7k\xae\x11\xe4\
\xd6\xd9\xa1L\x08I-\xb7Jm\x1d\xd5\xf4\xf2\x8a0\
.\xc2YX\xae\xae\x06\x9d\xe6\xbf}B\xb2\x0f\xc2\xb3\
@\xd4y\xf4\xd5\xf0y\xfd>\x01\x00\x00\x00\x00\xe4\x1d\
\xd9\x1c\xf4\xd9y\xdf)\x9ew^\x96\xaa\xedap\x81\
<\x8e\xa4\xf3|t\x10\x0b.\xf2\xc6\xbd\xcb\x97\xebR\
\xde\x9bY\x8fkB\xf4|\xf9\xc6]8\x1b\x9a\xee\xe7\
\xc2\xe5\xb5^\xc7\x0d\x95{\x9f\xfb\xdcN\xdc\xc2Hs\
\x03\xd1\xf5(\x9b\xbdv\x9b\xa2\xda\x1b\x5c\xc9\xfd\xed\x9d\
8A\x01\x00\x00\x00\xd0TA\xcfu\x04\x1d\xd1\xf3z\
\xf8\x07\x0b\x08zd\x96\x91\x99\xc6\xbe6'\xdb\xab<\
z\xce\x92\x0e\x9a(\xe7V\x98ZHLT\x84\x88\xb9\
\x10\xf5K\xdb\xe3pd\x5cX\xf2_7\xb6=\x8f\xdb\
j\x88.\xfcV\x16(\xd1\xa2~@\xfb>g\xb3u\
\x22w\xe3u{\x92\xbb\xb0\x9b\xb2;\x16\xd2\xdcR.\
\x22Z\xfa\x81#\x8a\x8a\xc4\x0d\x84\xa0\x03\x00\x00\x00\x00\
\x82\x1e\x8bk.\x9f\x8e\xe8\xb9\x07\x9e\x87\xce\x91\xf4u\
\xdd\xbbq0\xe4\xf4\x90\x19-_\x96\xe5h\xb9D\xe4\
:\x08\xd1\xf3\x82\xdb\xba\xbb\x8ay\x8c\xa7\xd5?O\xab\
9\xaf\xa8;\x97$\xeb\x12\x92\xca\xf0\x22\xf2\xc9)\xdf\
\xa0\xea\x18\x9e\x94v\x97\x81\x0b\xdf\xf5U\xb7\x1dS\xcd\
\x01\x00\x00\x00P\x06A\xef7wI\xee\xe7\x9f\xa3\xff\
\xb7\xffq\xf9\xc4W\x1f\xc1\x81p\xc3\xf3\xc9\xef\xcb\xe8\
\xbc\xf2( z\x0eb\xa1i\xfe\xb2\xdfT\xdf\x15\xc9\
7 h\x1fl\x94\xb5Y\xeb7\x1c'\x11\x00\x00\x00\
\x00\x9a'\xe8:\xa3\xf2\xbc3\x5c\xb5\x9d#\xc5\xa0\x1e\
\xce,\x00\x06\x1c!\xb7\xa3\xe5=y\xdd\x09D\xcfK\
$\xd5.w\x15\x812\xab\x05\xb9\xae$\x1a/+\xae\
V\xcd0\xb7\xd7\x1c\xb7r\xbbL\xba\xb5\x80-\x15\xd1\
\x87\x15\x11\x17\x5c\xa7h\x0e\xba\xd66\x9d\xc4\xe1U8\
)\x01\x00\x00\x00\xd04A\xef\xcc\xf3\xce\x5c\x7f\xd5\x05\
xE}\xe0\xb4\xff\x92\x17\x8b\xeb\x223Z\xbe\xac \
\xfb\x83\xe8y\x81\x09\xedUn?&\xa9\x1c'\xa2<\
1\x0b;\x16\xfcK\x04\x00\x00\x00\x00\x00\x04=\xef \
J\x1c\x0c\xcfE/\x99\xa0s\xb4\x9c\xd3\xd7\xf3T\xf4\
-\xdcq\x10=/\x8d\xa4\x0b?\x8bu\xc8,\x17|\
\x13u\xc2.\xa2\x89\xb0$\xe2\x1d\xe8\xc9\x91\x1f\x0c\x88\
y{w\xac\xaeH\x9c\xcf\xd0\xae\xe1<\x0bF\x0e\xb1\
\x03\x00\x00\x00\x00d\x1bo\x1f\xf4\xf9y\xdd\x11\x8e\x10\
#\xbd=\x18\x8e\xa0\x97\x84\x1e\xfd\xb2\x88\xcc\xde\xe5\x8b\
\x8a$\xe7\x16J\xa3\xe7?\xdf\xfc&\xa2\xe7\x19@K\
\xfb\xd9>\x03:\xa3\xf0iE\xdf5\xef*E\xc8/\
\x11Q\x7f\xb1\x88\xf1\xd8\xaa\xee7\xd3\x7fQ\x06\xcd\xc0\
\x89\x09\x00\x00\x00\x00\xa5\x14&\x82\xce\xd1a\x10\x0c\xcf\
\xd1\xe7\x1f2z\xfb\x8e\x15u\x17\x97\x91\x99\xc6\xdeU\
\xd4\x1dT\x1d=gV\xbc\x8cj\xffY\x90sg'\
\xb2tO\xa2z9w\x16l\x17A\x96.\x22\x0e\x1c\
w\x1fD\xdc\xc7\x83#\xf3\xcaZ\xbc\xf7\x1b\x86\x93\x13\
\x00\x00\x00\x00M\x15\xf4\x8e\xbc\xee\xc8\x1cD\xcf#1\
{\xfa\xa9\xb4j\xcd\xd6\x22\xedR\x0fK9\xe5\xbc\xe8\
[\x0c\x94F\xcf\x7f\xb1\xe9M\xda}\xf88\xfeP2\
\x8b\xd5\xc9\x5c$h\xbd&\xbc\xfa\xcc\xff\x95\xf4Z\xd7\
\x9c7\xe4}\xce\x84\xb4Qz\xad\xbc\xba\x9dt_u\
f\xefP\xde~\xe8Q$=\x06\x1a5\x9a\x81\x00\x00\
\x00\x00\x00\x00Ao\x08D\xd0\xa3\xd1y\xf1\x94\xa2\x08\
z\x17\x99s\xcb\x97\x97\xe5\xb5kF\xf4\xfc\x87\x1bv\
\xe0\x8f$#\x1a^\xe7\xac\xb2;E\xd2\x91k\xb7\x85\
\xa4\xc0\x9c\x10\xfe\xe3\x8b\x06Z\xa4\x85nR\x8a\xf4\xec\
=B\x97\xa7=\xe8\xc0v\x9c\x9c\x00\x00\x00\x00h\xaa\
\xa0\xe7\x96)\xed#\xf1j\x16\xff8q\xd1\xb7e\x96\
\x98\xf7\x94\xf0\xe5C\xf4\xbc\x84\x92\x1ez\xa7\xb4\x9a\x5c\
\x98E\x8b:!\x17\x9e\x16n\xae\xe2sR9\xd7\xc2\
m>\xf2\xce\x8atD\xdd\x116\xdf\xb2\xef\x88\x82O\
L\x08:\x00\x00\x00\x00 \xe8\x91\xe8\x80\xa0\x97\xe18\
\xf5\xe8b~s)e\x0d\xd1\xf3\xd2\x9bz\x0a\x1a\xec\
\xef\xb5Fv\xba;\x0f]\xf3\xa4\xa5\xfb\xd6g\xaf\x16\
\x96\xd7Hh\x11D[6)]\xd3\xa2W\x9e\xf7\x1b\
\x04m\xda\x00\x00\x00\x00P\x00\xaaU\xdc\xfb\xcd]2\
*\xaf;\xc1\x85\xcf@4r\x1eA\x9fS\xe2\x97\xee\
F\x95\x83#z\x9eqG\x17\xea\xe4\xdc6n\xad\xee\
\xbf\xe4\x8aHk\x11\xc6\x08]P\x0b\xb8O\x8b\xb6\x9d\
Q\x1f\xeb=\xf2\x16N\x1c\x00\x00\x00\x00\xe4\x8e\x01E\
\x90\x1f.|\x06\xa2\x81L\x83<\xca\x99\xe0\x1f\xcf\x16\
\xaa\x5c\x07\xa2\xe7\x19y\xadI\x1eH\x0em?\xee\x1c\
\xc0G\xeek+\xa0\xbal\xf7j\x8a\xbb\xf0lG`\
@\x5cx\xfe%(tQ\xe1w[\xc4l\xa3&$\
\x07\xce\xbd?\xeb^?\xa0\xe6E\x1a|\x11\xd1\xd15\
8Y\x01\x00Q>\xbf;\x9d_\xc1\xa8\xb1ZO]\
\x8e\xdbk5M\xeb\xc5\x11\x06\xa0\xf8\x82\x0e\x00\xc8&\
7\xe9\x17e\x19.\x88\x9e\xe7\x984\xd3\xba\xe3vU\
Ky]\x99\x1e\x17\x00\x00\xea\xe5{\x8e\xf5\xd9l_\
\xcf\xb6\xae\x1b\x15q?\x16{\xd6\xcfW=\x8e\xcb\x16\
\x16w\xbe\xad\xcb\xfbZ\xbcB\x00@\xd0\x01\x00j\xbe\
\x00\xf0\x87\xbd\xd2\xf4\xf6\xe5\x1b\xd1\xf7<#\xaf\xb5}\
\xa3&\x9b\xc2\xa7\x06\x5c\x04s\x17F;6\xc9<m\
\xaf\xd0J\x22\xf0\x9asY\xe1l\xbd\x96\xd0\x81\xfd\xda\
\xac)\x92j\xb4X\x03\x00\xa4\xf8\xde\xdc\xe9\x90\xee\xf9\
\x0e)\xcf\x02\xd2\x1f\x03\xac\xf7\xfe.K\xdcW\x91\x19\
q\x87\xb4\x03\x00A\x07\x00\xa4\x80\xd2\xe8\xf9\x86=}\
\xb4i\xff\x11\x1c\xe5,\x12\xa1?\xb8\x90LN\x17\xb2\
\x92\xebBrW]\x89\xf6\x10\xab\x16\xe1\xb5\xdc\xfc7\
4\x9d\xfd\x8dc\xe6\xcaR\xdcQ\xc9\x1d\x80\xa2\x8a\xb8\
-\xde,\xe4S\xac\xdby\xae}\xd3i]/\xb4\xf6\
\xaf\xd7\x92v\x16\xf6.\x08;\x00\x10t\x00@2\x94\
F\xcf\x7f\xb8a;\x8ep\x0e<]6\x05\xdb\x96\xf3\
\xea\xf4m\xe1\x08\xbe\xcb\x9a\x9b;\xc4\xbcN\xb2\xc3\xa4\
\xd8\xf1xbI\xf7nD\xa32\x1e\xc2\x81\xa3j\x8a\
\xc4i\x03\xdb\x91I\x0f@\x01\x18r\xf1\x1fM\x11?\
\xfe1\xff\x08>\xbb\x002\x1e\x05\xfe\x01b\x81u\xb1\
\x85}\xb9~Ya\x09;\xe6\xb4\x03\x90AA\xef\xc9\
\xebNl\xd9y\x00\xaf$(\x1c\xfa\x87\xe7BR\x1c\
=\xdf\xb0\xbb\x0f\x07:3/x}\xdd\xb4 \x87\xd5\
\xac4\xf6H\x86\x1f\x22\xc3^\xe9\x16\xb6\xe4K\xb6I\
\x88\x18\x03\xfb\xfd\xca\xa0ys\xe6\x9d\x0bH\xc6E\x9b\
5\x00@\x03\xf4\x1b:\x92\x06u\x5c@\xa7\x9c3\xcf\
\xbc\x9c;\x8f\xef^X\xf2\xc3b\x17\xa0]h}\xe7\
\xb0e}9d\x1d\x80\x8c\x08z\xe5\xe9[z\xfa\xcd\
]\x92\xcb\x9d\xe8\x81\xa0Gf\xd5\x9a\xady\xde\xfc\xb2\
}`,V98\xa2\xe79p\xf6P\xe1L\xc1J\
\xed>\xe6\x92\xc8x\xa6|W\x0b\xfc\xb5B\xfa\x18\xb7\
Z\x1b5d`\xca\xdf\xf4\x87\xe3\xc4\x04 \x07B\xce\
\x22\xdev\xae)\xe4,\xe7 \x14;\xba~\xaf.\xeb\
\xcbX\xd6uQ_\x8e\xc3\x02@\x0b\x05=\xef\xf4\xf6\
\x1dC?\xf4\xe2S\x9a\xf9RV\xf4\xbcC\xd5\xf8\x5c\
\xb5\x1d\xd1\xf3\xec\xa1\x91\xbc\x8e\x9btA\xberF\xbd\
#\x14^\xd34\xf9\x0f\x00f\x94\x5c\xb3DWD\xea\
y.\xc2\xe6\xac\x07<W\x9e\xb3\x9f\xfe\xcf\x02\xeb\xb6\
\x1d\xa0\xf93\xc6\xa5\xfb\x22\x0d\x9a\x8e\x13\x15\x80\x0c\xc2\
\x22>\xf8\xd2\xab\xf4\xeb\xcb \xe4\x8d\xc3\xdfA\x16\xea\
\xdfEz\xf4\xeb\xfb\xf4\xcb2]\xd6{pX\x00\x80\
\xa0\xc7\xfb\x22\xf6\xca\x1e\x9a\x7f\xd1d\xbc\xa2a\x86\xdb\
\x8d\x8a\xdd9A\xe9\xdc\xf3\x07\xd0\xf7<\x93H\xeb\xb6\
\xc9\x8a\xbe\xf9,\x1f\xea\xb7\x22#;\xe8'\xefI\xb7\
\x1d\xa9\xed\x00\x94\x0e3e\xfd2K\xca\xe7\xe1\x80\xa8\
\xa1\x83\xccl\xbe\xc5V\x0a\xfc\x9d\xba\xa8w\xe1\xb0\x00\
\xd0\x5cA\xe7\x14\xe2Qy\xdc\x11\x16O\x08z8\x98\
\xaf\x9f\x03I3[\xba(+V\xc3\xd1s\xee}\x0e\
2\xf5\x9a\x93\x08\x92t\xf2\x9f\x90\xee\x0a<\xcbr\xe2\
\xb5 \x9b\x0f\x12f\xcb\x98\xbd\xf5\xe6D\x83\x96\xec\xed\
\x1bg\xf7t\xe3m\xf7\x93t\x11a]\x22\xc1>\x02\
\x00\xf2\xf3\x85u\xfcd3m]\xbf\x0c\xd1\xa5\xbc\xdf\
\x90\x918(\xcd\xc5H\x81\xb7\xa2\xea\xb7\xe9\xa2\xbe\x0c\
\x87\x04\x80\xe6\x08:\xa7\x10wB<\x8bK\xce#\xe8\
=%y\x99\x94\xce=G\xf4<{\x84&\x87W\x8b\
\xb59\x0a\xb7I{\x9ck\xf5\x16\x1d\xa5B\xbb \x97\
\x8c\xfb\x15\x89\x93\x0a\x7f\xf4\xbd\x90/\xe6\xfcaA\xa4\
p \x1d\xe3\xae\xee~3\xfd\x14\xf7\xb6\x198a\x01\
h\x12F\xda\xfa%V\xda\xfa\x14\xa4\xadg\x84\x0e2\
\xe7\xa9/\xd5\xaf\xef\xd4/w\xa0\xa8\x1c\x00j\x05=\
\xb7t\xe5\xbb\xf8Y\xd3\xc8y\x91\xb8-E\x7f}\xf4\
\x0f<\xbb\x07\xab\x12\x0e\x9f8I\xff\xb5m?\xfe\x10\
\xf2|\x8e4l\xfb\xd1\x07N=\x10mo\x9bl\x1b\
\xf3\x12\xf5\xee7\xac|'\x1d\xff(\xd1\x7f8\xd1\xc0\
v\xf3b\xdf\xe7,\x98w\xca\xf4\xe8\x05\xf4*}D\
\xc7\xba\xdd\xf7\x1dYS\xbb}l#\xd1\xc9C\xf2\xe5\
@\xb1\xbf\x94\x8e\x9flF\xc8u)\xe7kD\xc93\
\x0dg\xdcr@\xe1F\xfd\xbb\x0bD\x1d\x00\x85\x82\xde\
\x93\xd7\x1dY\xd7\xbd\x1b\x85\xe2BX\xb1*\xf7_t\
\xca\xf0\xc6\xaft\xee\xf9\x8a\x8d\xbb\x0dI\x07\x19#\xa0\
\xb9\xb8\xd3i\x9df\xab\x7f\x11\xb2\x9e\xe2\xaa\xf4\xd6\xd8\
6\x18\xe3\x88j0\xde\x1e7\xda\x1cw\x11.\xff\xc2\
o;\xb5Z\xc5;\xe1s\x10\x5c\x8fy\x0c?F\xc7\
7\xe0\x83!\xdf\xa7\x11\x0d\xb9H\xfff`\xdd\x8e#\
\xdd\xb1~\xe4\x18\xceM\xa8\xdd\xf7y\xff\xed\x85E\xdd\
\x16v\x96\xf7#\xcf\x9a\xf7\x1f~\x16\xaf]\xce\x194\
\xe5|#J>\xf8\x92+\x11%\x87\xa8\x03\x00$\x82\
\x9e\xeb\x08\xe5\x8a\xd5\xaf\xd0\xf5W\x9e\x8fW\xd5\x87U\
\xf9\xcf2(t\x15w\xfd\x83\xad\x83\x14\xf7e]\xbe\
q\x17\xfe\x10\xf2z~\xc4\x94b\xd1\xc0J\x14\x14T\
o\x09={\x8f(\xfa\xe4\xd4\x05\xf6\xed\x9d\xf9=0\
\x1c\xfdn\x9bn]\xcf0\xa5<\xeb\x9c2\xc3#\xf2\
\x9f\xae=\xf6\x96\xfeZ\xbc\xb5C\x97\xf55\xe65\xff\
\x1b\xe2\x9eY8*n\xa7\xad\xf35\xa2\xe4\x85\x14u\
\x9e\xa3~\x07\x0e\x09\x00\xe9\x08zO\xae\x05}U7\
\x04=\xe4\xf8\xe4\x9c\xa2\xff\x22\xabt\xee9\x17\x86C\
\xf4<\x87\xd8\xbd\xd7\x849\x07\xbdV\xd4\xdd\xbf \x9c\
\x882\xef\xbc\xee>Q\xf7O!\x19^$\x99\x83\x1e\
'\xed\xde\x8a\xe4kVD]\x88\xe4\xc7m\x8b*A\
\x1f\x983Ag\x01\x1f|\xb1y\xdd6\xbdx\xbd\xdc\
\xed\xd4{o\x14\x9eE\x9d#\xee\x9c2\xcf\x11w#\
\xfa\x8e\xf6\x92\xad\x80\xa3\xe4m\xb3\xac\xd4\xf5Y\x97\xe1\
\x80\x14_\xd4\x97\xea\x9fQ\x9c\x11\x88br\x00@\xd0\
\xbb\x91\xe6\xee\x03O\x01\xe8\xc9y!\xbd\xca\xd3\xb7\x14\
6\x82\xae\x7f\x90\xf1\x07\xda\x02\x95\xeb@q\xb8\xfc\xf8\
x\xec\xb6i\xc2u.%X\x09I\xb3\xc6S\x0b\xa0\
\x0b\xf9\x0f\x09\xd5\xfb}W\xa6Y\xc5\xe4\xcd\x1f&\xec\
\x99\x00\x8el|+\xd5_T\x8b\xce\xf3s\x04\x89r\
\xa7\xbb;\x85|\xf0E\xe5=\x0e\xb6\xb8\x0f\x9f\xef\x91\
\xf6\x8d\xa6\xacs\x94\x1d\x91ve\x18Qr]\xc6\x07\
_|\x951\xb7\x1c\x94\x8e\x0e2\x8b\xc9]o\x89z\
\x17\x0e\x09\x00\x09\x04]\x17\xa0\xae~s\x97\xe4z\x87\
\x90\xe6.\xe7\xce\x87\x9e\xc9\xfb.\xf4\x14\xfc%\xba\x89\
\x14\xb68\xe4\xc2p\xdc^\x0d\xe4\x14\x91\xa2\x9cG\x90\
t\xbfZn~\x9d\xdc\xc2\x7fI\x08x8f\xf1w\
\xe7t\xfd\x9a\xb0\x9b\x92\xee\x1d\xab\xf7\xc8[\xe5\x11Q\
\x16\xf1a\xf3M)/Z\x84\x5c\x89\xb4w\x12\x8d\xb7\
\xees\xca:\xdf~\x0b?f&\xfaB\xa9K8\xcb\
x\x9b%\xe5\x00Xt\xf2E\x7f\x8f^\xa6_\xdf\x8c\
\xf9\xe9\x00\xc4\x14t\x87\x08u\xe4YD!\xe8n8\
\xab\x80\x7f\xb8\xc89k\x0b\xfe2]\xafrp.\x0e\
\x07\xb2\x8d\xa6\xf9\x08\xb0\x16\x22\xb1\x8eh\xb4\x16\xe2\xc4\
\xce\x8ejA\x02\xed\xad\xe5\xa6\xc5\xd7q\xdfm\xf4\x8e\
\xe7\xb7\x0e\x11\xa1\xf0\x9b\x91\x86/\xbc\xb7k+Y\xb7\
MM\xd6\x90\xa6\xcb\xb08\xba\xa6\xb5'\x8c=w|\
\xc4\x95h\xfd\xd6(<\xbf\x9d/c?l\xfe\xdb\x9e\
\xc3n_ \xec\xbe\x0c\xbe\xf8JS\xc8/\xb9\x8a\x06\
\x8cC\x94\x1c\x04\xb2\x90\xcc>\xea\x98\x9f\x0e@\xd9\x04\
\x9dS\xb9\xb9\x18\xda\xfc\x8b\xf0Aa\xf3\xad\x1f\xfd\xce\
\x90\xf4\x9c\xb3\xae\xa8\xaf\x8f\xfea\xb5P\xe5\xdf\xdc\x86\
=}\xb4a7\xe6]\x82\xb4\xec\x94\x9a\x97>\x8e\xaa\
\xec\xf5R\xceB>t~\xad\xdd\x19H\x1f>\xb6\xa3\
\xae2/Na?\xd8e\xcee\x7f\xbb\xbc\xef\xa7\x03\
\xa7\x9cO\xa7\xcc\xbc\xcc\x98O\xcer\x0e@L\xec\xf9\
\xe9\xd7\x90\x19M_\x8bC\x02@4A_E\x0a\xfb\
07\x83\xdb\xbe\xfb\x14\xfd\xf2\xdb\x1f\xc5\xabKf\xf4\
\xbc\x00\xe9\xedL\x91\xdf\xc4\x95\xb6V\xe3\xe2p ?\
\xee\xdb\x98\xff\x06\x87\x9d\xab\x8f\xca\x16\xf3\x89\xc4\x0b\x99\
\x9cK7\xd2yg\xf0vH\xb2\xf3\xeb\xefK8\x95\
\xbe\x90\xb2\xc8B>\xea:HyV\x84\xddN\x89g\
a/\xf8\x1cv\x8e\x8a\xb7YB\xce\x91rD\xc9A\
J\xb0g<gE\xd3o\xc5\xe1\x00 \x5c\xd0s/\
B\x1cAG\x14\xdd\xa4 \xd1\xf3\xc2\x0a\xba\xfe\xe1\xc4\
\x1fRsT\x8d\xcf\xf3\xce!\xe8y?Ib\xd8i\
Rc\xad\x96g\x17\xbe\x02\x9d\xda\x86;\xb6Q\xa6\xf4\
\xb1\xd7\x1b\xf0\xa3\x01\xdf\xc5i\xee\xb3'\xa5\xdc\xc6i\
\x80bQ\xe69\xe4\xc3.7\xa5\x1c\xe9\xeb\xd9\xc3\x99\
\x12\xcfU\xe1\xedT\xf8\xbeUD'\xf2\x9d\x0e\xaf\x0d\
\x19i\x14vk\x9b9\xcf\xb8\x1e8\x19S\x06\x81R\
\x16[\xd1\xf4E\x88\xa6\x03\x10,\xe8]E\xd8\xb1\x9b\
\x97\xfe\x82\xd6\xdc\xff\x89R\xbf\xb8\x05\x8a\x9e\xf7T\x9e\
\xbe\xa5\xa7\xa0/\x93\xd2\xe8\xf9\x8a\x971\xf7\xbc\x10\x8e\
\xaeR\xd2]\xcb\xd7Kz\xddvD*\x12\xd7X\xbb\
\xb5\xd8\xbf3\x04H\xfa\x01\x15\x85\xe2T\x09\xfa\xe0\x8b\
H\xe3\x14\xf6\x11H\x1d\xce\x0d\xfd\x87\xeb\xafW\xa7y\
i\xff\x82\x15]\xff]n\xa2\xeb\xdc\x83\xdc\x88\x90\xcf\
4#\xe4\x10\xf2\xf48p\xfcmz~\xefa\xe3z\
\xc3\x9b\x87\x8c\xfb\xf8\xfa\xe0\x89\x93\xd5\xb7)\xfe7?\
\xee\xe5\xbc\xb1\xc3hd\xdb\x80\xea\x1b\xdae\xa7\x9b5\
d\xcf\x1f7\x94F\x0e\x1aP\xfdwA\xe0 \x05\xa2\
\xe9\x00\x04\x09\xba.B\xbd\xfd\xe6.a\x19\xea\xc8\xf3\
\x8e\xf1\x5ct\x96\xd3\x1b\xaf\xbb\xb4\xb4/\xee_-\xfd\
\x05\xa2\xe7\x99\x96.\xc1\x7fc\xcaZ\xabq\xcf\xf3'\
6#z\x9e\x9f\x13\xc2]\x98\xad\x11\x93\x0f\x1d\xa7\xae\
4\xbbc\x03<\xde\xeb\x5c<q\x1ft\xe1]\x97\xbf\
\xd2\xc7\x15sM\xd4\xdc\xdc\xb9\x1d\x82H^\xdd.s\
\x864\xdc\x10rm\xd4\x87\x90\xc2^\x04\xaa\xd1\xf5\x8f\
\x98\xd1\xf5\xbe\xaeZ:|\x06z\xb0s\x8a:Kx\
\x9b\x11%\x87\x90\xa7\xc1V\xfd{\xd6\xeb}\xc7\xe9\xd7\
\xdb{\x8d\xdb[\xf5\xdb\xbf\xda\xde\x1b\xf6v\x1f\x88-\
\xf4\xf6\xd2\xde\xf1\xf8\xf9,\xf0\xe7\x8f\x1bF\xf3tY\
gq\xe7\xdb\x93\xf3\xddf\x18\xd1t\x00\xfc\x04\xddB\
\xff$1\xaa-\xe6\x9a\xaf\xfe\xcb\xaf\xe8\x9a\xf93\xa8\
\xa3}d\xe9^XN\xf1\xbf\xef\xd1\x0d\x85\xd9\x9d\x82\
\xbeLj\xe7\x9e\xebr\xce\x92\x0e\x8a-\xf5\xf1\xad\xb6\
x\x04E\xdc{\x8f*\x88\xa0\xa7\xd1\xc6\xacm\x86)\
\xe5\x88\x96\x17\x17\x8e\xae\x8f\xba\xda\xbc\x9cNft\xdd\
\x88\xac\xff\x8e\xe8\x90\xfa\xe8\xba\x19\x1d?\xb3*\xe2\x83\
\xf4K\x7f\xcc!o\x08\x8ev\xffz\xc7\x01z^\x17\
\xe8_Y\xd7\xb2\x08x\xb3\xb6\x85\xc5\xdd)\xef,\xe8\
\x1c]\x9fw\xfaH\xe3:\x87\xc2\xce\xd1\xf4'Q\xe9\
\x1d\x94\x1di|\xa1\xdf\xdc%,\xe7\xf7\x16a\x07y\
\x1ez\xd9\x0a\xc6q\xd4\xfc\xack\xbf]\x94\xe893\
\xb5h)\xee\xfa\x87\x0f\xe7\xa7m&\x85\xbd\xcf?\xb9\
b\xbd1\x07=\xcc\xdd\xa2\xba]\xe88\x22\xf8Y\x8d\
nG\xc8\xf0\xe9\xedG\xe8\xe3\x22p\xc1\xa4\xe3\x8b\x8a\
9r\xc5\x8e\x82\x8bZJ\xb9\xfd\x18\xf7\xfa\xb6\x8fs\
\xa5\xe2Y\x8ej}\xd0\xcd\xfb\x84\xabm\x9b\xf1\x98\xb5\
\xac\xbd\x0fu\xeb\x22\xf9\xba\x84c]\xf6\x0eT\xea\xd6\
)|\xb7\xc3\x19\x9cw\xae\x8b\x9c\xdb\xe8xNu;\
$\xe3\xb9\xc6\xf5\xec_\xedR[\xee\xcbW\xcd\xa4\xaf\
\xe8\x97\xd4\xff\x86_{g\xb2\x1fF\x86_i\xa6\xb1\
s\xdfrPnX\xd8\x8fn4\xab\xc4\x1f\xfa\x9dy\
_PZ\xbc\xdf\xf96\xecb\xf3z\xe8\xc5\xe6\x8f\x02\
\x83\xcf6\xa3\xf8\xfd\x87\xe3\x187\x08\x0b\xb8-\xe4\xbf\
\xde~\xc0\x88\x90Gy\xafo\xf8sF\x04/\x1d\xf5\
\xad\x87\x05\xfd\xca3\xc7\xe9\xb2>\x92\xae\x9a:.o\
\x87\x7f9\x99\xd1t\xf4M\x07\xa5c@\xc0\x1fE!\
\x04\x9d#\xc9\x1cI\xff\xca\xa7.+\xcd\x8b\xfa\x89\xdb\
\x1f-\x92\x9c\x17u\xfe\xf9B\x95r\xfe\xc4\xa67\x0d\
9\x079\x22\xac\xd7y\x92\xc7\x82\xbe\xd4IK\xa9\x0b\
\xd7\xb0\xde\xc5\x13\xa7\xb8;\x1e\xd5\x1c\x8b\x09\xeb^\xa3\
\x07|\x82\xb9\xf4N\x11\xf7\xff\x91(\x038\xd3\xd8\x07\
 \x8d\x1dX\xd8\xe9\xf0\xcc\xa97\xb8\x1f\xe3bs,\
\xeeA\xcf\x85\x80+\x13\xf2_\xef\xe85\xae\x8d\xe8x\
\x8e3\x94\xf8\x07\x85\x7f^\xb7\xcd\xb8pJ<K\xfa\
\x95g\x8e\xcd\x8b\xac\xf3\x14\xc09B\x88k\x91\xf2\x0e\
 \xe8T\x9d\x87\xce\x7f\x0cs\x8a\xb0\x93\xdcv\x8d#\
\xe9e\xa8\xea\xce?F\xacX\xd5]\xa4]\xea*\xe8\
K\xa5<\xbd\x1d\x14D\xd2\xa3\x08x\x5cI\x17\x92;\
=r\x9eV\x81x\xe7\x93\xabc\xb8*\xb9kfD\
?\xe1J3-\xe7\x03\xdbI\x1b~\xa5Y\x8d\xbd\xdf\
0\x9c\xdf :\x83N3/@),\xe0\x8f\xf5\xec\
5\xe6\x8f\xb3\x90o-NpC\xba\xaf?|y\x97\
q\xe1\xc8\xfaUg\x8e\xa3\xcf\xce>=\xebi\xf0\x1d\
d\x16\x90\xbb\x19)\xef\xa0\xf4\x82n\xb1\xa2(\x82\xce\
\xfc\xf1\xdf\xfc\x1b\xfd\xf2\x9f?B\xb3gL(\xec\x8b\
\xc9s\xce\xf9\xc7\x88\x82\xb1\xa2h;\xa4\x7f\xd0, \
\x85E\x187\xed?B\x1bv\xf7\x11(\x8e\xa3\xc7{\
6Qh$[\xda\x07]s\xdb\xbb,\xac\x1d\xb9\x0a\
\xbbV\x9b\x0a\xe0YU5m\xdf\xbaW\x90Ou\xf8\
\x06*\xe69\x8b\xba\xaf\xeeV\xf4c\xd5\xa0\x19D\xc7\
\xbb\xfd\xc5|\xcc\xa7\x8ctv\x00@\xb6`\x11\x7fl\
\xf3\x9b\xd5\xd4\xf52\xe2\x8c\xac\xf3\x5c\xf5\x8f\xce\x9c\xa0\
_&fy\x93\x97\xea\xdf\x9df\xeb\xd77#\xe5\x1d\
\x94]\xd09\xcd}qQv\x94S\xbe\xff\xe0\xb3\x0f\
\x14V\xd29\x95\xff\x13_}\xa4h\xbb\xd5[y\xfa\
\x96\xe5\x05\xfc\xbb\xbb^\xe5\xe0+7\xa2\xb5Z9\xe5\
<\x85\xf1\xbd\x0b\xa4\x116\x97 \x9a\xb0?\xaa\x8f%\
\xf5\x1f\x061\x07 \x07\xbc\xae\x7f\xff{l\xf3^#\
m\xfd\xdf\xf5k\xe0\xe6\xa9\xed\xbd\xc6e\xc9\xd3[\xe8\
c\xba\xa4sT\xddl\xf1\x969\x16\x92\x99\xf2\x8e*\
\xef\xa0\xbc\x82\xae\x8b\xd1\xda\x22\xb4[+\x83\xa4sK\
9\xce\x10( \x85\x93\xf3f\xb4VCz{\xd1\xce\
\x19\x9f\xf4mI\x14\x5cPH\x9b5i\xe4\xdc\xba[\
xb\xde\x9e\xe2n\xc1\x03{\x05\xdc\xb1\x90f\xaeT\
\x13\xf2BG\x9a\xb5\x0dB\xb2]\xc6H\x22\xd8\xd0\xeb\
*\x9d\x0aM\xff\x7f\x93\xf3\xdd!\xe6\x00d\x0a[\xc8\
\xf9\xfa\xf5\x02\xa7\xad\xa7\xc9\xd6\x83\xc7tI\xef\xa1\x7f\
Z\xb7\x8d>7{\x12}t\xd6\x84,\xa6\xbf\xdbU\
\xdey^z\x17^5P:Aw\x08\xd2ME\xda\
\xe1\xa2I:\xa7\xb5\x17\xa8\xdf\xb9\x97\x15\x05\xdc'\xa5\
s\xcfWt#z\x9ew\x19\x8f\xf7\x04\xf7uh\xd4\
X\xf8\xdf'\x9cblWs\x13\xa2~\xcc\xf0,z\
\xdf\x1d\x93\xed\x9f\x90l[\x9a\xf3\xca\xb7\xec=\xa2\xe8\
\xd3\xb3\x1db\x0e@Fx\xfe\xcd\xc3\xf4\x9fVa\xb7\
\xc7\xf0#uC\xf0\x5cu\x16u\xbe|t\xd6D\xba\
e\xee\x94\xac\x89\xfa(K\xd21/\x1d\x14\x16-\xe8\
\xc1~s\x97\xf0/U\xcf\x15q\xc7G\xe9o6?\
\xfd\x87\x0f\xe6\xbap\x1c\xcby\x01\xd3\xdam8\xbd}\
t\xb1\xe4\xab\x09\xad\xd5V\x9a\xad\xd5\xe2\xb4\x1fC\x9b\
\xb5\xb8\x8f7\xb7\xcd\x9a\x10\xce6g\xd1\xda\xacU|\
\xda\x90I\xdb\xacy\xee\xabke&\xdcm\xd6\xec\xed\
\xafT\xdc\xebt\xb7>\x93\xddG\x8eu\x05<\xd71\
\xae\x10\xeec\x1d\xa5\xcd\x1ay\xf6\x85/o}GA\
\xd2\xca\xdb;Q\x91\x1d\x80\x16J\xe4\x7f\x1a2\xbe\xd7\
\xb8\xb6\xa3\xe4\x22\xe4\x1d\xb8\xd1\xcf\x99\xa8ce\xa5\xcd\
Z\xacm\xf1\xf9\x01\x95\xd3\xdd9\xa2\xfe\xb9l\xa6\xbe\
/\xd3%}\x11\xfe\x22@\xa9\x04\xdd\x92t\x16\xf49\
E=\x00\xdf\xbc\xf9\xddt\xe3u\x97\xe6\xcb\x5c\xf5\x0f\
\x22\x8e\x9a\xb3\xa0\x17\x98e\xba\xa0\x17\xeaMW\x97\x87\
\x85\xa4\xb0}\xe1\x13\x9b\xdf\xa4\xa5\xbf\xd9\x1c[\x5c!\
\xe8\xd9\x16\xf4\xa4}\xd0+~\x82\xee\x12y\x87\xa0\x0b\
\xb7\x84\xbb\xfa\x97Wj\xe2\x1f\xa7\x0f:/[\xb1w\
\xda\xd3\x9f\xbc\xb6.Q\xdd\x7f\xb7\xc8K\xfa\xa0\x93C\
\xf2]bno\xaf0\xc6s\xad\x87\x05\xfd\xee\x05\x04\
\xd4\xf1\xcc\xce\x83\xd5\xdb\x07O\xbcM/\xef;\x1cz\
\xd2\xcf\x1c;\x94\x86\x0f\xea_\xfd\xf7,\xe3\xdf\x03p\
0\x81/5!\xef5\x22\xe6\x81\xef\xcf\x10\xf4\xd4\x04\
\xdd\xc6\x16u\x8e\xa8g\x0c\x9e\x8f~\x05\x8a\xc7\x81\x22\
\x11\xe5\xd3\xf0\xbe\x22\x0b:\x8b.\x17X\xfb\xde\x97\xaf\
4\xa2\xeaY\x87\xe7\x9b/\xba\xfdQ\xe3\xba\xe0\xdcY\
\xc0}R\xdbZm\x13\xd2\xfa@\x0di\xba{\xcc\xca\
i\x22\xad\xed\xb0\xdb\xacI\x0b\xc3K\xda\xac%\xac\xf0\
\xe6\x97\xc1\xdf{\xe4-\x1a5d N\x8a\x04\xf4\xb1\
p\xef=B\xdb\x0f\x1d\xd3/\xc7\xf5\xdb\x87\xf5\xfbN\
\xd2\xf6>\xf3\xdf\x91^\x0b\x11O0\xe6\xb6\x8f4\x1e\
gi\x1f\xa1K\xfb\xe9\xc3\xdb\xe8\xf4am\x86\xd4\x8f\
\x80\xc4\x97\x06\x8e\x8a\xb3\x94?\xdecF\xc99j.\
\x04\x8eK\xab\xb0S\xdf\xb9M\xdb\xff\xbc\xec,\xa3M\
[Fp\xceK\xef\xc1+\x05\x8a\xf2\x1d.\x90~s\
\x97p:\xee\xfe\xa2\x1f\x08\x96s\x8e\xa6_\x7f\xe5\xf9\
\x99\xddF\xeeq^\xc06j2\xd6V\x9e\xbe\xe5\xc2\
\x22\xed\x90\xfe\xc1\xa1t\xba\x08\xb7V\xfb\xfc\xe3/H\
\xbf\xfd\x22\x82\x9e\xc2z\x5c\x8fg,\x82N\xee\xf4q\
\xa2Z\xba\xb7\xb3\xbd\xb9\x90D\xcb+$\xea\xd3\xce+\
\xb5\x06h\xce\xf5W\xb7\x89\xec\xf5;\xc6\xa5\x88)\xee\
\xe4n\xa9\xe6\xdaF\xefr\x15!\xcd\x0cp\x8d+<\
\x91|\xe9\xfa\x89~\xf1\x85\xcbh\xfe\x8cq\x04\x82a\
\xf9\xe6\xe8\xf7\x0e]\xbc\x9f\xdey\xd0\x92\xf1\xb7\x1b\x7f\
\xbf\x10\x22\xd5\xbfC\x16x\x8e\xbe\xcf\x1a;\xcc\x90x\
\xbe\xb0\xc0\x83\xfc\xf3\x82~\xceq\x94\xfc\xf1\x9e7\xa5\
Q\xf20AG\x04\xbd\x81m\x11\xf1\x9e;\xef\xf4Q\
\xf4\x9dw\x9fMS\xb2\x13\xdc\xe2\x08\xfa\x15\xa8\xf0\x0e\
J!\xe8\x96\xa4sZ\xee\xc22\x1c\x10\x9e\x93\xbe\xf8\
\xd3\xf3257\xddn\xa1\xd6\xb3\xf3@Y\xce\xcbE\
\xba\xa0/+\x98\xa0+\xfd\x1b\xba\xe37\x9b\xdd\xd5\xdb\
!\xe8\x10\xf4$\x82.j\xd2l\xeci\xc5#\xed\x10\
\xf4B\xc1\xa9\xe9\xcf\xec:`\x5c\xdb2\xae\xe4\xfd\x22\
eA\xf7{\xfc\x1d\xba\xb8s\x94}\xd6\x98\xa1Uq\
\x07\xd9\x86\xa7D\x18Qr]\xca\x1f\xeb\xd9kDi\
\xe3\x7f\xce@\xd0[!\xe8L\x06\xd3\xdeY\xd2\xb9\x0d\
\xdbr\xfcu\x812\x08za\x8b\xc5\xf9\xc1\x91\xf4\xaf\
\xe8\xa2\xde\xa1\x7f\xe0\xb7R\xcc9b\xce\xd7%\x82\xdf\
\x5c\xa7\xea\x82^\x98\xb9DVq8eY(\xdcZ\
\xed\x13\x0f\xaf3\xae!\xe89\x16t[\x9a+5i\
\xf5\xca\xaaK\xd0e\x22\xef\x94}\x99\xa0{\xa4\xd9=\
\x8f\xbd~\x0e\xbas\xfd^\xb9\x0e\x9a\x83N\xde\xf9\xe1\
\x12iv\x9e4R\x91\x8f\x22\xe8\x14\xadH\xdc/\xfe\
\x0a\x82\xcept\xfc\x97[\xf6\x99b\xee\xf3\x83o\x9e\
\x05]\xb6J\x96v\x16u\xfb\x9a\xd3\xe5Ak\xe1\xd4\
u;m\xfdqO_\xf2d\x9f3\x10\xf4V\x09\xba\
\xfd\xf8\x05\xe3\x86\xd1\xdd\xef>\xdb\xb8\xce\x08,\xe9\xcb\
\xf0\xd7\x06\x0a-\xe8\x96\xa4?\xa9_u\x96\xed\x00q\
$\x9d\x8b\xc8]3\x7fFs\xecT\xff\xe0Z\xb1\xfa\
\x15\xba\xf3\xa1g\xca0\xcf\x5c\xc6m\xba\x9c\xdfZ\xa4\
\x1d\xd2\xa5\x81[\x15.U5\xfe\x8a\x8d\xbb\xe9\xbb\xde\
\x1fq \xe8\x85\x11t\xdf*\xee\xae\x88\xb8g\x0c_\
\x81uG\xab+\x1e)wE\xd0}\x04=J\x04\x9d\
\x02#\xf9\xf2\x1f\x0d\xc8\xb3\x1c%\x15t\xc9\x8f\x01\xdf\
\xf8\xd3\xf3\xe9\xf3\xef:\xabto\xa6\x1c\x117\x84|\
\xd7A\xe3\xda\x88\x90\x0b\xb5\x7f\x1fY\x13t/,\xe8\
,\xeb\xf6\x05\xc2\xde\x1c\xfe\xab:\x97\xdc\xbf\xc0\x1b\x04\
=\xbf\x82n\xf3\xa5\xb9\x1dY\x8a\xa6C\xd2An\x89\
Sm\xe5\xb62\x0a:G\xaf\xf9\xc2s\xd49\xaa\xce\
\xa2\x9ev\xfa;K9\xafc\xc5\xaanC\xce\x0b\xda\
\xd3<*E|3UZ\x1cn\xe5F\xf4>\x07)\
a\x17s\xa3t\x0a\xc4\xc5A\xe5\xfa\x0e\x1c}\xab4\
/!\xcf\x1f\xe7\xe8\xf8/\xb7\xee3\xa4\x1c\xb8\xd9\xde\
w\x9c~\xda\xb7\x87\xfe\xad{\x8f\xf1\xefI\x10v%\
p\xea\xfa\xe3V\x0b4\x16\xf3\x83!\xa9\xeb\xa0\x18|\
\xed\xe9\x1ezx\xd3\x9bY\x89\xa6\xdf\xcb\x19\x8c\xe8\x95\
\x0e\xf2\xfau,2\xfd\xe6.\xe1\x1eN\x1de?h\
,\xeb,\xe9sfL0\xaegO?5V\x05x\
\x9eK\xce\xd1\xf1u\xaf\xec\xa1\xaeg\xb7\x94-\x85=\
P\xce\x0b\xd8Z\xadS\xbfzR\xd5\xf8\x1b\xf6\xf4\xd1\
\x17\x9fx9\xd0v\x10AOa=\xae\xc7\xb3\xdf\x07\
]\x08\x0a\x9e\x83N\xee\x08\xbas\x1ez]D<\xa5\
\x22q\xce\xf3\xa4.%_8\x0a\xd29\xda\xae9[\
\xaeU\x8f\x9d'k\xa0\xe2:6\xb5\x81\x9ds\xf3\xbf\
r\xf5L\xfa\xf2U3\x0b\xfb\xc6iG\xcaW\xbe\xfa\
\x06=\x1dR\xab\xa4\xec\x11\xf4\xb0\xe7;\x85\xfd\xdd\x1d\
cP5>\x06\x5c\xe0\x8d#\xe4\xff\xbaq7\xbd\x90\
0J\x8e\x08\xbal?\xf3\x13A\xb7\xe1\xb9\xe9_\x9a\
;\xc5\x98\x9f\x9e\x85\xef\x96\xe8\x95\x0e\xf2F\xdcO\x1e\
\x8e\xa2\xdf[\xf6\x83f\xa4\xa1s\xb4[\xbf8qF\
\xd6Y\xd8Y\xe0Y\xc0\xab\xcf;t\xbc\xaci\xebq\
\xce\xaf\xa2q\xbd\xca\xc1\x11=\x07\x0d#\xfb\xbdA$\
\xf8\x16\xe8\x83\xac\xb5Z\xc3\xdf(}\x96\xf3\x8b\xfcs\
\x9b\xb5\x22bJ\xf9\x1eD\xcaSd[\xdfq\xfdb\
E\xd8WQu\xfe\xfa{tY\x7fG\x0bk\xd2d\
\x11;J\xce\xe9\xeb\x8f!J\x0e\x1cp\xb1\xbf\xbfy\
\xea5Z\xbd\xfd\x00\xdd\xf3\xae\xb3\x0dao!\x0b\xf9\
\xc7[H:\xc8\x13Z\xdc' \x8a\x0e\x14Q\xc4\xe8\
\xb9\xd2\xe2p{\x0e\x1f\xa7O\xae\x5c\xdfpd\x19\x11\
\xf4\xb8\x8f7\xbf\x8a{%\xad\x08:y\x8a\xc4I\xa2\
\xea\xc2\x11\x19\xafF\xcc+\xb5\xb9\xed\xfeE\xe2j{\
W\x1d\x83\x84\xcf\xfaI\x1eA'I\xb6\x80\x88V\xc5\
\xddX[u\x7f\xdc\xeb\xe2\x02q\x5c\xc9\xbd\x08l\xdc\
w\x98V\xbc\xb2G\xbf\xbcQ\xd7\x02-\xf9\xdf\xa9\xe2\
\xf7\x8b\x1cE\xd0\x83\x96\xe3h\xfa;N\x1bA\xef\x99\
2\xd6\x90\xf5I%L\x87\xe7tu\x16\xf2\xff\xda\xd1\
\xeb\x8a\x92\xa7\x15\xd1E\x04]\xb6\x9f\xf9\x8b\xa0;\x1f\
\x9f2\xe2\x14\xfa\xd1\xfb\xcf\xcdB\xca;\x22\xe9 7\
$\xf9I\x8bO\xee'q\xe8@\xca\x141z\xbeP\
\xe5\xe0Ox\xaa\xdf\x82\xe2\x22\x8d\x0c\xdbw\xba\x1e\x0c\
\x99=.\x82V\xe0y\xaed>zu\xb1\xa0/\xad\
\xa2\xfe\x8b\xb2W\xb0]?\xac\x08\x91\xfe\xc1\x91\x1e\x9b\
\xfc\xc2\x22\xfe\xe4\x96}\xf4\x83\x17v\x1a\x95\xd8Ak\
\xe0\x88\xf1\xcf{\xf6\x19\x17>\xb1\xec\xe8\xfa{;\xc6\
\x166\xban\xc8\xf8\xce\x03F\xea:\xdf\x8em\x87\xa0\
\xf4l9x\x8c\xde\xf7\xb3u\xf4\xbf\xe6\x9dE\x1f\x9b\
9\xb1\xa5\xdf\xc9\x10I\x07\x85\x15\xf4\xca\xd3\xb7t\xf5\
\x9b\xbb\xa4\x8bJX0\x0e\xa8\x93s\xfd\xbc\xea)\xe0\
~)Mo\xff\xc5\xa67q\xe6\xc0\xdc\x1b\x97\xf4\xa0\
\xe7\xc6\x14\x5c\xaf\x9c\xfb\xf6A\xf7<A\x08J\x90\x07\
\x1f\x22\xe2\x8e\xc7\xe6\x9f\x9d\xcf\x16k\x5c\xf0\xed\x07/\
\xec\xa0\x95>\xd1r\xd0Z^\xda{\x98^\xd4/\xf7\
>\xbf\xc3\x88\xaesd\xfd\x9d\xa7\x99\xe9\xf0y\x9c\xbb\
\xbe\xad\xef\x981\x8f\xbc\x1a!\xdf\x9b,B\x0e\x80\x17\
Ny\xbf\xe1\x17/\xd3\xea\xed\xbdt\xcf\xbbZZ\x0f\
\x04\x92\x0e\x8a)\xe8\xb6PA\xd0AJp\xbf\xf3\xc2\
U\xd8\xd4?\x00\xe6\xe8WsT\x8d\xff\x9bm\xfb\x8d\
\x14wP@\xd9\x8e+\xc3\x82\xear\x14\x85\xcfP\xd5\
\xfbE\xd8\x9d>\x83D\xdeFsA3\xe2\xaeY\x91\
x!qik9c\x9e\xba\x15\x9a\xd7\xec\xdc\xf7h\
+\xab[\xcaq\xc7\xecI#\xe9\x7f\xff\xe9\xf9\xb9\xeb\
\x81\xfe\xbb]\x07\x8dh\xf9\x93[\x90%\x93\x178\xba\
\xfeo\xdd\xbb\x8d\x0bs\xce\xd8\xa1\xba\xa8\x8f\xa5w\xe8\
\xc2\xfe\xce\x0cF\xd7y\xae\xfd\x0b{\x0f\x19?0\xfc\
\x97\xd5\xfa\xec ~\x04\x02\x8a\xf9\xc1K\xbbh\xeb\xc1\
c\xf4\xa3\xf7\x9f\xd7\xcay\xe9\x90t\x90\x8b\xaf\x84\x89\
\xe87w\x09\x17\x8b[\x88C\x08\x1adQ\xe5\xe9[\
\x96\x15P\xd0\x95\xfe}|\xed\xa9W\x0dI'\x22\xcc\
AO{?B\x1fW\xd7\x07]\x08s^\xb8W\xbe\
E\xb57z\xed\xb1\x93\x15Q'\xe8\xb1\xfb\xa0S\xf8\
\x1ct\xf3>\x87\xf8W\xe7\xc0\xbb\xd7)\x8b\x96W{\
\x9b\xdb\x1bE\xde\x9e\xeb\xb5cZ_\xc5\x9d\xa4s\xca\
\xfd\xd6\xe5\xed\x83\xfewW\xce\xa4/_\x99\xaf\xca\xed\
\x1c)g1\xdfXMcW0w\x1bs\xd0Sz\
\xbf\x10\x92\xfd\xf4\x7f>\x0b\xfb9c\x87\x19i\xf1\xe7\
\x8c\x1bj\xfc\xbb\x19Qv\x16p.\xde\xc6i\xea\xaf\
\x1b\x05\xf0\x8e\xd5R\xd5\xfd\xf6#\xf4\xf5L~<\xc3\
\x96\xc5\x1ct\xd9~\xe6{\x0e\xba\xec_<\x1f\xfd\x9e\
w\xcfl\xf5\xbct\xccI\x07\x85\x14t.\x80\xc5\x05\
\xe3F\xe10\x82\x84\xac\xd5\xe5\xfc\xc2\x02\xca\xb9\xd2\xbf\
\x0d\xbb8\x5cZ\xe2\x0aA\xcf\x98\xa0WjR\xeb\x14\
t\xf2\x11t\x92\x14\x89\x0b\x15tO\x9b5W\xa1\xb9\
\xaa\x8c\x0b\xc9\xfa\xeb\xdb\xac\x11\x05\x15\xab\x0b(\x12'\
\xd9\xb6$m\xd6\xbc?\x10\xcc\x9e4\x82\xee\xf9\xf8\x85\
F\xf4<\x0fp\xea\xba-\xe6\x9c\xd2\x1ev\xb6@\xd0\
\xf3)\xe8~p\x84\x9dqF\xd9\xdfy\xda\xc8\xc8\x1b\
gT\x9d?t\xccX\x0f\x8b\xf8\x8bVZ\xfa\x0b\x9e\
\x88x\xac\xfd\x80\xa0C\xd0\x15\x0b:\xc3\x11\xf4\xff\xb8\
vN\xab%}\x91.\xe9\xcb\xf0u\x1c\x14F\xd0-\
I\xbfI\xbfZ\x8a\xc3\x08\x12r\xa1.\xe8k\x0b(\
\xe8\x0bIa;\xc2\x07\x9f\xdfA\x0fl\xd8\x0eA/\
\xb8\xa0\xdb\xa2M\x01}\xd0\xab\x81jI4\xbb\x12&\
\xe8\xc2\x11A\xa7Zd\xbd&\xe1\xa26n@\x04\xbd\
^\xd0E\xbdx'\x12tI\x04\xdd+\xe8\xce\x08\xbd\
\xfe\x9f/\xbd\x7f\x06\xfd\xdd\xfb\xcf\xce\x8d\x98\xff\xf0\x85\
]\xfae\xa7q[D<[ \xe8\xc5\x12\xf4\x86\x8f\
\xb7ht\x1c\x08:\x04\xbd5\x82\xcep\x16\xc9\xff\x9a\
7\x8d>>\xab\xa5\xc5\xe3 \xe9 s4\x94_\xa5\
\xcb\xd5\x1d\xba\xa4_C\x98\x8f\x0e\xe2sG\x11\xe5\xdc\
\x02\xc5\xe1@\x82\x1fvj\xb7\xa3\x16!\xaf>.Y\
\xd0{W\xe0\xf7=I\x916g\xb4<\xbd\xaf\x82\x09\
\xbfa\x86\x88\xc5\x05\xa7\x8f\xa0\xef~l\x0e]\x90\x83\
\xa8\xb9!\xe6/Zb\x8e\xbe\xd1\x00\x80\x12c\x17\x8f\
cZ(\xe9\xf7Zs\xd2!\xe9\xa0\x18\x82nq\xb3\
~y\x0e\x87\x12\xc4\xa0\x87\x8a\xd9V\x8d#}\x1d\xa4\
\xf0\x07+\x14\x87+\x01i\xb7\x06\xf3\x8a\xbbV\x1f1\
\xd14s\xc5U\xe5\xe5\xa2nf\xe56\xf3\x1e-\xaa\
TG^\xd0\xb7\xf2\xba\x16\xf4\xc3\x80\xe4\x01\x8e\x98\x7f\
\xe9\x8ff\xe4K\xccQ\x8c\x0b\x00\x00\xaadD\xd2\xd7\
\xea\x9f{k\xf1j\x80B\x08:GA\xfb\xcd]\xc2\
\xb2\xb5\x18\x87\x13D\x84\x0b\xc3\xf5\x16t\xdf\x16\xaa\x1c\
\x1c\xbd\xcf!\xe9\xa9\x8f\xeb\xb8\xaf\x1a\xb9\xb7\xdd\xbcE\
}\xc4\xa3\xac\xf6\x82\xd3G\xd2\xdd\x1f\xe5\xa8\xf9\x08\x88\
9\x00\x00@\xd2\x1b\xe5I]\xd2\xaf\x80\xa4\x83\xac|\
\x0dL\x05]\xd2\x9f$\xa4\xba\x83p8\xb5\xfd\xe6\xa2\
\xee\x9c\xfe\xe6\xce\xc5\xe1:T\x8c\xed-\x0eW]\xa7\
tCB\x1e\xa7\xe8\x8fG\x1e\x07s\xd0\x1b\x1a\xdf\xae\
\xd4^W\xb8\xcd\x9a\x97n\x9d_\xb59\xe0\x92\xe5\xbc\
\x15\xcd\x9d\x99\xeb\xf2j\xeb\xb5e|\x97\x13\xe43\xa7\
\xdc{-B\xd6U\xbf\x5cm\xfe\xbb\xe4\xb9\xb2\x22q\
\xd62\x9f\xbd|*\xdd\xf2G3h\xe4\xe0\x81\x99\x16\
\xf3\x07^\x0c\x99c\x1ez\xfeb\x0ez\xab\xf63|\
9\xccAOr<\xc3\x96\xc5\x1ct\xd9~\x16w\x0e\
\xba\xec\xf5\xfc\x8b9\x93\x8cy\xe9-\x82\x83G\x17\xea\
\x92\xde\x83\xaf\xeb\xa0\x95\xa4\xd9\xe3\x83[\x15p\xaa;\
\xaa\xba\x03?\xd6\x16\x5c\xce;U\xc99\xf3\x9bm\xbd\
8\x83\x8aL@\xd8X\x0b\xfb\xe2(\xe2\x7f\xe1nx\
\xbb\x12E\xd7EC+f!\x7f\xf0\x93\x97\xd0\xbci\
cs#\xe6\x00\x00\x00\xa2\xf3\x8fk\xb7\x19s\xd3\xb9\
\x0d[\x0b`\x87\xf9\x99\x15I\xc7\x97.\xd02\xfa\xa5\
5\x90.^=\x96\xa4\x03 \x83\xdf\xe8\xae-\xf8>\
*-\x0e\xb7b\xe3n\x9cEe\x90\xf4(\x9a+\xd2\
\x91s\xa1|{E\xe0\xda\xe2\xac\xff\xaa\xf3'\xd2\x0b\
_\xf9\x83L\xcb\xf9\xcaW\xdf\xa0\xebV\xac\xa7\xef<\
\xf7:\xe4\x1c\x00\x00\x12r\xffK\xbb\xaa)\xef-`\
\x0eK:^\x05P\x08A\xb7$}\xb9~u\x07\x0e\
+\x90\xb0\xc8\xfa\x11\xa7\xc8,P5\xf0\x86=}(\
\x0eWp\x84\xd9\x1b\xad\xd6F\xcc!\xb1iD\xc3\x85\
W\xec%\xae\xad\xf99\xb7&\xf1\xf1H\x1b\xa6E~\
\x94\xe7\xbd\x1b\x17\xcf2\x1c5\xff\xf6\x87\xe7\xd0\x03\x9f\
\xb8$\xb3)\xed][\xf7\xd1\x95?^C\x8b\x9fz\
U\xd2\xcb\x1c\x00\x00@\xce$\xbdS\xffL\xbe\x17\xaf\
\x02(\x84\xa0[\x92\xce)\xcc]8\xb4\xc0\xc1\x1d\xd6\
\x8f7E\x96\xab\x85\xa4pz\xc7\x13h\xadV\x02C\
\x8ftW\xeb\xd0\xa2(w\xaa\xab\xa2\xf3O\x1bA\xbf\
\xfa\xc2<\xfa\xe8\xdcI\x99|\xc9\x9e\xddu\x90nx\
\xec\x05\xfa\xab'6B\xcc\x01\x00@\x81\xa4\xf3\xa5E\
,\xb4\xbe\xdb\x01\xd0t\x06(\x1a\x97S\x99y>z\
\x07\x0eq\xe9\xe9*\xf2\xbcs\x07\xd7\xa8\x1a\xf8\xf0\x89\
\x93\xf4\x9b\xed\xfbq&\x95\x05;\x8a\x1cP\xfc\xc9\xd1\
\x01M\xda\xd9\xcc\x9e\xbd-\xbc\x03x\x96\xd5\xa2\xfe\x18\
\xe0\xd8\x16A\xfe\xeb\xf5\x13mQ\xddh\xab\x99\x9b\xf5\
@\xc5Y$\xcd\xb3\xbf\xff}^\x07}\xfd\x9as2\
\xf9\x12\xb1\x8c\xdf\xfd\xdc\xeb\xf4\xf0\xabo\xe0|\x05\x00\
\x00\x85\xb4\xb8\xba;\xb7_\xeb\xd14\xad\x0b\xaf\x04\xc8\
\xbd\xa0s\x0b\xad~s\x97\xb0\xa4sew\x14\x8d+\
/\xdc\xaa\xa2\xe8\xf3\xce9z\xce\xe7\xb8\xb2\xf4v\x96\
s\x96t\x00\x94\x9c\xbf\xf1\x7f?h\xa0\x82p\xf83\
9\x8d\xfd\x07\xd7_L\x97\x9d9&s\xc7\xca.\x00\
\xf7\x00\x0a\xc0\x01\x00@Y$\xfdgh\xbf\x06\x9aM\
?U\x03s\x7f\xf42\xc8\x19\xf0\xc5(\x0aW\xe0~\
\xe7N\x16\xa8\x1c|%\x8a\xc3\x95\x03{\x12v\x1cS\
\xd6\xfc\xef\xac\xde\xb2n\xc8\x16\x171\xd7e\x8f\x17u\
3]-\x8fD\xad\x80\x9d\xb3\xad\x9b\x13\x96\xf2u\xff\
og&\xe5\x9c\xa3\xe5\x1f^\xb1\xde\x88\x9cC\xce\x01\
\x00\xa0\xb9|Z\x97\xf4\x16\xa5\xbbs\x10\xe6^+\x18\
\x03@\xbe\x05\xdd\x92\xf4.Be\xf7\xb2\xca\xf9\x15%\
(\x0ags\xa3\xaa\x81\xb90\xdc\xa6\xfdGpF\x01\
O\xafr\xaa\xe5\x9b\xbb\xf2\xce\xe3\x95\x94\x0b+\x08\xe7\
,\xdc\xa6yW\x11aU\x9as\x0d\x9a&\x1d\xd7|\
H\xa3\xbf}\xcftZ\xf9\x99wd\xae\x10\x5c\xf7\xbe\
\xc3\xc6<s\x14\x80\x03\x00\x80\xd2J:WvG\xd1\
8P\x0cA\xb7$}\x19$\xbdt\x5caeP\x94\
@\x9aD\x87\xf5\xc6\xad\x04D\xcf\x81&\x11u\x95\xe3\
\xfb\x8a{*\xe3\xd7\x8f<y\xf4`Z\xf1\xe9\xb9\xf4\
\xb7\xef\x9e\x96\xa9\xe3\xceQ\xf2o\xfc\xb6\xc7\x88\x9as\
18\x00\x00\x00\xa5\x96\xf4\x05\xfaw\xbe\x9b\xf0\x0a\x80\
B\x08\xbaC\xd2o\xc3\xe1.\x05\x8b\xca\x22\xe7\xf6\x1b\
\xb6\xca\xc1\x7f\xb3\xad\x17gTIE\x5c\xf6\xb83\xfa\
\x1c\xbc\x94\xe3\x1e;Z\xad\xff\xc7\xbc\x98\x91m\xcd\x99\
\xf7\xeey\x9a\xab\xc0\x9c\x90\x14\x87\x0b\xec\xc9\x16\xbc\xed\
\xce\xcaq\xff\xed\xcc1\xf4\xe4\xe7\xff\x9bq\x9d%8\
\x9d\xfd\xea\x1f?G\x0f\xbc\xb8\x13'&\x00\x00d\x8c\
\xbf~\xeaUZ\xff\xe6\xa1V\xacz\xa9.\xe9\x9dx\
\x05@!\x04\xdd\x92\xf4[\xf5\xabe8\xe4\x85\x97\xf3\
\xb2\xbd\xc6\xd7\xab\x93\xf3\xfd\xe8}^R\x84\xa3\x09z\
\xa4\x80\xb9\x96\xbf\xfd\xfa\xebwM\xa3\xe5\x9f\x9eK#\
O\x19\x90\x99\xed\xb3\xd3\xd9o\xd5\xbf\xfca\x9e9\x00\
\x00d\x93\xde\xe3o\xd3{\x7f\xba\xb6U\x92\xfe3\xcc\
G\x07\x85\x11tK\xd29\xd5\x1d\x91t\xc8yA$\
Jmz\xfbo\x11=/\xcbyT\xbd\x98\x13\xcdk\
2+\xbc\x12\x1e\x94\x8f^\x17\xd5\x8e\x11\xe2v\x8dU\
\x8d\xafW\xc3\xef\xae\x82s\xde\xd5\x05\xac\xc25]\xdd\
\xda\x99\x91m\x03\x0d1gA\xcf\x0a,\xe3\xf7\xac\xdd\
\x86tv\x00\x00\x80\xa4\x87\xc1r\xfe3\xbc\x02\xa00\
\x82nI\xfa\xad\x849\xe9\x85z\x8f$\xb3Z\xfb\xb2\
\x12\xee\xbb\xb2\xf4v\xf4>/!\x9a\xe6\x12n-J\
\xce{\xd8\xe3Z\xf4\xe7j\xde\x87|*\xc8\xd5\x0dk\
Wx\xb7\xd2\xe7]\xbb\xa2\xb9o\xff\xfe\xd4\xd1\xf4\xcc\
_\xcf\xd7\xaf\xb3\x93\xd2\xceB\xfe\xd1\x95fuv\x00\
\x00\x00\xf9\x92\xf4O\xff\xfce:p\xbc\xe9\x19O\x9d\
B\x88[\xf1\x0a\x80\xc2\x08\xba%\xe9\xcb \xe9\x85\x91\
s.\x08\xb7\xbc\xa4\xfb\xaf.\xbd\x1d\xbd\xcfK-\xe9\
Z\x12IO\xd2\xd0\xdc\xef.-\xf9P\xb2m\xe7\xdb\
7\xfc\xde\x14\xfa\xd9'\xb3\x93\xd2\xceQ\xf3\xff\xf1\xcb\
\x8d\xf4\x99\xc7_@uv\x00\x00\xc8)\xeb\xde<D\
\xef\xf9\xe9ZC\xd6\x9b\xccb\xccG\x07\x85\x12t\x87\
\xa4_kI\x1e\xc8\x1f=T\xa2j\xed^\x90\xde\x0e\
RsrJi\x0a\xb9V\x7f[K\xf0\xd4\xd0s\xdf\
\xfb[\x80\x08\xde\xab\x91\xa7\x0c\xa4{?|!}\xf5\
\xfd33s\xcc\xbb\xb6\xee\xa3\x0f\xfc\xe49\xe3\x1a\x00\
\x00@\xbe\xe14w\xae\xee\xde\x02\xd0\x1f\x1d\x14K\xd0\
-I\xe7\xc8\xeb\x15\x96\xec\x81\xfc\xc0R~aY\xe5\
\xdcBYz;\x17\x86\xe3\x02q\xa0\xc4\x88b\xec\xc4\
\xb9\x13\x87\xd3\xbf}\xe2R\xfa\xc3Y\xa7fb\x8bv\
\x1e:nD\xcc9r\x8e\x22p\x00\x00P\x1cVn\
z\x93>\xd5|I\xef \xf4G\x07E\x13tK\xd2\
\x0d\xd9\xb3\xa4\x0fd\x9fe\xfak\xc6r^\xf6\x10\xaf\
\xc2\xea\xed\x88\x9e\x97S\xca\x85\xa42\x9cI\x9cHx\
\xcc\x0eh\xd5\xdf\x03\x9c\x97\xa0\x15hZ\x94\xb1\x05\xfd\
\xd9\x9c\xd3\xe8\xdf\x16]jHz\x16x\xf0\xc5\x9d\xf4\
\x91\x95(\x02\x07\x00\x00E\x85\xfb\xa3\xdf\xb5v[\xb3\
W\xcb\xfd\xd1\x17\xe2\xe8\x834\xc9Ts\x9e~s\x97\
,\xd5\xafn\xc2\xcb\x92Yn\xd6\xc5\xfc\x0ex\x94\x91\
\xde\xbeY\xd5\xf87>\xfe\x02m\xde\x7f\xc4%Oa\
r\x15tg\xa2\xe7'XN\x84lH\xa3\xdb\xd1\xe8\
~\xa6\xb7\x1d\x22p\xc1\xa4\xe3WNV\xcckk!\
\xe1pv2\xaa\xbc\xdb\x15\xdf\xad\xe5\xad\x1b\xc2a\xd5\
\xc2Y\x01^\x08k\x0c\xe1y\xcc9F\xc55\x86p\
\xad\xbb\xb6\x9c\xbe`u\xbb\x85\xf5#B\xc5y\x18D\
m\x9d\xcc\xad\xef\x9bA\x9fz\xe7\x94L\xfc\xbdr\xd4\
\xfc\xb6_\xbdJ\xbf\x0b\x11s!T\x9f7I\xce_\
\x91\xfev(\xdeO\xe9rB4\xe7x\xa6\xb8\x9f\xe1\
\xcb\x09\xc9~R\xd3\xf73\xe4\xed(\xd9~\x84\xbe\x9e\
\xc9\x8fg\xd8\xb2\x8d\xbf\xaeB\xe9\xdfij\xfb\x11k\
?\x85\xb2\xe3\xedz\x5c\xf9\xf9+b\xbf\x9e\xc9\xf6C\
\xd0\x8f\xaf:\x9f>p\xe6\xb8f~\xd4pd\xe5B\
M\xd3z\xa0\x0a \x15'\xce\xd2\xc6\xe8\xf2w3a\
^z\x16\xe17\x9c\x0b!\xe7U\x94\xa6\xb7;\xe5\x1c\
\x94\x14O\x81\xb5\x16\xac6\xd6c6#N\x19@?\
\xbe\xfe\x92\xcc\xc89G\xcd?\x8a\xa89\x00\x00\x94\x8a\
O\xff\xfc%Z\xf7FS\xdb\xaf\xf1<t\xa4\xba\x83\
b\x0a\xba%\xe9</\x1d)\xef\xd9a9a\xbe\xb9\
\x17e\xe9\xed+7\xee\xc6\xd1-\xab\x93\xf7\xab\xf5\x1c\
OK\xaa\xa3>W\x93\x0c\xa49~\x19p\xf52\x17\
\xf2h\x1a\xa7\xb2\xff\x9f\xcf\xbc\x93~\xafct\xcb\x8f\
\xa5]\xa1\xfd\x9bO\xf7`\xae9\x00\x00\x94\x8c\xdec\
o\xd3\x9f>\xb2\xa1\xd9\x95\xdd\xb9\xf5\x1a\xb2\x80A:\
\xdf\x093\xfd\xeb\xc1\xdc%\xb7\xeaW\x8b\xf12\xb5\xe6\
\xfdM\xbf,*q\x0b5)\xaa\xd3\xdb?\xb5r\xbd\
\x11E\x97\xf8\x8f\xff6\x85\xdc\x89\x14\xf7\x14\xd6\xe3z\
\x5cM\x8a\xbb\x9d\x1e^\xa9\x08wz;\xdf\xae\x08W\
\x0a\xb9\x10\xb5\x14wWjz\xcc\x14w!*\xae\xb4\
v\xf2L\x83\xafXy\xec\xa2\xe2L\xa7\xafm\x9f}\
\xdf{\xcf\x1eO\xdf\xfc\xc0\xb9F\x04=\x0br~\xcd\
O\x9e\xab\x13\xf3V\xa7~#\xc5\xbd\x09\xc73\xc5\xfd\
\x0c_\x0e)\xeeI\x8eg\xd8\xb2Hq\x97\xed'R\
\xdc\xe3\xedG\xedCl\xf6\xf8a\xf4\xf4G.m\xf6\
wg\xa4\xba\x83\xc6\x1d8\xcb\x1b\xa7\xcb!\x0b:\xa2\
\xe9\xcd\xc7\x8e\x9aC\xce\xebQ\x96\xde\xce\xa9\xed^9\
\x07\xc0D3\x22\xda\x9a\xa3Oz\xf5\xdf\xce0\xb8\xe7\
\x12\xf6\x0b\xacp^\x0b\xf9\x0f\x06\xae\xa1%\xe3\xde<\
\xffL\xfa\x97?\x9b\x9d\x099g\xbe\xbbv\x1b\xa2\xe6\
\x00\x00P\xee\x8fL\xe3\xc2i\xee\x9f\xfa\xf9K\xcd\x5c\
3R\xddA\xf1\x05\xdd\x92\xf4\xb5\x5c5\x5c\xbfy\x1b\
an\xbaj\xf8\xf8^\xab\x1fo\xbe\xf4\xe0pH\xb9\
F\xd5\xc0Ol~\x13G\x17\xb8\xbe_4\x84\xed\xd7\
\x0e\xa97\xaf\xb5\xdamr<&Iq\xaf\xde-\x99\
\x08\xcfB\xfe\x8d\x0f\x9cK7_~ff\x8e\x19\x17\
\x84\xe3y\xe7\x00\x00\x00\x00s\xff\x8b\xbb\x8cK\x13A\
\xaa;(\xbe\xa0;D\xfdV2\xa3\xe9\x88\xea\xaa\x81\
\x0b\xc0ME\xd4<\xc0w\x84\xe0_F;U\x8d\x8f\
\xf6j\xc0+\xe7\x89%\xdd\x9b\xf6\xea\x91t\x97\xb0\xbb\
*\xd2y\xd6\xabQ\xfd\x13,9\xff\xd1\xc7/\xa6?\
\xb9\xa0=S\xc7\xed\x9e\xb5\xaf\xe3\xe4\x01\x00\x00\xe0\xe2\
S\xcd/\x1a\xb7\xd8\xfa\xce\x08@\xb1\x05\xdd\x92\xf4\x1e\
\x8e\xee\xea7\xaf \xa4\xbd\xa7E\x97%\xe67\xa3\xb7\
y(\xca\xd2\xdbY\xce\xf7\x1c>\x81#\x0c\xe4\xa6N\
>=\xd2\xbd\x8d\xcb%\x8d\xcc\x03{\xa2K\x1e\xb0=\
\x5c8\xe7\xa6Z\x13\xe2\xf9\xea\x9cS\x87\xd3S\x9f\xbb\
\x8c\xce\x990<S\x87\x8a\xd3\xda\x1fy\xf5\x0d\x9c3\
\x00\x00Pv$\x9f\x85\xef\xf9\xc9s\xcd,\x1a\x87T\
wP\x1eAw\x88z\x97\x95\xf6\xbe\x88\xcc\x16` \
\x99\x98_\xa1\x1f\xc7+\x90\xce\x1e\x19e\xe9\xed\xbfE\
\xf4\x1cDwh\xf5+\xd0j\xdfq\x9c\xbcw\xc6x\
z\xf0c\x17gf\xbe\xb9\x13\xc89\x00\x00\x00?X\
\xce\xff\xf4\xe1\x0d\xcd\x5c\xe5\x02!\xc4\x02\x1cyP\x1a\
Aw\x88\xfa2\xfd2\x15\xa2\x9eX\xcc\xbbp8b\
\xd1\xa9j\xe0\xdfl\xdf\x8f\xa3\x0bj\xed\xcc\xa8\xd6\xd6\
L\x84\xc9\xb5\xe6\x7f\xbf\x16u\x85\xce\xbb\x1c\xd5\xe0k\
s\xd0\x89>xA;\xdd\xfd'\x17dR\xce!\xe8\
\x00\x00\x00\x02?\xebtVm\xeb\xa5\xdb\x7f\xb3\xb9\x99\
k^\x8aTwP:A\x87\xa8C\xcc\x9b\xf6\xden\
\xfe\x0a\xaa\xe4M\x96\xd3\xdb\x0f\x9f8\x89\x83\x0c2\xcb\
?\x5cy\x8eq\xc9*\x5c\x1c\xae{\xdfa\xbcP\x00\
\x00\x00\x02\xe7v\xdd\xfe_\x9biu\xf3\xb2\x16;\xf4\
\x0b\x0a\xc6\x81r\x0a\xbaD\xd4y\x8e:\x8a\x9d\x99,\
#\xb3e\x1a\xc4\xbc1\xe6\xab\x1a\x18\xe9\xed\xa0\xd1/\
\x1c\x81\xcf\x89;\xa6f\xb5q\xd3\xff\xc7\xd1\xf2o\xff\
\xf1\xf9\xf4\xc1\xf3\xdb3}h\xba\xb6\x22\x03\x05\x00\x00\
@\x10\xb5\x94\xb1?Y\xb9\xbe\x99\xf3\xd1\xb9`\x5c\x07\
\x8e?(\xad\xa0;D\xbd\xcb*&\xc7\xb2\xce\xed\xd9\
zJ\xf6\xbar\x01\xbd\x9b\xf5\xcbh\xfd8,\xe2V\
u8\xd5\x1bF]\x818\xa4\xb7\x83\x18N\x1dE\xb8\
\xb5\xe4O\xad>wD\xdb\x00\xfa\xe1u\x17\xd1{\xa6\
\x8f\xcf\xfc1{v\xd7A\x9c8\x00\x00Pj\xffv\
\xcc\xcf\x92L\xdfr~\xc2\x19\xf3\xd1W6u>:\
\x0a\xc6\x81\xe6}\x17\xcc\x13\xfd\xe6.a\xc1\xba\xc6\x12\
\xad\x22\xce\x07\xe9!3k\xe0>\x08y\xda\xef\xf9b\
\x8e~\xf5\x9c\x129\xdf\xd6KK\x9ez\xd5\xb9\xb6\xfa\
\xf5\x87m_\xc8\x9d\x89\x9e\x9f`9\x11\xb2!\x8dn\
G\xa3\xfb\x99\xdev\x88\xc0\x05\x93\x8e/\xac\x03X\xa9\
\x88\xda\xfcs{U\x15\xe1\xf8\xfea-'j\xcf\xab\
.'j+1\xeew\xdcg?\xcf=\x86\xa8=\xe6\
\x18c\xe6\xf8a\xf4\xcf\x0b\xce\xa7\xd3G\x9e\x92\x8b\xbf\
\xd1?x\xe0w\xd4w\xe2-\x05\xe7/\xb5\xf8\xfc\x15\
\xe9o\x87\xe2\xfd\x94.'Ds\x8eg\x8a\xfb\x19\xbe\
\x9c\x90\xec'5}?C\xde\x8e\x92\xedG\xe8\xeb\x99\
\xfcx\x86-\xdb\xf8\xeb*\x94\xfe\x9d\xa6\xb6\x1f\xb1\xf6\
S(;\xde\xae\xc7\x95\x9f\xbf\x22\xf6\xeb\x19\xef\x98\x05\
\xbc\xa1:\xeb\xb98$\xfe\x1b\x9d\xd3\xe9//:\xa3\
Y\x1fUWh\x9a\xd6\x85o\xd5 \x0a\x03\xca\xb2\xa3\
V\x7fo\xbe,r\xc8z'\x99\xf3C \xe5 \x88\
NU\x03#\xbd\x1d\xc8\xd0\xea\xbe\x94\xd8}\xccE\xe0\
\x97\x1aM\xf2\x9c(_\xe54\xc7R\xb3N\x1dF\xdf\
\xff\xd0\x85F\x04=\x0f\xf0\xfcsn\xb1\x06\x00\x00\x00\
\xc4Q\xfc/<\xf9\x0a]>i4\xcd\xd6?\xf7\x9a\
\x00G\xd1\xa7\xe2u\x00\x10\xf4pY\xe7\xc8\xfa\x1cK\
\xc0\xaeQ)b)\xc16\xd7\xa5_V\xf05\xda\xa3\
5\x0du\xed\xd5\x90\xde\x0e\xa2\x9as\xe3\x8b\x85r\xed\
\xb9\x13\xe9\x8bWL\xcf\x8d\x9c3;tA\x07\x00\x00\
Pf\xf7N\xfe\x09\xf8\xa9\xffx\x91\x9e\xf9\xf8\xdcf\
le\x87\x10b\xa1\xa6i\xcb\xf0\x82\x81(\xdf\xeb\x80\
\x03]\xd8Y\xd2Y\xdag[\xd7sZ\xb89,\xe3\
\x1c\x19_\xc7\xd7\x88\x92\xb7\xe2=\xdfh\x8f\xa1\xc4\xa2\
\x7fk\xa5\xb7\x87\xa6\x80\x85mc\xc8\x9dHqOa\
=\xae\xc7\xd5\xa4\xb8\xdb\xd4R\xdc\xad\xd4u\xc1\xf79\
\xd6n\xdfG\x9e\x94uG\x0a\x9f\xa88o{\xd3\xd9\
\xe5)\xee\xd7\x9e3\x91\xbe\xfe\x87\xb3r\xf77\xfa\xe0\
\x8b\xbb\xe8\x9bO\xf7\x84\x1eY\xa4\xb87g?\xa5\xcb\
!\xc5]\xdd\xf1F\x8a\xbb\xfc\xfdY\xd1\xdfij\xfb\
\x11k?\x91\xe2\x1e\xba.!\x82\xcfQ!\xf9\xecv\
\xcc\x01\xe34\xf7o\x5c1\xa3\x19\x1fY\x1ch\x9b\xaa\
K:\xd2'A \x03p\x08<_\x8e\xcdJ\xe7]\
\x12i\x1fe\xc9\xfa\x142\xd3\xe2\xedK\x1a\x12N\x96\
\x88\x1f\xb0\xfe\xdd\x0b\x19\xcf\x0c\x9d\xaa\x06\xfe\x0d\xd2\xdb\
AD\x22E\xc8C\x16\xd2\xbf\x10\x18\x22\xaeY\x8d\xcd\
\xed\xdb\xfc\xfd\xe4z\xfd\xcb\xc9\x17;\xa7\xe5\xf2\xd8\x1c\
Bz;\x00\x00\x94\x17\xd1H\xfe\x98\x19\xa7\xbck\xcd\
\xebt\xcd\xb4\xf1t\xf9\x19\xa3Uo-\xbb\x04\xb7]\
\xbb\x15/\x1c\x80\xa0\xa7#\xed\x8c\xb4u\x9b.\xf0\xb1\
d\x1d\xed\xcer\x85\xba\xf6jHo\x07iKz\xd8\
\x18\x96\xa4;o\x7f\xfd}3i\xc19\x13s{\x5c\
\x90\xe2\x0e\x00\x00\xa0Q>\xf9\xf8\x8b\xf4\xcc\x9f\xbf\x83\
F\xa9\x9f\xe2u\xa3\xfe\xd9{\x07\xa2\xe8\x00\x82\xae^\
\xe0{\xa8|\xad\xdc\xca\x82\x92\xf6j\x9c\xde~\xf8\xc4\
I\x1c]\x10n\xe2\xce\xdeg\x22\xa2\xadk\x9eeI\
\xbe\xfc\x92\xf7\xe6[\xce\x99\x9d\x10t\x00\x00\x00\xe4\xff\
Y\x17e\xe1-\x07\x8f\x19\x91\xf4/\xff\x9e\xf2:n\
\x1cE_Lf;d\x00\xa4\xf4\xc3!\x00\xc0\xe7m\
[\x88\x0eRT\xe5\x1f\xe9\xed\xa0\xd5|\xed=g\xb7\
T\xce\xefxf\x0b\xadA\xffr\x00\x00\x00-\x91\xf3\
z\xbe\xfa\x9f\x9bh\xdd\x9e\xbefl\xe9M\xd6wL\
\x00 \xe8\x00\xc4\xa4S\xd5\xc0Ho\x07Ah\xe4\x0e\
\x9c\xbb\x1fi\x8c\xe1m\x03\xe8'\x1f\xb9\x88\xae9g\
BK\xf6\xed\xd0\x89\x93\xf4\xb7Ov\xd3C/\xee\xc4\
\x0b\x0d\x00\x00\xa0\x01!OX)V\xf8,/\xccT\
\xf7&\xb1\x18/ \x80\xa0\x03\x10\x1f%\xed\xd56\xef\
?\x82\xf4v\xa0T\xe8\xfd4~\xf8\xa0\xfe\xf4\xbd?\
\xbe\x80f\x8e\x1f\xd6\x92\xed\xe4t\xf4\xcf\xfe\xc7\x8b\xb4\
j\xeb>\xbch\x00\x00\x002\xc7\xba=\x87\xe8[\xcf\
nm\xc6\xaa\x16\x22\x8a\x0e \xe8\x00\xc4\xa7S\xc5\xa0\
Ol\xde\x8b#\x0b\x94\xca\xbaL\xd29r\xfe\xbd\x0f\
\xcen\x99\x9c\xbf\xb2\xef\x08\xfd\xf9\xc3\x1b\xa8{\xdfa\
\xbcH\x00\x00\x002\xcb\xed\xff\xb9\xc9\x98\x93\xde\x04\x10\
E\x07\x10t\x00\xa2\x22\x84\xe0\x96z\xa3T\x8c\xfd[\
\xcc?\x071\x85[\xd3\xdc\xb75M\xbaT\xbd\xa5[\
\xff0\xe4\xfc\x8f/\xa0\xb3\xc7\x0dm\xc9><\xfa\xea\
\x1bF\xe4\xbc\x0f-\xd1\x00\x00\x00d\xe5\xc3\xd5\x87\xde\
\xe3o\xd3_\xfdrc3\xb6\x82\xa3\xe8\xa3\xf0b\x00\
\x08:\x00\xd1\xe8T1\xe8\x9e\xc3'\xf4\x0b\xaaN\x83\
T\xbfKH\x1f\xb4\xa7\xd7\xb1\x9c\xff\xff\xd7\xb6N\xce\
\x7f\xf4\xe2.\xba\xfd\xd7\xafI\xe5\xfcP\x0aS=\x86\
\x0dB3\x12\x00\x00(\x1dQ\xfb\x9f\xc7.\x1cg>\
a\xe5\xabo\xd0\xaa\xd7\x9bR/\xe8&\xbc\x98\x00\x82\
\x0e@4\x94\xf4?\xff\xed6\x14\x87\x031\xad\x5c\x93\
\xdc&\xb3\x8f\xb9y\xa9=^\xad}#\x9cr~~\
\xcb\xe4\xfc\xefu1_\xfaL\x8f\xef\xe3\xdd\xfb\x1bO\
w?{\xcc\x10\x9c'\x00\x00PV9\x17\x01\x12.\
\xe2\x8a\xbb\xfb\xceO>\xd6\x94\x82q7\x22\x8a\x0e \
\xe8\x00D\xa3S\xc5\xa0h\xaf\x06\x9a\xe5\xf5,\xe7\xff\
\xb2\xa05rnWj\xe7\xd4v\x00\x00\x00 \x8fl\
9x\xb4\x19\x05\xe3X\xce\x17\xe2h\x03\x08:\x00\x01\
\x08!:I\xc1\xfcs\xae\xdc\xfe|s\xfak\x82\x92\
\xd3j9\xe7\xf9\xe6\xab#TjO#\xc5\xbd}X\
\x1b^p\x00\x00\x00A\xdf\xec\x22\xdeW\xcf\xed\xbf\xde\
d\xccIW\xcc\x8dx\x8d\x00\x04\x1d\x80`:U\x0c\
\x0a9\x07Q\xd0\x8c*p\xfa\xff\xfb\xf9\xcd:\x97w\
H\xb7\x1fa9\xbf\xe7\x9a\xd6\xc8\xb9\xddF\xed\x95\x88\
\x95\xda\xd3\xa8\xe8\x0eA\x07\x00\x802\xb9v\x04\xb1\x96\
\xa5\xbd\xd7\xdd\xa7E\x1a\x83\xe5\xbc\x09Q\xf4\x0e!\xc4\
B\xbc\xb8\x00\x82\x0e\x80?\xb3U\x0c\x8a\xf4v\x10K\
\xd2IV\xad=\x18\x96\xf3\xef~\xa05rn\xb7Q\
{\xa5\xc9m\xd4f\x8c\x19\x8a\x13\x06\x00\x00 \xe7\x01\
\xa6\xdd\x18\xdf\xfa\xddV\xdar@y\xdb\xb5\xeb\xf1\x02\
\x03\x08:\x00\xfet\xaa\x18\x14\x11t\x90H\xd6\xa3\xca\
\xf9\xa0\x01t\x8f.\xe73Z$\xe7\x1c9?\x14\xb3\
\x8d\xda\x9a]\x07\x1b^\xf7\xf0A\xfdq\x92\x00\x00@\
)\x85=\xec>!\x7f\x5c\xc4\x13\xf7\x03\xc7\xdf\xa6\xaf\
\xfez\x93\xf2\xef\x9eV\x8b_\x00 \xe8\x00\xb8\xde\xb7\
\x15\xf5?G{5\x90\x86\xa4\xfbE\xd49r~\xf7\
\x07\xcek\x89\x9c\xdb=\xce\x0f\xb5\xb0\xc7\xf9\xc5\x13G\
\xe0$\x01\x00\x00\x90\xdc\xecC|\xfd\xbe\xe7w4#\
\x8a\x8e\xb9\xe8\x00\x82\x0e\x80\x84N\x15\x83\xa2\xbd\x1aP\
%\xe9\x1c9\xbf\xfbj]\xce\xc76_\xce\xff]\x97\
sn\xa5\xd6\x88\x9c\xa7\x11E\xc7<t\x00\x00(\xba\
S\x8b\xb4\x06\x8a-\xe76M\x88\xa2/@\xcb5\x00\
A\x07\xa0\x1e%\xfd\xcf7 \xbd\x1d4\xf0U\xc2\xd9\
\xdf\x5c\x88Z\xa5\x9ba\x83\xfa\xd3wZ,\xe7\x8d\xc2\
\x85\xe5\x1a\x05\xf3\xd0\x01\x00\xa0\xc8n\x1eW\xce\xad\xcf\
I\xe7\x07h\x0c\x11\xf7\xe3\xbe\x0d\xdbi\xcb\x81\xa3*\
w\x95\xe5|\x01^q\x00A\x07\xc0\x8d\x92\xf9?\x98\
\x7f\x0eT\xf0\xbf\xdf;+\xd7rn\x08z\x0aS?\
\x90\xe2\x0e\x00\x00 \xd4\xd9Sxn\x13\xa2\xe8Hs\
\x07\x10t\x00\xaa\xef\xbfBt\xe8W\x1di\x8f\xbby\
\xff\x11\xa3\x07:\x00\xb1\xbe\x0c\xc8\xda\xc4hf\x85w\
\xfe\xdf\xe2\xceitQ{\xf3\xc5\x94\xc5<-9g\
\x9eM!\xc5}\xc6\x98!8g\x00\x00\xa0\x98_\xce\
R2q\xd1\x98\xa5[O\xbdo\xc3\x0e\xd5Q\xf49\
(\x16\x07 \xe8\x00\xd4\xe8T1(\xa2\xe7 m\xfe\
n\xfe4\xbar\xfa\xa9-\x91s\x8e\x9e\xa7I\x1a)\
\xee\x0c\xa2\xe8\x00\x00P\x229\x17\x11\xefkX\xec-\
\xb4\xea\x7f\x9a\x11EG\xcb5\x08:\x00\xc0BI\xff\
s\xcc?\x07\x8d\xa29.7\xbd\xb3C\x97\xf3\xf1\x85\
\x90s[\xd0\xfbR\xc80\xb9x\xe2H\x9c(\x00\x00\
Pha'\xff@\xb8H\xe0\xde~-\xd7D\xd0s\
5#\x8a\xde{\x5ci\xe7\x92\x85x\xb1!\xe8\x00\x00\
\x13%)E\x9b\xf7\x1f\xc5\x91\x05\xc9\xac\x9c\x5c?\xda\
\xd3\xfbu1\xff\xd0\xb9\xed\x85\x91s\x9b4*\xb9_\
\x84\x08:\x00\x00\x14H\xc6#\x86\xc3]\x92-<\xf7\
E6\xf4h\xebq,\xff\xadg\xb6\xa8\xdc\xfbQB\
\x08\x14\x8b\x83\xa0\x03\x00HA\x8a;\xfa\x9f\x83F\xe4\
\x9c\x1c-\xd5X\xce\xffn\xde\xb4\xc2\xc99\xf3\xca\xfe\
\xc3\x0d\x8f\xc1)\xee\xdcr\x0e\x00\x00\x00P\xcd\xb7~\
\xb7Uu\x14\xfd\x1a\x1ce\x08:\x00\xa5FUA\x8e\
\xcd\xbdGppA\xc3\x5c\xa8\xcb\xe7\x97\x0a*\xe7L\
\x1a\x85\xe2\x18D\xd1\x01\x00\xa0\x10_\xca<\xff&\xff\
@\xb7=\xff+\xf6:\x1a\xdbD\x96\xf3\x95\xdd{T\
\x1e\x05\xf4D\x87\xa0\x03Pz:T\x0c\x8a\xf9\xe7\xa0\
Q\xa6\x8f\x19J\xff\xdf\xbb\xcen\x8d\x9c\xbf\xf6FS\
\xd6\xb5&%A\xef\x9c<\x06'\x0c\x00\x00\x14I\xce\
\x1b\x95\xed\x14\x8a\xc0\x0b\x9f\xe5\xbe\xfa\xab\xd7T\x1e\x09\
\xf4D\x87\xa0\x03Pz\x14\xcd?G\x04\x1d\xc4\xa3\x9a\
\xdd\xaeiF\xca\xf6]\x7fx\x0e\x0dkr\xeav3\
\xe5<MIG%w\x00\x00(\x98\x9c\x87\x09v\xd3\
\xe4\x5c\xd4\xdd\xd9s\xe0(\xad\xda\xbaO\xe5\x11A\x9a\
;\x04\x1d\x80R3_\xc5\xa0h\xb1\x06\x922lP\
\x7f\xba\xeb}\xe76]\xce\xbf\xa6\xcb\xf9cM\x96s\
C\xd0w7.\xe8\xed\xc3\xdah\xc6\x98\xa18y\x00\
\x00\xa0\x14B\x1fe\x01\xbfty\x91\xc2\xca\x05}\x7f\
\xc3\x0e\x95{\x884w\x08:\x00\xa5\xa6#\xed\x011\
\xff\x1c4\xc2\x92\xce\x194m\xcc\x90\xa6\xcb\xf9\xbf\xb7\
@\xce\x99\xb4\xe6\xa1_5m<N\x1e\x00\x00\xc8\x9d\
l\x8b\x5cn\xf6}\x1b\xb6\xab.\x16\xd7\x89\x93\x03\x82\
\x0e\x00\x04=%\xb8\x82;\x00I\xf8\xe2\xef\x9fIs\
&47]\xbb\x95r\xcep\x8a{\x1a\xfd\xd01\x0f\
\x1d\x00\x00\x0a \xe7A\x85\xe1\xeaZ\xab\xd5\xa7\x9f\xc7\
]}\xdd&\x08\x0a\xee\xbb\xeex\xee}\xeb\xb7\xab<\
:Hs\x87\xa0\x03P\xc6\xcf\x05\x81\xf9\xe7 3\xfc\
\xc9\xac\x89\xf4Gg57\x0a|\xe73[Z*\xe7\
NIo\x14\xa4\xb9\x03\x00@Y\xbf\xd0\xb5f\xb5\x1c\
EW\x08\x0a\xc5A\xd0\x01(%J\xe6\xf7\xa0\x82;\
\x88\xcb\x1f\xeab\xfe\x97\x97Li\xea:Y\xcc\xff\xf5\
\xa5\x9d\x99\xd8\xffU\xaf\xa7Sl\x07i\xee\x00\x00\x90\
\x07\xa1\x16\xe9\xa5\xb6\x0b\xcfm\xbf\x88xXH\xdcZ\
\xa4\xba\x94\xb3\x8d\x9b\xcf\xfc\xf5u\xbb\xfb\x8c\x8b\xaa\xef\
\xa8B\x88N\x9c,\x10t\x00\xca\x86\x927>\xa4\xb8\
\x838L\x1b=\xa4%r\xce\xa9\xedYa\x0d\xe6\xa1\
\x03\x00\x00\x88$\xe2\x8d\xa5\xb5'Zg\xb5\xdfz}\
\xe3u\xc5Qt\xa4\xb9C\xd0\x01\x00\xe9\x08\xfaq\x1c\
\x04\x10\x09\xae\xd8\xfe\xb5\xce\x19\xc6uY\xe5\x9c\xd9y\
\xe88u\xefk|j\x08\xb7\xa7\x9b\x8f\xb9\xe8\x00\x00\
\x90a\xd1\x16\xfe2,\x1a\x90s\x11o\x13D\xdc6\
n\x9a|\xb1\x15\xdd\xbbU\x1e-\xa4\xb9C\xd0\x01(\
\x1d\xa9\xb7XC\x05w\x10\x87;\xdf{\x0eM\x1c\xd6\
\xd6\xb4\xf5=\xf5\xfa\xfe\xcc\xc9\xb9\xcd\xa3)\xcd\x85\xbf\
\x1aQt\x00\x00\xc8\x99\xb4S\x88\xb4\x07\x14\x84\x0b-\
\x1c\x17!\xb5]\xbax\xb4\xe7qO\xf4\x15\xdd{T\
\x1d\x99\x0e!D\x07N\x10\x08:\x00\xa0\x01\x0e\xa7P\
\x8d\x1a\x94\x83E\xb3'\x19\xe9\xed\xcd\xe2\x95}G2\
+\xe7\xcc\xaa\xad\xe9\xccC\xe7\x08z{\x13\x7f\xf4\x00\
\x00\x00\x10U\xc4Et9O\xc5\xf0\x9b3\x04\xa2\xe8\
\x00\x82\x0e@zt\xa6=\xe0\xf3(\x10\x07\x22\xc0)\
\xed\x7f2sbS\xe5\xfc/\xff\xcf\x8bt(\xc3?\
 \xa5\x95\xe6\xce\x5c=\xedT\x9cd\x00\x00\x90%1\
\x8f+\xe7\x91\x85Y\xc4zD\x9a\xda.\x9c\xd7\x92\xc8\
\xb9\xa7H\x9cp.'He\x04\x9d\x99\x8f\x13\x08\x82\
\x0e\x00\x00@1\x5c\xb5\xbdY\xf3\xceY\xca\xb3.\xe7\
6\x8f\xbe\x9aN\x9a;\x8a\xc5\x01\x00@\x86\xe4<\xd5\
\xf1\x22\x8e-\xe2\x8d\xd7\xc8V\xf6\x1e{\x8bVm\xd9\
\xa7\xea\x08v\xe2$\x82\xa0\x03P\x92\xcf\x0b\x81\x16k\
\xa0e\xcc;c4\xe4\x5cBZi\xee\x9c\xe2\x8eb\
q\x00\x00\x90w9\x0f\x9a{\x1eE\xce\xc3\xdb\xaa\xb9\
\x97J\x9e\x82\xaf0\x8a\xce\xed\xd6\xe6\xe0d\x82\xa0\x03\
P\x06\xf0f\x07Zw\xf2M\x18\xd149\x7fe_\
~\x0a\x17r\x9a{Z-\xd7>|N;N4\x00\
\x00\xc8\x9a\x9c\x0b\x1f\xf1\x15\x9e\x0b%\x8f\x8e\x0b\xe3\x7f\
\x8c\xe6\xda\x1c\xa1\xb0-\xdb\x8a\x8d\x98\x87\x0e \xe8\x00\
d\x12Tq\x07Y\xe1[\xcfl\xc9\x95\x9c\xdb<\x92\
R\x9a\xfb\xc5\x13G\xa0X\x1c\x00\x00\xb4\x00M7a\
-\x8e\x9c\xc7\x12\xff\xd4\x17\xf4_<\xc6\x10\x5c\xcd\x9d\
/\x8a\xc0<t\x08:\x00 )\xa8\xe2\x0e\xb2\xc0\x92\
_o2\xfa\x9d\xe7\x91\xd5[\xf7S_J\x7fG7\
\xcc9\x03'\x03\x00\x004\x93\xb0\xc8y\xe8c\x01E\
\xda\x1c\xa9\xeb\xb2&h\xf5Q\xf2\x88\x86-\x12l\x93\
\x84\x15\x1b\x95\xa5\xb9w\xe2\xc4\x82\xa0\x03P\x06:p\
\x08@\x11yL\x17\xf3\xbc\xca9\xd3w\xe2m]\xd2\
\xd3\x99\x8b\xce\xc5\xe2NC\x14\x1d\x00\x00\xb2+\xe7\xf1\
W\xa2j\xe3#\xfe\x98\xe0?O]a\xa18\xc2<\
t\x08:\x00\x10\xf4\x04 \xbd\x1dD\xe5\xd5\xfdj\xce\
\x95\xa7^\xdfO_\xfb\xf5\xa6\xdc\x1f\x9f\x87^\xdc\x95\
\xdaXW\xa1\xe5\x1a\x00\x00\xe4S\xce\xeb\x02\xd7\xc2w\
H!\x84\xec\x09\xf2\xb9\xe7>\xe3\xca\x07\x97=&$\
Q}\xe5\xfd\xd0;q\x92A\xd0\x01\x001Az;\
\x88,\xe8\xfb\x0e\xa7>&\xcf7_\xf2\xeb\xd7\x0aq\
|\xba\xf5\xe3\x93VO\xf4\x0f\x9f3\x91\x86\x0f\x1a\x80\
\x93\x0e\x00\x00T\x89\xb9\xaf\x9cG\xa8\xa2.|\xacY\
\x04\x09u\xb4\xd5\x87\xfe8\x10-s]\xb2\xb8f\xd6\
\x9f\xd3\xea\x17P\x18E\xc7<t\x08:\x00\x00\x00U\
<\xf6\xda\x9b\xa9\x8e\xc7\x15\xdb?\x9f\xa3vjQx\
\xe8\xc5\x9d\xa9\x8c\xc3r\x8e\x8a\xee\x00\x00\x00\xd2A\x0b\
|T\xa1\xa0#\xc5\x1d\x82\x0e\x00\x00@\x15kw\x1f\
4.\x90\xf3\x80/9)\x16\x8bC\x14\x1d\x00\x00R\
&0rN\xd1\xa2\xd7\xf2\x7f\xd4\xad\xa3\xf6?\xff\x80\
{:\xfb\x14e'\xac\xfb}\x1e\xeeR'\xe8\x1dB\
\x88\x0e\x9cx\x10t\x00\x00\x00\x8a\xb8w\xdd\xf6T\xc6\
\xc9k;\xb50\xb8X\xdc\xa3)\xb5\x5cC\x14\x1d\x00\
\x00\xd2C\x8b,\xb9\x09\xe5<\xb6x72F\xb4\xfe\
jQ{\xa8\xab,\x14G\x88\xa2C\xd0\x01\x00\xf1\xd8\
s\xf8\x04\x0e\x02\x88\x0cG\xd0\x7f\xf2Rc\xc5\xd0X\
\xf2\x1f\xcbq\xc5\xf60\x1eL)\xcd\x9dA\x14\x1d\x00\
\x00R t\xcey\x84y\xe7\xde\x0ak\x8e\x7f\x0a\x11\
!8\xde\x88\xe0\xbbV\x9dP\xceE\xcb$\x1d\x82\x0e\
A\x07\x00\xc4\x13\xf4\xe38\x08 \x16w\xfdn\x0b=\
\x9eP\xb0Y\xcc\xbf\xb7n[\xa1\x8f\xcf\xceC\xc7\xe9\
\x11D\xd1\x01\x00 ;r\x1eY\x9a}z\x99{\x0b\
\xc1\x09\x9fg\x08\x11 \xea\x22d\x1d>\x8b\x0a\xef\x0f\
\x04Q\xf6\xd9\xe7\x1f\xde!DS\x04\x1d\x85\xe2 \xe8\
\x00\x00\x00T\xf3\xf5\xff\xdc\x14[\xd2Y\xce\x97\x14\xa0\
\x9dZ\x14\xd2Jsg8\x8a\x8e\xbe\xe8\x00\x00\x00T\
\x92V\x8d\x19\x09\x88\xa0C\xd0\x01\x00\x004K\xd2\xbf\
\xd4\xd5M\xbb\x0e\x85gapZ{Y\xe4\x9cyv\
\xd7AZ\xb3+\x9d/;\x1cE\xbfa\xce\x198\xe1\
\x00\x00 *vJ{hA8\xe1\xff\x98O\xd4\xba\
\xfa\xb0\xf0\xac'I\xf1\xb9\xb0l\xf5\xb0\xe7\xfaD\xf7\
E\xe8\x93\xeb\x07Z\xa7N\xd0G\xa1P\x1c\x04\x1d\x00\
\x10\x83\xf3N\x1d\x8e\x83\x00\x12\xf3\xab\xd7\xf7\xd3\x87~\
\xb6\xd6\x90\xf5\xa7\xf4\xdbNY\xe7_\xe3Y\xcc\xff\xec\
\xa7k\x0b\x9f\xd6.\xe3\xbbk\xd3\xdb\xe7\xab\xa6\x8dG\
\x14\x1d\x00\x00\xa2\xcay\xb4\x05\xa3\x09sT\xb1V\xb5\
\xaeT\x8eI\xf8\x22=\xbdG\xa9\xf7\xd8[\xaa\xb6\x00\
Q\xf4\x02\x83J9\x00\x00\x90A8}\xbd\xae\xf0\x9b\
(\xf71\xe1(z\xf7\xbe#4c\xcc\x90T\xc6[\
|\xd94\xfa\xcc\xe3/\xe0d\x03\x00\x80\xa4b.$\
\x1fP\x22\xba\xd1\x0a\xe13F\xd4uE\xfd|\x8c\xba\
\x8e8r\x1ea\xa8u\xbb\xfbh\xfe\x941\xaa\x04}\
9N\xd2b\x82\x08:\x00\x00\x80\xdc\xf0P\x8a\x15\xdd\
/\x9e8\xc2\xb8\x00\x00\x00\xa87g-HP\xfdR\
\xd6E\xe4\xe1\x1dr\x1e\x92:\x1e)-=\xe6v\x86\
\x8dQ_\xadNRd.|\x0c\x85\x85\xe2f\xe3$\
\x85\xa0\x03PTzq\x08\x00\xc8\x0f\x5c\xcd}\xe7\xa1\
\xf4:%|an\x07\x0e*\x00\x00\xd4\x993H\x83\
\xb5\xbb\x94\xcdC\xc7\x87\x17\x04\x1d\x80\xe2\xbew\xe2\x10\
\x00\x90/\xd2\x9c\x8b>c\xccP\xb4]\x03\x00\x00[\
\xce\xa5\xf7S\xad\x8a\x9b\x08\x0a#\xcb\x9f\xe6\xf4~\xf7\
\x10Q\xfb\xa5\xcbF\xa4\x18Qu\x11c9\x11a;\
$h\xd6\xc5\xb3 \xcfCW\x04\xe6\xa0C\xd0\x01\x00\
Q\x99:z\x08\x0e\x02\x00\x0a\xe1(:\xcfEO\x8b\
\x1b\xe6L2*\xbb\x03\x00@y\xc5<\xc5\xb9\xd9i\
-\x97\xca\xbe5q\x10\xc9b\x0a+\xb9\xeb/\x9b\xe8\
\xc4\xc9\x0bA\x07\x00D`\xe8\xc0\xfe8\x08\x00(f\
\xe9\xd3=\xa9\x8d\xc5r\xfe\x85wt\xe0\xa0\x02\x00J\
\x87\x16\x96\xce.\xa2E\xcb\xa3w\x1f\x0b\x19\xaf.@\
\x1fq\xfd\xb2\xed\x10\x09\xb7\xd7/\xfa\x1e4\xf7<\xa0\
\x95\x9b\xcavk8\x83!\xe8\x00\x14\x11%)\xeeC\
\x07A\xd2\x01PI\x9a}\xd1\x99\xab\xa7\x8dG\xc18\
\x00@\xb9\x88$\xe71\xa5\xd8\xef\xaeD\x91l\xd1\xd8\
\x0f\x02\xb1\x9e+\x1a\x1f\xd7\x07\xa4\xb9\x03\x08:\x001\
\xd04MI\x91\xb8\xa9\xa3\x90\xe6\x0e\x80j\xeeY\x9b\
n/\xf8[\xe7M\xc3A\x05\x00\x94C\xcc\x1b\x91s\
\xef\x5cr?\xff\x15\xb5e\xe3\x8bs3\xe4\xdc\x13\xfe\
V\x94z\xaf0\x82\x8eJ\xee\x10t\x00\x0a\x0b*\xb9\
\x03\x90C8\x82\xbej\xeb\xfe\xd4\xc6;mX\x1b}\
\xe6\xc23p`\x01\x00%\x16\xf3x\xa2*( +\
=\xaaY\x0b\x89\xd5\x07\xad$l\x8c\xbabv\x14\x5c\
8\xce~\xacZ\xe8\xcd\xf9\xebB\xc0ze\xb2/\xb9\
o\xf3~e\x11t\xa4\xb8C\xd0\x01(,\xa9\xa7\xb9\
\x9f\x7f\xeap\x1cU\x00\x9a\xc07R\x9c\x8b\xcep\xc1\
8\xae\xec\x0e\x00\x00\x85\x93\xf30\xd3V\xbb\x0199\
N\xe9\xef\xce\x96\x03\xca\x04\xbd\x13'6\x04\x1d\x80\xa2\
\x92z\x04\xfd\xd4\xa1m8\xaa\x004\x01\xee\x89\xfe\xe0\
\x8b\xbbR\x1d\xf3\xb6yg\xe1\xc0\x02\x00\xf2\xef\xe4\xb6\
\x98G\x95s\xbf\x02n\x9e\x08\xb6\x08xLZ,M\
DMW\x8f2\x99\x9d\x02\xb7M\xba\xae\xb4Z\xa9E\
\x19O\xab\x7f\xa8\xabg\xaf\xba\xd7X\x08D\xd1!\xe8\
\x00\x14\x92u\xe9\x0b\xfa \x1cU\x00\x9a\x04\xf7E\xef\
;q2\xb5\xf18\x82\x8eTw\x00@\xee\xe5<\xd6\
\x82\xa2\xf9\xe36*\xe7Q\x9e\x90\xc6|\xf5\x14\x82\xff\
\xbd\xc7\xdeR\xf5R\xa3P\x1c\x04\x1d\x80B\xd2\x93\xf6\
\x80\xe7!\xc5\x1d\x80\xa6\xd1w\xe2m\xfa&R\xdd\x01\
\x00\xc0\x88 \x0b!\xc2#\xe7a-\xcf<\x11s\xe9\
\x14n\xbf\x96f\x11\xc7\x0d\x9c\xe0\xed7\xe7[$\x15\
\xfc\x80\xcc\x00\xd9\x13\xe3\xcay\xc8\x1c\xf9u\xbb\xfbT\
\xbd\xe2\x88\xa0C\xd0\x01\x80\xa0G\x05i\xee\x004\x8f\
G^\xddc\xb4^K\x93o\xbc\xebl\xa3G:\x00\
\x00\xe4A\xcc#\x95Kw\xc9\xb1\x8f`\x86\xd4F\x93\
\xf7\xfc\x0e\xf9Q@D\x14\xea\xa0^\xe3\xb2\x7fG*\
j\x175\xb2\x1e\xb1?{\xf4\x15\xd7\xbeh\xf6\x1eQ\
\xf5\xca#\x82\x0eA\x07\xa0\x90(\xe9\x85>u\xf4`\
\x1cY\x00\x9aH\xdaQt\xae\xea~\xc3\x85\x93p`\
\x01\x00\xf9\x17\xf3p;m\xe6F7q\x93\xb2Q\x9c\
Na/\xf4\x91\xf8#\x80\xa0\x03P8\xac^\xe8\xa9\
\x17\x8aC%w\x00\x9aK\xf7\xbe\xc3\xf4\xe0\x8b;S\
\x1d\xf3#\xe7\xb4#\xd5\x1d\x00\x90O1\x17\xc2]<\
M\x84\xa7\x93\x07\xc6\x85\xa5\x91\xeb\x98}\xd9\xd2\x90\xf3\
\xb0\x9en~Y\x02\xbe\x9b+I\x1b\x08=\x10\x01\xe3\
Y\xc7\xda\xf9\x90BAG\x04\x1d\x82\x0e@aI=\
\x8a>u\xd4\x10\x1cU\x00\x9a\x0c\x17\x8c\xe3\xca\xee\xa9\
J\xfa\xb9\xed8\xb0\x00\x80\xcc\x88\xb9\x16)\x95=\xda\
$j\xd1\xd4\x00\xb3\x88\xbf\xb8hP\xe6S\xdf\xb4d\
\x1b\xb0E]\x8a;\x80\xa0\x03PXV\xa5= \x0a\
\xc5\x01\xd0|\xb8`\xdcm\xbfz5\xd51\xcf\x1e\x83\
\x1f\xdb\x00\x00\xad\x17\xf3\xc86-\xa2Y\xad\xbdX\xe8\
|so\x14^\x84\x86\x98#\x0c\x1c\xe2\xbb\xc2g\xfd\
a!n\x11G\xf6E-\xcb \x92{\x8b\x08\xeb\x12\
\x92\xe9\xf6\x82z\xf6+\x13\xf4N\xfcq@\xd0\x01(\
*J\xe6\xa1\xbfc\x12\x8ak\x02\xd0l\xb8X\xdc\xaa\
\xad\xfbR\x1b\x0f)\xee\x00\x80\xcc\x8b\xb9_\x0bs\xe1\
\x7f\x09\x1dG$\xf8q\xc0\xb5|\x80L\xfb\x89{P\
\x0az\x94\xfd\x97\xadO\x84\x1c\xa8\xa0\xa2s\x913\xf8\
eM\xe2k(Lq\x07\x10t\x00 \xe8q\xc0<\
t\x00Z\xc3m\xbfz-\xb5T\xf7\x1d)\xa7\xcc\x03\
\x00@4\xc9\xad\xe08\x14\x08U\xbd\xd0\x85\x10\x1d8\
\xba\x10t\x00\x0a\x87\xa6i=\xa4\xa0\xdd\xda;N\x1f\
\x8d\x83\x0b@\x0bH3\xd5\x9d\x8b\xcf\x01\x00@\xb3\xc4\
\x5c\x0b\x0b\xdb\xca\xd2\xce\x1dwFi\x83\xee;f\xdd\
:\xa2\xa6\xb1Gl\xb3\x16\xb4k~\xed\xdb\xa2\x1c\x87\
\xd0}\x0a\x8a\xaa\xc7}\x8d$\xe3\xca\x02\xe8\x9e\xe3\xb1\
.\xe5V\xa0\x0e \xe8\x10t\x00\x0aK\xeaQ\xf4S\
\x87\x0eB?t\x00Z\x04\xa7\xba\xa7Q\xd5\xfd\x81\x17\
v\xe2`\x02\x00\x94\x8by\xe4T\xf6\xe6mTvW\
%Z}p\x04\xceY\x00A\x07\xa0\x09\xacR1(\
\xe6\xa1\x03\xd0:\xb8\xaa{#\x11p\x96\xfcg\xd5E\
=\x00\x00 F\xf17\xe7\x8d\xfa\xd0q$\xc7\x97=\
\xb5\xa1\xc8u\xc4\xf9\xe1Q\x1f\x0f*BWw\xb7O\
X>JT=b\x9d;\xd7\x13\xeb\xab\xbfE\x1b\xc3\
z|\xad\xba\xcf\x12\xb4Z\x83\xa0\x03PX\xbaT\x0c\
\xfa\xae\xa9cqd\x01h\x11f\xaa\xfbk\xc6u\x5c\
X\xec\xbf\xf0\xc4F\x1cD\x00@\xfaB\x1e5\x0f]\
\x04Kk\xa2\xa2o\xbe\xb2\x1aA\x8cE\x04\x0b\x162\
\x89\xf7\x91r\x11\x22\xf2\xd2M\x0aY\xb7\xec\xc9QE\
:\x91\xbc\xfb\xbc\xbe\x1ez\x8f\xbd\xad\xea\x8cB$\x08\
\x82\x0e@1\xd14\x8dS\xdc{\xd2\x1ew\xea\xe8!\
F\xaa;\x00\xa05\xb0h\xff?\x8f\xbf\x18\xabh\x1c\
G\xcdox\xec\xc5Db\x0f\x00\x00q\xc4\xad\xbc\xc7\
\xa3\x5c\xbb\xdb{\xf4-\xbc\xe6\x00\x82\x0e@\x02\xbaT\
\x0cz\xf5\xd9\x13\xb8\xca\xa6q\x01\x004\x9f\x8d\xba\xa4\
\x7fd\xe5zcNz\x90t\xdbQ\xf3\x1b\x1e{\x01\
r\x0e\x00HO\xca\xe3\xa4\xb1\xd7E\xcd=\x0fQ\x8c\
\xa8\xb9\xdf\xb8Q{\x9a\x87\xb5(\x93>\x14P\x90M\
\xba]\xf5\xfb\x1a\xb9\xddZ\xe2\xe2s!\xf7\xd5\xbd~\
\x92\x01\x85\xcf\xf2>(,\x127\x05\x7fh\xc5b\x00\
\x0e\x01\x00.x\x1e\xfa\xc2\xb4\x07}\xe7\xa4Q\xf4/\
\xcfn\xb5\xde\xbbE\xf5}]\xe3\x1b\x9a\x86\xa3\x0e@\
\x13`\xe1\xfe\xc6\xd3=t\xcf\xdamt\xf1\xc4\x11\xae\
\xfe\xe6;\xfa\x8e\x19Qs\xb4T\x03\x004\x8a\xe6\xf8\
\xacOh\xf5\x19\xf9q!\xa5\x1f(\xf2\xbe\x0fQ\xc7\
\x15\xa2U/i\x07\xfe\xea \xe8\x00\x14\x99\xe5\xfa\xe5\
\xde\xb4\x07\xe5J\xee\xef8}\x14\xfdf\xdb~[\xcb\
Ih\x96\xa4;\xde\xd0\xe1\xea\x004G\xd4\xbb\xb6\xee\
3.Y\xf9\x0e\x09\x00(\x00\xce\xcfs\x92\x07]e\
\xa6V\xfd\xc1>\xcc\xebD\x02\x11\x151\x0dQD\x1c\
XD\x18@\xc4lk\x16\xb72{\xd8\xf2\x82\xe2\xad\
?\xea\xc1\x0c\x93s!\x7f\x1aR\xdcAT\x90\xe2\x0e\
\x80\x03M\xd3z-IO\x9d\x0f\xcc\x9cX\xff\x06\xef\
I\xcb\xb2\xd3\xe0\xab\x17\xbc$\x00\x00\x00@\xf6\xc5\x5c\
$3\xd0\xa0Zi\x0d\xcby\xc3N\x9aJ\xef\xb3\x06\
\x16\x17\x8a\xb77\x86\xe0\xa7\xc0Zt\x04\x01\x10t\x00\
\x12\xa3\xa4\xdd\xda\xf9\x13\x86\x1b\x91t\xf3s\xdc+\xe2\
\x9e\x7fW\xa7\x86\xb9\xef\x07\x00\x00\x00@\x86\xa4<\xb4\
\x0a\xbb{~u\x94\xa2\xea\xf6\xd3\x22U\x13\x0f\x9bg\
\x1e\xa7\x1cy\xd8/\x02\x81\x15\xd5\x83\xa2\xcb\xe4\x9e\xcb\
\x1dT1>\xe9\xfaE\xc0\xfc\xf5X\xd5\xe1\x1b\x94\xf3\
\xd6|UC\x9b5\x08:\x00\x85g\xb9\xaa\x81?|\
\xfe\xe9T\xa9\x90q\xb1?\xab*\x8eK\x9d\x98W\x1c\
\x17\xfd\xdf\x15\xfd\x89|\xb1\xff\x0di\x07\x00\x00\x00\xb2\
&\xe5\x8e\xcfr\x8a\xd0\xbe;n{/\xe9s\x12\xf4\
\x06\x93\x8a|@!\xb6 \xbbu\xfe\xb3b]\xe2\x16\
z\x8b\xf4x\x80\x0d\xfb\x15\xc6\x8bd\xd5ar\xee\xd3\
\xaa\xcd\xfb\xc3Ck@\x9b5\x08:\x00\xc5F\xd3\xb4\
\x1eRT\xcd\xfd\xddg\x8d\xa3\xa1\x83\xfa\x87~\xc6\x84\
\x7f\x94\x08\xd7\xcf\xec\x88\xb2\x03\x00\x00\x00\x8a\xc5<\xe6\
'\xb5\x9ami\xe2\xba\xb2\xfd\xa2\xe4jX\x9b\x9e\xde\
\xa3\xf8{\x02\x10t\x00\x12r\x9f\xaa\x81\x17\xcc\x9a\xe8\
\xfe\xbcwL6\x93\xfd\x10\xeb\x97\xb1V\x97\xfe\xee\xbc\
\x9f \xec\x00\x00\x00@\xe3R\x1eP$\xcd\x13\xc1v\
N[\x93/\x13\xe3\x12&\x8fa\xdb\x17\xb0\x9dQ\xb3\
\x00\xea\xdb\xa6yR\xd9\xfd\xda\xb9\xc5\x11\xe0\xba\xf1e\
\xeb\xf7\x19\xa4\x91\xec\x83\xfa\x7f\xa4?\xcf_\x92y\xb0\
e\xff\x11\xfcm\x01\x08:\x00\x09Q\x96\xe6\xce\x82>\
t`\x7f\xf7\xfb\xb7\xcfD4\x11\xd2n\x94\x5c\xd7B\
\xfey\xe3\x92x\x81r\xd5\x00\x00\x00\x80\x04-\xf1\xe7\
\xa4HG\xe8b\xae\x22\xd5AD\x13\xb6Q\xf8\x5c'\
Y\x89\x08\x93\xfe4\xb7\xddg\x12;\xbeN\x01\x08:\
\x00M\xfc\x906\xab\xb9/S16\xa7\xb8/8g\
\xa2\xe7\x97voq8O4]v\x1f9\xa3\xe95\
Iw\xfd\xe0\xed#\xf6\x90v\x00\x00\x00\x80\xa2E\x94\
=\xd1g\xe1\x98\xb3]\xfd\xdc\x0d\x8a(\xc7\x89\xf0\xfa\
=\xcf\xbb\x1d\xb1\xf7I\xc4[g\xd4\x1f\x1f\xa2\x16\xb2\
\x0b\x8c\x9c\x87\x8d\x15P\x88.j\x8d9i6@\xd0\
\x18!;V=\x1f(\xb8\xda_\xd3Nc\xd1\x81?\
f\x08:\x00e@i\x9a\xfb\xa9C\x07\xf9Wm'\
\xa7\xb8\xd7\x0b\xba]|\xc5y_\xad\xf0\x5cM\xbe+\
\x15Q_1\xde\xe7\x22_\x11\x00\x00\x00P\x22)w\
x\x99\xf73Y\xe6\xcar\x81N(iu\xbf\xc8{\
\xee\xa3\x88)\xf7Ql\xd1[Y=h\x07\x92\xa4\xe2\
K\x0fq\xd2Jx)\xfc\xd8\x11\xcb\xbfEH\xb9\xfd\
\x04\xed\xdf\x84\xf2\x88;\x04\x1d\x82\x0e@\xf1\xd14\xad\
K\xbf\xeaQ16G\xd1?6gR\xf5\xc3\xddY\
\xe95\xf2g\x8d\x08\xfe\xce!\x9bn&\x9b\xb2\x16\xfc\
\x19\x85H;\x00\x00\x80b\x08\xb9\x96\xf6\xe7X\x9a\x1f\
\x89\x8d\x14\x7fK\x9a\x91_\xd7\xd7M\xe9\x8b\xd0\xbcc\
\xd9\xd0\xb8j\x8fCW\xcf^\xfc=\x02\x08:\x00\x0d\
r\xa7\xaa\x81\xdf;m<\x9d:d\x10U8\xd2m\
\xb5P\x13\xd6m\xbb\xb5\x9a4\x02\xeeL\xab\xf3\x93o\
\xe1N\x7f\x17\xb2\x16\xa1u\x11xa\xb6z\xa3\x80\xac\
:\x22\xff\x08<\x00\x00\x00\x901)\x8f\x96\xba^[\
\xde\x1d/\xf7y\x8e\xb7\x8dX\xdchy\xac~\xe5\x22\
|\xbb\xa3lH\xe0*j\x91\xf2\xc0\xccxIP\xdd\
\xbbjw\xd6w\xc0J}79N\x14!\xe4pI\
\xfb\xa5\x07\x8d%\x82\x1d=\xf1\x0f<\x9au\x01\x00\x82\
\x0e@\x1a,\xd3/\xbd\xaa\x06\xff\xeby\xd3\xea?\xd8\
\xea\xe6\x9f\xd7\xf7\xf9\x14\xaey\xe7\x11?\x9b(\xc2g\
\xb8\x10\x81S\xbd\xc2>\x15\xeb\xd3\xe5q\x02\x01\x00\x00\
\xc8\x90\x94'\x1e\x9b\xb2\xf1\x99&\x14\x0d'\xfc\xbd=\
\xd9\xa6\xa5P\x90N\xc4|n\xda\xc5\xe7\xd2\xdc6|\
!\x02\x10t\x00\xd2\xc1*\x16\xa7\xac\xa2\xfb\xec\xf6\x11\
\xf4\xfb\x93G\xd7\xcfA\xf7D\xa6\xc3\xe6\x8e\xd7\xcd[\
\xa7Z\xeb5\xbf\xe9\xe5\xbe\xc5\xe7\xfc\xc6\x17\xf5\x85\xec\
\x22\xfd0\xee3\x0e\x00\x00\x00\x90\x9a\x90Gn\x1b&\
$s\xcb\x85\x7f W:\xf1<\x81\xd8K#\xde\x8d\
\xc8y\x9c\x16p$\x8d\xdaKk\xcfy\x8a\xcf\xba\x82\
\x08\x14%\xce/\x22\xc9y\xa8\xcc\x0b\x9f]\x0e\xdaW\
\xbfeE\x83\x91s\xef\xaf\x15\xb1\x7f8\xc0w\x1e\x10\
\x8f\x018\x04\x00\x84r\x9b~Y\xa8j\xf0\xff\xfe\xce\
\xa9\xb4v\xe7A:t\xfcm\xe9\xbb|\xf5}]s\
]\xd5}.hB3\x1et\xcfO\xf7$\xe99\x9f\
,4\xf9\x87\x9f3\x13+\xe4\x83T8\x87\xf4\x0d\x98\
\xd7\x96r\xee\x8a\xf0\x19U\xd3\x90\x06\x06\x00\x00\xa0\x1e\
\xe3\xb3#\x8e\xec\xb8\x9cJ\x04{T\x90t\xc5\x8e\xaa\
6 d\xd5\xf4\xb8\xf8\xe1k\x11 \x84\xb1\xa7\xb8\x87\
9\xab\x10\xe1{\x1a\xe4\xb4^\xe1\xd5\x84|\xbd\x22\xe2\
>S\x92c\xdf\x021\x87\xab\x83\x08 \x82\x0e@\xd8\
\x17\x02M\xeb!E-\xd7\x98\x89\xc3\xda\xe8\x8f\xcfm\
w\xbds\x07\x15x\x0b\x0c\x16\xa4\x90\x82\x97(\xa5\xad\
\xa1\xb42\xef\xfa\x03\xaa\xcc\x03\x00\x00(\x1fYI/\
\x07\x00\x80&\x80\x08:\x00\xd1\xe0\x96k\x0bU\x0d~\
\xfdEg\xd0\xafz\xf6\xd1k{\x0fY\xbf\x0a\xd4\xae\
\x84\xe6\xff\x0b\xef\xc9\x93\xe4X^To\x9bApI\
\x84\xdc\x1dB\xaf\xff\x0ed?\x5cq\x87\xeb\xbdKj\
\x9e\x1bB&\xeb\xf5\x1a/\x97z\xe9:\xb4\xda\x7f\x9d\
\x8fK\xe6\xe3\xd7\x9e\x82\xc8;\x00\x00\xe4\x19\xdf\x08\xb9\
\xac\xb8\x8a\x16\xf4Q\x93 Z\x1e\xe51\xe92\x8d\xa4\
\xaa'\x8b\xff\xfa\x1e\x22!\xa2\x8f\x15\xa5\xcb\x99\xd6\xe8\
\xb1\x91m\xaf\xa8\xbb\xdf\xfe\x0a#b\xbeF\xbe{\x1b\
t\x8e\x04\x1d\xc4(\x8fE\xd9F\x04\x14@\x83 \x82\
\x0e@\x94/\x0df\xcb\xb5.\x95\xeb\xf8\xdc\xefu\xd4\
\x05\x09d\xedO\xbd\xf5\xd7\xea\xa6_9+\xb3G\x98\
\x9e'$\xdf\x15\xeaZ\xaf\x06}\xb7\xf0\xceWK\x05\
\x11\xff\xbbOP_w\x00\x00\x00\xd9$\xf5\xf7\xeb\x08\
\xa9\xd7)}<55\xac\x1f\xf0Y\x9bJ\xbd\xb2\xd8\
\x83$\x19C4\xf4\xbbH$9\x8f\xb4M-\xf8^\
\x80\xaf\x22\x00\x82\x0e\x80\x12nS9\xf8\x9c\xf6\x91\xf4\
\xc1\xf3\xda\xeb\x0a\xb1\x05\x17x\xab\x15_\xf3\x0a\xaa\xb4\
E\x9b\x90\xb7ms\x16\xc8\xa9+VG\xf2VnQ\
\xee\x0b\xea\xb9\xee\xd7\xa2\xc5U\xc8\xc7Q\xf0.\xb4\x13\
\x8d\xcf\x0f\x0f\xc2\xf3\x05P\x8b4W\x00\x00\x00\x80\x12\
Gi\xe0\xfdW\xd4}.\xc8>\xcfB\x8a\xbd\x85]\
\xa4\xcf\x93UG\x8d\xf9AT\xfd\x9c\x94|\xeeRH\
s\x15IW\x17g!V\xef\xb1\x14\xa1\x1f\x8aQ>\
8\x83\x9e'\x22>'Z\xfb7\x11\xb6\x8d\xd2\x16n\
D\xd2\xbeo\x22%9\x8f\xd8\xbd.\xd2\x01v\xf4\x9a\
_\xb5\xf9M\xbc\x11\x80P\x90\xe2\x0e@D\xfe/{\
o\x02pIQ\xde\xebW\x8d\x0c0\x830\x83\xb8\xb0\
\x09\x83\x0a\xb8\xb0\x0d\x0a\x88\xb2\xba\x86\xa0 I$\x9b\
\x0ac\x8c^5\x09ND\xb3\x0bD\xd4\xab\x89\x82I\
nn4^\x9d\xab\x89\x7f\xa37@\x5c\xe3\x86#\xb8\
$.8\xac\x0a\x08\xce\xb0\xef\xce\x80,\x0a~\xef\xbf\
\xeb,\xdf\xd7KuuUu\xf5\xd9\xbe\xe7\xd1\xc3\xf9\
\xe6\x9c>\xdd\xd5\xd5\xd5\xd5\xf5\xab\xf7\xad\xf75V\xf4\
\xecA\xb8>\xfb\xf3\x98\xae\x8eq\xea3\xf7P?\xb8\
e\x8b\xba\xee\xee\xfb\x95\xaa}\xc6h{\xbf_\xfe\xc6\
\xf2\x10\x9a\x9b+\x9f\xd3p3\xbd\x10\xa0\xa5x\xce\x85\
H\xaf\xc3\xa3\x8b\xae\x1b<\x15\xcb\xa7\xf3\x22\x5c;\xbc\
\xc1<\x9f\x96\xd2\xf0C\xd7\xfe\x0bq\xef\xca\xee\xf0\x0d\
\x01u\x08\x5c\x07\x00\x10\xa3\xc8\xc5\xaf\x9f\x17[(\x13\
\xb1?\xe8\xac\x0fh\x8f\x87\x8a\xf8\x97\xb5\xe5\xa9\xba\x9e\
Z\xde\x0fAi\xe3>\x1d\xe9\x8a\xaeZ\x94\xd7;@\
\x9e(\xff\xeb\xda\xea\x04\xebf\x01Z\xb4\x81\xd0zM\
\x114\x10\x16%X\xd0\x01\xc2X\xd3\xe5\xce\x1f\xbd\xf5\
V\xea\xcf\x8e\xd9\xa7b\x95V\xd2\x90E\xc4\xd3\xf5\xad\
`\x89V\xf9I\xf7n\x1e\x1e\x8d)k\x94\xc3U\xbf\
f_\x8d\x06\x0d\xc7qb\xd3\x9b\x16,4s\x83\x17\
Vx\x00\x80\xaa\xc0\xa1_\x04\x00h\x05\x16t\x80\x00\
LD\xf7L\x98\xadS\x1d\x06\x8c{\xcaN\xdb\xf5,\
\xe9\x1f\xf9\xee\xa6\xbe\xa5z\xde\xf4\x9b\xb3\x01\x0f\x03\xab\
\x0c\x03\xa8\xe5-\xbc\x96\x19i)\xc4|\x1b\xe6V_\
\xf8p\xe8\xd6\xae+\xd1\xdf\xa4b\xf9\xce\xeb\xf9\xa2a\
Y\x17\xc4\xfeB\xb1k,(\xa2\x9b\x05\xb2\xd4o\x9e\
\x8f\x8b'\xae]z\x8e\x11u\xed?|' \x9a-\
E\xba\xdf\x86\x98K\x07\x80\xd9\x10\xe3A\xdb\xe7\xdf\x02\
\xad\xc0M\x96\xd6rP0\xf1\xdd\xb7D\x9f\xb2\xa7o\
@\xd8\xb3\xa8p\x80\x86u\xd5\xa1\x01\xdcB-\xe6)\
\xebP\xda\xb53\x89\xde\xafx\x9e\x8bD\x94WT\xb3\
e\x9e4k\x10\x07\x16t\x80p\xccZ\xf4\xcd]\x1e\
`\xcd\xb3\xf6P\x07\xed\xba\xc2\xab3\xb7Z\xd5\xc5s\
PcyF\xd9\x82\xd4\xd5.\x1d+\x8c%RD\x93\
\x99\x94\x81g\x87?m\x080PI+Gz!\x00\
\x183\xa9bwH\x9b\x0dg\xbd\x1f\x14\x99\xcd\xba\x91\
1\xefW\xa6\xac\xbc\x00\x0a\x0b:@\xf8@\xa5oE\
\x7f\x7f\xf6\xe7\x19]\x1e\xe7\x9d\xbf\xf2t\xf5\xf2\x7f\xfd\
\x8e\xba\xef\xe7\xbf\xecu\xec:gw\xd0\xba\xf8<\x17\
\xedH\xa06\xfc\x81\xd4\xac^\xcf\x7f8X4\xae+\
\xab\xce\xb3\xff.)\xfe;?\xa6X(\x8f\xc5\xa6P\
\xfalhE.\x97T\xaa\xbb.\x1d\xa7\xd9\xac]7\
\xbe\xd1\x1eO\xca:/\x81\xf2\x0e\xec\x13\x11\x8e\xb2\xb9\
\x9d\x1b\xdc%\x1b\x1cK\xfb\x88t\xd6\xc9\x03@\x87B\
q\x18SD\x06VCkl\x0e\x87\x95\xdc\xd7\xd8\xd9\
J\x80zu\xae~\xb6oi\xb3\x968\xe5z\xf76\
\xc1[b\x22\xceK\xc2\xfd\x85\x5c7\x1dz\xfc\xfa\x8d\
\xa44\xbc\xb1\xae\xe4\x0b\x09\x87\x1f\xfax\x15\xc49 \
\xd0\x01\xc6\xc1\xb9\xd9\xeb\x94\xec\xb5\xaa\xab\x03<z\x9b\
\xadz\x22\xfd\x0f.\xb8\xcc\xf1\xbcX\x90\xed\xf6gH\
\xd1U\xddKA\xea\xba\x11W\xf3\xd3S\xa4\xe1\xc9\xab\
-\xb9Z\x0by\xce\x8b\xc7\xd0\x8e\xbc\xed\xa2\x955H\
\x9c\xb6\x9c\x97\xb8\x5c\x01u\xd88D\xc4:M\x11\xf9\
,\xd6^\x1fye\xae\xb1\x17\xccydA\xd3\x03,\
f%\xbe0\x09\xd8\xd4\xcf\x88T\x84\x8eH\xa4\x00\x8f\
\xd8\xc6\x96G\xdb^\xde\xf2\xb3C\xdc\xfa?q`7\
\xfb6\x12}y\xda\x5cZ\xaf\x1d\xb9\x84d\x9btr\
\xe2\xac`\xcf\x89\x19\x09kX\xe2Y\x0c\xf1L\xe3\xea\
\x8c\x06\xef(\x9bH\xfb\xeb\x07\x8b\x1e\x5c\xdc\x01\x22\xd0\
Z\x1b\x17\xf7\xb5]\x1fg\xf5\xae+\xd5\xef\x1d\xb2\xa7\
5H\x5c%\x7f\xb9\xd8g\xfc\xa5:\x16\xab<fj\
\x83\xb9%\x18'\xd4=\xf7\xc6\xe9\xb9--\xbf\x9f\x9d\
\xf1\xb94\xbfj\xf3\xe7\x01\xc0t\xdf\xeb\xa3\xebSG\
\xb7\x13\x98\xaev\xb9\xf8\xcek\xc5\xb6\xd8F\xa1\x19Z\
\x09@\xbcH\xbf\xa0\xeb\xb4k\x86Wg\x02\xfd\xea;\
\x7f\xa6.\xba\xbe\x9f;\xb3\xe0\x22\xae\xab\x96\xe8y\xb3\
\xe8|.qU2\x92\xeb\xe2\xe6\x16\xcb\xeb0\xe8\x9c\
\xce\x89\xfc\xb9_\xf6\xad\xf0V\xaf\xc6\xe1Aj-\xd3\
\x92\xdb\xae\xb8\x8f\xfcd\xb3\xd6\xf5O9\xa9\x9c\xe7\xc2\
\xb9j\xf7/\xaa\x96v\x9d;\x98\xc7\x04\xbf\xe5T\x9c\
.\xf9\x85jp\xa6D\xadz6\xd8\xb4\xaf\x0e\x893\
3\xfcb\x89\xc7\x92\x806\x93\x18\xb9\x82j\xbf\x1b\x86\
N\x03`\x14B\xdcv\xfb\xa9\xe6\xecO>}\xa7\xf5\
\xb3&\x17`_\x03\xae8\xca\x11\xa8\xe9\xc4;8\x97\
g\x90\x97@\xd7\xf9\xe4\x02\xb5M\x1a\xb2\x90\x8e^R\
\x9dC\xa0\xf5;\xf6\xa0\xe2nK\xe9\x1f\x80\xe2\x7f_\
\xd4\xfc\xfc\xa0]V\xd0OA#X\xd0\x01\xdaa\xd2\
\xaem\xee\xfa \x7f\xf5\xfc}\xd5\xde\x8f}\xb4U\x1c\
\xb9\x9e\x1b\x120\x80\xf3\x1a\x9fx/\xd8\x8b\x1d[\x8e\
n:=\xc9\xb1Z\x04h\xed\xfcLg\xc42\xa1\xcb\
m\xac\xf6Eg\x04\x8bH\x84\xe7<\x5c\xc4\xc3\xb3\xa5\
\xb3\xdbc\xfavLyg\xe5\x1c&2\x98\x1b\x0f\x22\
H\x03\x16t\x806\xe2aD\x01\xe3\xccz\xf4\xbfz\
\xc1\xbe\xea\x0d\xe7]\xaa\xee\xfb\xf9#}kH\xc9\xfa\
\xaa\x07\x81\xe0\x8c\xb9u\xf0\x96[\xf3]\x92;\xb9\xdf\
\xe6\x05\xb8V\xba*\xb6u\xe9\xe7\xe2i*qX\x15\
\x0a\x01\xdf\xca\xe5\x10)\xae\x1e\xd4\xf6\xdd\xf5\xcf\xd7\xb1\
\x062\x972\xaevY}\xcd\x80\xd6~\x8a\xbaR\xce\
\xe1\x07\xda\xb6M\xbd\x81\xde:\xd3\xaf\x03\xe7>\xc4\xe7\
G\x0d\x96-QR\x1f\xb7\xa0\xae\xc0\x9ek\xe4\xab\xcd\
@,'\xa3\xeb\x7f/\xd5:l\xb4\xc1\x8b\xc4\x0f\x97\
\xa4y\xa2\xa0\xd8\xbe\xb4\xfb{\x806\x02<\xa5\xcep\
\xa67s\xb9\xf8\xf8\xdd+\xa1\xcb\xac%\xe19V\xeb\
\xcc\x15\xc4S\xc2\xfb\x00\x09\xb8&M\xb1MB\xad\xba\
I\xd6\x80{4\x8c\x98\xf3jS\xb6\xba6\xe7\xbcL\
\xe2\x7f\xadb\xae\xb3\xd7O#R\xaa!\xdc!\x12,\
\xe8\x00\xedE\xfa\x99\xd9\xdb\x86\xae\x8fc,\xe8\xef>\
\xfe\x19\xf5\xcf&\x91\xda\xa5\xc2\xe2\xd0o\x85gO\xe9\
CQ\xd5\xb4\xac\xb5\x86\x1a\xa9yE<\xae\xc5\xb5\xdf\
RYT\xc9\x88*\xb9r\x973\x95y\x17\xa9\xc1e\
\xcf\x15\x1ci\xa4\xde\x8e\xdd8\x014\x8fAb\xaf\xb5\
\xaf\x80\xf6L\x0f8\xca!\x8fXo\xa0t\xaf\x854\
Vs\xb9W5\x05_S,\x00\x16\x12L\x89\x00\xaf\
\x5c\xf7\xb8\xf8\x0e\x92\xba\x91K\xb3no\xd3g\x8dG\
\xa6\x8c \xe2\x89\xa4\xddGg\xded)\xa2\xd1\xb7r\
\x13\x93\xf6u(\xdd\xd7\x7f\xda\x03\x104\x0e\xc2\xc1\x82\
\x0e\x90\x06\xe3\xea\xfe\x83\xae\x0fr\xf0n+{\x96\xf4\
\xb7\x7f\xf9\xea\xe6\xd5y9\x13\xeb\x82uO,\x0b\xb6\
\x8b\xf6\xdf\xca\xda=\xad+\x03\x07\xad}B\x9f7<\
\xb0t\xf5\xd9e_K^ge\x95\x9e\x97\x80\xc4\x1c\
\xbe8\xc1\xa2\xbc\xaar\xf0\x97u\xe0\xa4k\xacS\x8d\
\x05\xaaF\x9a\x8f\x11\xe9.c\x8d\x0e\xd9W\xee_\xcd\
\x91\x8e\xc3\xc7<\xba\xa2\xd3\xc5k\x5c$\xf9\xb6\x18X\
\x8e\x94K\x0e<\x82\xff\xcf<M\x9e\x02V\xa7\x0d\x8b\
\xb7\xcbt{\x1c\x88]t[\xbeJu\x9e\xf6~'\
\xd77\xc6\xce\xda9:P_\xef\x1f\xeb\x8ao\xad-\
\xfaD\x12T\xb9tv\x09C\x8e!\xa9#\x8d\xe6\xeb\
2\x85%\xd8}\xc1\xe2\xeb\xdc#\x9bKs\x80\x14\xc7\
\xbc\x894=\x04Z\xd4s\xb0\x81\xdbSXK\xc0>\
:\xec\xf4\xb2\xb1\xccz\x86\xe2\x08t\x00(v\x8c\x1b\
\xb2\x01\x94\x89\xea~N\xd7\xc7:\xfei;\xab[\xee\
}H}\xe8\xbf6\xd6<,t\xad\xd8\xd2\xc3\xefu\
^\x1f[|\xac\xa5\x14\xc5M\xfb\x0c\xc3\xb5\x87+\x5c\
\xfd.\xec\xee\xe9\xaeQ\xa3^\x18\x98\xeaz\x05U\x0c\
f\xa6k\x05\xa9\xef\xb3\xdc\x16T\xcfQ\xf8\x86}\x8b\
\x9f\xc0i\x1c\xa7\xe9\xfaI\x83\x98q\x94n\x08\x94\x17\
0h\x15\xcb\xb9\x89\xed\x92\xea\xfa9\x1c\x87\x0c\xb0\xd4\
W\x0a\x11\xd0|\xd6^\xe3E[\xfbv\xa4\xf8\xa9\xb4\
\x0b\xedqf\x81n\xfd\xa3\x08\xf3 #8x\x93\xf0\
\xd5M\x87\xab\x8fvim\x01\xa1\xe1\xca\x9ac\x81\xd8\
\xfeYs-]\x82\xa7U\xa4\xc7\x06\xed\xe0:x\xdb\
<\xdf1\x01\xdbZ\x0b\xe2\xd2\xc3\x22B\xdc\x05]W\
\xdd\x5c5\xe2[\x0e\xdf\xb9\xdf\xb6\x135\xcd\xc1f\xe2\
/[\xf05j\xd1~\xda\x96I</J\xad\x9b\x22\
Vsh\x07.\xee\x00\xe9D\xba\xc9\x8d\xbe~\x14\xc7\
\xfa\xfd\xc3V\xa9\xe3\x9f\xbe\xb3\xd3\xc38\xef\xe6]\x8c\
\xa5%\x0bn\xe1\xbec=\xa9>\xbb\x86.\xf5y\xe1\
\xda&\xd0l\xd4\xd8\x22x\x0c\x22\xd6\xa0\xb5\x22\xadv\
\xeb!#;\x18k\xb6\x1c\x1f\x87\x16\xc0{l\xd5\xf0\
j].\x09\x9b\xf0hW\xe9\x89\xdd\x8d\xbd&Kd\
\xb4jz\x14\xc2\xbc\x83s\x91I9\xaf\xae\xb7o\xd0\
J\xd1]e\x1b\x0bp\x97\xc1\xb9Z,\x95\xf2\xdb\xff\
\x08\x85\x93x\xdc\x062[m\x7f\x9a\x8e\xd6\xba\xaf\x92\
\xc9*6\xcc\x16X\xd0\x01\xd22tu_\xd9\xf5\x81\
\xde\xf6\xc2\xa7\xf6D\xf1g\xaf\xbam8CP\xb0\xc2\
\xe8\xc2Cd`9\xd6j\xe0\x16.V\x13T\xcf\xdd\
[\xfb<qt\xef\x19\xb6d\x89\xaa\x88\xf4\xca\xc3K\
\xd7\x04\xed\xd1\x9e\x22\xbdn2]7\xa5\x02\xd2\xf3r\
Y[\x05t\xf1\xd3%\xb9\xb4d^\x16Hqe\x0e\
s\x8b\xf4b\x8c<\xed\xae\x07/\xc1\xec\xb0\xbc-\xf1\
\xb3\x02\xbb\xac\xf62W\xb5\xef9\x93\xac\xc5\xf8\x7fK\
\xbd\xf8(\x94S\x87M \x88\xbb\x19W\xb7\x9b\xf3\x94\
\xff>\xc1\xf2\x9a\x0c:\x0d\x13C\xba\xd1\x0c\x9c~\x0c\
,M\x15\xa5\xdae'\xca\xef2(\xb8`\xc4p^\
\x5c\x1e\x10\xa1k\xbd\xc5\xf3N\x0f\x9d4\x14w;\xf0\
\x0d\xed\xa0us\xdb\x93\xba\x8el\xd4\x1aK\x12\xabR\
q\xab\xa5\xca\xa3\xa4\xc9\xeb\xc4G\xc3{\xcd\xc6\xe9\x9a\
x-\x12_M\x8e\x8e$& \xa6\xab$\xa9'y\
\xbd*\xbd\xe9\xc0\xadR\xbay\xf4\xcf\xde\xe2<~\xe6\
l\xe5\xb6K\x19)C#X\xd0\x01\x12b\xa2\xba\x0f\
D\xfaH\xf8\xe3\xa3\xf7V\xfb<\xee\xd1\x03\xc3@\xf1\
iS\x0c\x9c&v\x01,\xa5\xb8@\xb6@s\x8e\x87\
\xa9\x11n\xc3\xc0rv\xc3D\xc3\x83\xd6\xc7Bb\xb5\
\xdeW2\x0d\xd5\xc4\xde\x92\x8a\xd5\xb6\xce\xda*\x22Q\
\x83v\x89\x18P\xe7\x7f$M\xf6\xdf\x16\x1e\x85\xd6z\
\x9e\xaf/\xa9X\xb6\xcbu:\xb6\xd8J\xe27.\x92\
\x14\x07\xf7<Wiu\x11\xe2\xea!2nX\x07\x03\
nI_\xcf^\xaf\x96i\xc3\xbc\x83\x176\xb4\x81\x14\
7\xa6\xa77I\xac\x17\x924\x04x\x9b\x18\x1a\x1a\xa1\
t\xdc4\xa5\xc5ga\xe2\xbc\xae\x8dt\x13\x9c-I\
\xb6\x8ai6\xcd'q[I$\xce\x1b\xbe\x22\x0f:\
\xf8\x80\x05\x1d \xbdH\xbf \x13?\xc6\xdd\xfdM]\
\x1fk\xfbm\xb6R\xff\xf4\x1b\xab\xd5k?u\x89\xba\
\xf6\xae\xfb\xab\x16\xec\x81\xb5Q\xf7\xd6k/\xd8\x8d\x8b\
\x82\xb2\x98\xf2,\x9f\xe6\xac\xff\x91\xae\x89\x0bS\x8d\xee\
&\xcaf\x98\xb7\xad)k\xb6\xd0\xe7\xdf\xac\xd1m\xa5\
)`X\xce\xc6\xab-\xc2N\x17\xcf\xbeo\x85\xd2\xf5\
\xae\xfa\xba*\xa8\x87;\xd3\x8d\x22\xddn\x81\xac\xc4\x01\
\x88\xd4\x02E\xeb\x99\xaeL<\xd4\x8f\x17Z\x0c\x16\xe7\
\x0f\xe7.\x9c\xc4\xee\xde\xba\x0fm\xbf\x96)\xc6m\xa1\
\x01\xb2<\x7f\x13r]\xa5\xb6O\x09K\xf5\x1e\xb5\x06\
\xbd&H\xa1\x0e\xaf\xc9Ja\xc4&\xb6\xa5\x9a\xfd1\
\xf4\xba5/\x83\x96\xba\xdd\xd7\xd6\x89\xd6*\xd6\x14\x19\
4\xb9\x94T\x94\x8a\xd5w\xaa\xe6w\xf1\xd7\xd1\xebF\
H-\x98-3\xbfA\xf7Y\xd8%\xaa}\xcc\xd5\xd5\
y\xa73\x08\xa1\x93\x19\x0d1`\x9c\xb1O\xdaL\xee\
\xb4\xed\xf8\xea\xda\x97oJ\xb7\x14\x96\xf3Xq.\x81\
m\xa2\xbbI\x90\xce3\x09\x01\x02\x1d`\x16D\xfa\xda\
lpxL\xf6\xe7A\xa3\x10\xe9\x1f|\xf9\xc1\x99H\
\xff\x81\xba\xe6\xce\xfbJ\x83\x0a=p%-\xe6\x16\xd7\
\xb9\xa7\xdf\xf0\xbbb\xc05]\x10q\xb6\x5c\xd9\x85\xe0\
\xee9Q\xbb\xb0\x0b\xed=(\xb4g\xc6\xd6V7\xf7\
\xba\x08\xb7\xe2\x12\xf9uy{\x1d~\xdd\xe5\x98\xd3\xda\
>\xfb`\x1f\xbb\xd5lQvC\xf5\xb6\xa0\x89\xae\x0a\
&]\xb7\x1f\xff!\x878\x9c\x80\xa5i\x8eE\x05\x86\
\x9dO2\xe8\x1b\xc4=\xd05BD7\xefS<\x82\
^\xa5\x08\x18\xdcn`[n\xdb\xba\xfbc\x8a\x9fP\
\x0e\x1d\x8bK\x0a\xa5\xdd\xf2\x5cC&[b\xae}\x83\
\x87\xb5\x7f \xb0$\xe7\x9c._\xb6(\x878\x8e\xd0\
Ib\xf3\xc5\x971\xb8\xd8{\xefC\xba\xf3JH\xe1\
\x92#\xf57\xb1\x88\xf7E\x0e\xae\x92\xe1\xb3L\xa2f\
J\xc4\xbf\x83\xf19\x07\x9f\x1b\xd6\xb9\x9cN<o\xf0\
\x80Y\xa2\xd1\x0a\xf3!\x9b\x19y\xcf\x16\xb8\xb8\x03t\
\xc7I\xa3\xea4\xfb\x22}\xb5\xda\xe7\xb1\x8f\xae}\xe0\
\xcd\x1b\xb1J9\xc3+\xae\x96\x16\xb7\xda\xa64\xbdR\
\x1ak9\x03\xd7\xb9~[rO\xef[\xb3\xa5\xe0z\
\x9f\xf4\xd9WSP\x09\xdc~\x12\x99\xe9\xb85)\x02\
\xcdY\xdc\x8d\xad\xee\xfd\xb2\x88\xae\x9cg\xdd\xd4\xa5s\
W\xedRz\x8f\xafJ%\xbe~\xc4\xe5\x16?E\xfd\
\x85\xf3|=\xeaK\xe8g\x80\x0a\x05H\x06\x16t\x80\
\x8e0\xeb\xd13aiD\xfa\xd7F&\xd2O>X\
\xfd\xfe\xbf]\xa2\xae\xbe\xf3g9\xfb\xf8\x82\x17ro\
\xd6{\xde\xb2mqf\x9d7:\x0f\xe6\x96\xf3\x96\xdb\
\x82\xc5V\x8a\x81\x89r\x16\xcd\xf9,d\xf3n\x979\
\x8bn\xc9\x15\xbe\xbcck\x5c\xb8\xf2Z\xed\xf92V\
-\xecE#\xe0\xc2lA%\xa0\x995\xfdU\xaeJ\
t\xb9hR\x9d\xff\x8f1x\xd4{\xe7\xd74\xa2\xea\
\xc1\x8a\x93!\xda\xbe\xb9s_~C&\x09\xff z\
HV\xeb\x05i1\xd2/\x04\xd5\xb3\xe5k\x17\x15W\
\xca4\xe3\xca\xae\x5c\xdc\xf3\xe7Z\x1f\x98\xb0\xc1\x19}\
\xb8\x0fIr\xaaI*Q\xbah75\xcdA\xfb\xe4\
\xbc*tB:\xec\xa6\x8e\xac\xc0\xe4\x86\xd9\xb9\x5co\
\xb7\xa4jM\xb5\xf4$\xf1\x19\xa1b:Ci\x93\xfe\
+a\xc5\xba\xf2\xe7\xa5\x9cY\x12\xdb\x93-\x95\xb5<\
\xb2EI\xd8MX[Em\xbd\x00b\xf6!1\x1d\
A\xdd?\x9b\xf2\xabK\xed3\xa9\xcdy\x1f\xb8\xeb\x0e\
\x0c\x90\xa1\x11,\xe8\x00\xdd\x8a\xf4\xf5\xd9\xdb\xdaQ\x1d\
\xcf\x88\xf4\x7f\xfe\xcd\x83\xd5\xbe&p\x9c%p\x9b\xa8\
b \xb8\xf2\xda\xeej\x908\x99\x7f\xcd\xcdU\x03\xc8\
\xcd\xcd\xe5\xfe='\x95c\x0e\xd3\x9a\xb9\xac\xe9\x15\xcb\
e\xe4@Q\xbc\xd2xE\xa4O\x19\xa7%,eZ\
\xb1\xf2\xf5\x9eR7\x00I\x93T\xad+\x8d\xde}9\
d\xfa\xcfa<\xf5f\x0b\x94\xe9\xb7`\x5cZ\xd4f\
\xf4$\x84g =)\x07~,\x9f\xb3,\x96;\xc3\
\xddg\x8e\xa5\xd8\xad\x02\x91uP\xf81ysH\xea\
\xba\xe9\xba\xdd\x8a\xc7\x98\xa0\xc5\xa1:\x8a\xe2\xce\x1a\xf4\
\x19\x03\x0b:@\xf7\x22\xfd\xdcl\xa0t`\xf6\xe7\xa9\
\xa3\x14\xe9\xaf\xf9D\xdf\x92n\xcf\xa8&5\xcb\xa9]\
\x11\x92\xfa\x01\xd4lK\x08u\xce*\xaf\x97\x84\x8a\x88\
\x9c%T/X\xfb\x17\x02H\xe9\xc2\xbfu\xde\xa2n\
\x9b\xe0\xd6v\xeb\xf2\xfc\xe9y\xac\x07\xd5\x83\x05\xf61\
\x93\xf5\xc5c\xf9\x8b\xacP\xdb\x8a\x94\xaee\xf9\xb7b\
\x8b\xcbW\xb9\xbc\xe2Y\xe0\xf8z\xb0&\xd9\xd3\xc1\xcd\
\xc3S\xa4\xc7[\xd0S\xc4\xf7I\x13\x81Z\x5c\x0d\xd3\
QV\xbf\x89\x0bQ*\xe5\x8a\xf6\xe9\x17\xe9\x01\x8dB\
\x9c-1\xbem9=\x1e\xda\xec_ZNh\xb5]\
S$\xaa}G\x17z\x1c\xdf\x87\x8fN#\xb6\xdaW\
\x88\xeb\x5cZt\xc2\xda\xb1?\xed!D\x1b?\xf7\xeb\
I\x9a\xabkt\x81\xd5B'\xe6\x92t\xfc\xa3\x9bs\
\xd8\xc2h\x1b\x81\x0e\x00\xe1\x22}M684\x01\xe3\
\x0e\x1a\xc5\xf1\x8cH\xff\xd0o\x1d\xac~\xcf\x88\xf4;\
\xee\xebI8\xafA\xb9H\xe9\x99\xabkD\xbd.=\
\xe7s\xee\xe4s\xba\x12\xc3\xcbkL\xa6k\xb4s\xa9\
L\xe5\xe0m\xe5q\x828\xdc.u!\xf6\x9c\xae\x15\
\x8e\xf3\x03y\x8b\x92\x14\x87\xba.\x9c\xa7o\x02\xeeR\
i\xads\x0bM\x03|k\xb4\xfbj\xc5\xbbw+!\
\x87\xf4\x95\xf65\xcdLG\x1f\xab\xd2\xa6z\x93F\x93\
/9\x93\x18\xf5R\xb8\xde\xda\xee1\x1d9\x1e\x0d\x1e\
\xcb\xfaO\xa0\xa4vq_8U\x1dx\xc5\xb4gy\
j\xdc\x7f&\xc1\xc0l\x0d\xce\x96\xa0\x80\xbeFHI\
\xb0\x7f\xf1k\xd4\xd2\xd5\x0d\x19\x91\x823nr\xa2\xe6\
\xa4\xdb\x88\xc0\xb6mR\xc2\xbe\xf0\xbf\xf6\xe2~\xa0\xa4\
\xea\x04j\x97\xf59.\x98o\x1e\xc7\xc0I,r\xa0\
\x83/\xb8\xb8\x03\x8c\x8ec\xb3\xd7\xc6Q\x1d\xcc\x88\xf4\
O\x9er\xa8:a\xbf]<E\xa3\xe7\xa0\xcb\xe3{\
\x97E'\x9d\xd5B\xa5O\x09S*\xe6\xb4Q\xc9\xcb\
>\xcd\x01\xaa`b'\x12Z7N\x8b{\xf6\xc8^\
!\x15!\x93Z\x99\x000\x8d\x1c\xb4kg9\xd0\x89\
\xe2>c`A\x07\x18\x11Z\xeb\xcd\xb9\xa0q+G\
u\xdc\xb7\x1f\xf7t%sJ\xfd\xc7\xe5\xb7\xf4]\xc8\
u9E\xda\xc0\x1a^\x17\xfcD\x8a\xc1\xa9,\x86\xd9\
\x1aW\xb9\xa1\x95]\x0aY\xdf\xca\x83W\x9d\x0b.g\
\xb3\xec\xe5\xf3\x94W\xbe+/\xb2\xd7\xb5u_\xd8L\
\xeaf\x1a\xcaV\x98%6\x9dQ\x0997\x7fbC\
\xeb\xb7\xb7\xb5M{N\x82H\xd5\xf2Wk\xa5\x18\xec\
\xc0R\xca\xca?\xbd]\xa1[\x04\x16\xf3Y\xbf\xeb2\
6\xd51\x97\xbb\xe6\xe2H\xe2\xdb\xc6\xc5\xdd]\x86\x88\
4om\xf5\xde\xdc\xc0\x1a\xa4\x13_\x8fE$$%\
8HY`m\xa6\x08\x12\x17\x9a\xaf\x5c|\x8a-\xc1\
\xedA\x02\x8a&\xb6?\xc4\xf1[\x87\xd7\x8b\xd5\x15Y\
B\xdb\xb0xU\x97.xHD\xf6\x1f\xbe\xb1=b\
'\xa6;\x9a\x88\x0e\xba\xc0!\xbb\xf1\xb4\x9aK@\x96\
\x80V\x0dW\x02\xaeIc\xd9u\xf8>\xf3\x9fw\x97\
\xda\x825\xe83\x06\x16t\x80\xd1\x8at\xd3\x89\x9e4\
\xea\xe3\x9e}\xfc\xd3\xd5\x1b\x8exR\xd4\xd3^\x02\x07\
\xb9\x92\xf8a\x94$\xad\xadH'\xc7\xea:\x00p\xf1\
X\xed\xd79b\xd0\xeb\xb8\xed\x8d$\x80\x9b\xccN}\
-\xf2c\xa5\x98,\x11\xf1\xfb,\xb4\xfb\x18{+\x1b\
a\x8e>\x99\xe4\x9bIf\xa1Q[g2\xa6\xecb\
J\x92\xcdV,\xc3\xc5\x1d\xfc\xc0\x82\x0e0z\x91\xbe\
>\x13\x8ck\xb2??2\xca\xe3\xbe>\x13\xe8\xbb\xae\
X\xa6\xfe\xf2\xf3W\x16\x05\xab\x96\xd2\x8a\xf2\x855\xc2\
Z\xbbE\xfaB\xaa\xb4\xfc\xef\x87\xa9\xdd\xa4`\x01/\
\xeeH\xe7\xf6m\xb1]\xe8\xf9\xa2-h\xfdrJ1\
\xa9\x1ac\xea\xc6tz(\xd2]i\xbbt\xfeX\x83\
\xbf\x07f\xda\xc2\x1a\xe7\xd2Z9\x9b\xe5\xa5\x5c\x0e\xed\
\x9a\xc4([\xc6-k\xf7+\xa9\xe6TM\xaa6W\
:\xa5A\x00>w\x00=W9#\xc7\xfb\xday\x08\
\xaf\xf1\xb9\xcbB#\xa9\xa2\x9ey,%\xf4\x0aH\x17\
\xb2$\xd1\x9a\xc5\xa7>8\xd8\xfc\xfeE\xc2O\xd9s\
]g\xdbe\x9f\xe2sAG\xa4\xe1\xba\x8aC\x96\xff\
\xd4\xc7z\xd8u\x8c)\xf1t\xc7o\xbaW$E\xac\
3\xdf\x9d$\x8a\xa7\xd0t\x976OD\x88_\x0c\x06\
\xf1\xba\xfa\xcd\xa9\x13u\xe2\x8b\x1fu\xad\xa4\xab\x1b\xa2\
\xdd\x8d\xd0E\x9b\x13G\xdf\xe7\x9d\xe5@\x9a;xg\
\xa7\xbd\xc0A\xbb\xe0\xe2\x0e\x08t\x80I\x16\xe9\xeb2\
\xc1\xb8*\xfb\xf3\x8cQ\x1e\xf7\xc4\xfdw\xc9D\xfa\xb6\
\xea\x0f\xff\xdf\x06u\xdf\xcf\x1f\xe9\x97eI\xf5\xe9U\
\x14\xbcz\xe1\xb9T\x0e\x86\xd6\x14\x15m\xf8\x9b\xb2;\
\xa3\x96B\xec\xb7\x8a\xf7\xbah\x8b\xab\xb8\x14\x9f\xb5\xda\
&H\xb5\x978\x11e\x09pW\xf3\x5c5\xe2\xbc0\
\xa1QV\x8e\xba\xee\xb4\xeb\xf3RK\xa1\x5c\xd2,\xb2\
k\xc7:\x96\x13Su\xc5\xd3\xb9s\xaa\xe6\xa8w\x0e\
,m\x13\x09\xcaK\xe3{\x8d\xb1\xfc\x07\xc4\xb6\xc6\xd2\
0f\x0aP\xb2\xc9\xa3\xb4\x07\x0a\xcd&\x9d%\x9e\x95\
\xed\xf4\xfe\x1c\xa7\xb90 \x0eS\xd2`_*\xa2\xb1\
v&\x5c\x12\x1f*fm}\xcc\x09I\xe2\x9b\xb9\xfc\
\xb0qw>-Sj4u*\xba]eI\x82\x9f\
&wc\xb7\xad\xfb\x92\x96\x0d\xad\xe1\xc1\xdaPF\xef\
XsA\x91\xfe=&\x02B\x5c\xde\xf3?J\x13\xd9\
sTcJ\x5c\xdcg\x0c\x5c\xdc\x01\xc6'\xd2\xcf\xcc\
\xde\xd6\x8d\xfa\xb8\x87\xec\xb1\xa3Z\xf7\xbb\xcfR\xbb\xee\
\xb0\xed|\x9e\xdc\xf9\x5c\xe4*}\xfa\xd5\xa6\xc9m\xdf\
\x87v\xe3\x04z]\xd0\xa9\x90A\x88T\x9f\xcb\xe2c\
\xa6\x1bG\x9e\xf4\x86s\x15\xd7\xf6j\xcc\xe5\x8c-\x87\
t[LP\xb3U\xc1\xa9\xda\xdd\xb8\xebM&\xec\x5c\
$\xb43\x07\x00\xc3\xaa\x1d\x97Q\x09\xe0\x05\x16t\x80\
\xf1\x8a\xf45\x03\x01x\xea(\x8f\xfb\xd4'l\xaf\xce\
\xfb\xbd\xc3\xd5\xab>\xf6]\xf5\xa3;\xee\x1b\x14F\xa9\
%\xbd\x00rZ\xfdr\xe0\xf6W0n\xe4f\xb5\xe7\
\x9d\xe2myUKn\xe4\xc6Z[q\x15oH\x8e\
m\x0bqV\x15\x9cv\x1fo\xb1\x95\xb7\xf2a\xae|\
K|&\x07\xa4\x1a\xac\xae\xc1\xe8\x22\xcas\x9d~\xb9\
\xb8\xda\xb2s\x9b\x91@\xab\x85\x99\x15\xadj\x0b%\xb6\
Ho\xd2\x9c:\xaa\xe0\xc9\xefr\xed\xd3\xcd\xe3\xf6(\
\xd1\x96\xb3l\xcd\x89X\x8fW\xdf\x0e\xf2\x13,\x09\x05\
d\x8a\xe0l\x12\x1c\xed\xaaf\x7f\x91&\xe0\xb1\xb9\xb8\
\xb7\xd3\xec1F\xcaZ\x9b\x9f\x84{\x12HMg\xd4\
\xb5\x8b\xbb\xb3\xfd\x04\xb6q\xb1u\xb7\x09\xe2s\x98g\
Xl\xbb\xd1m\x5c:$\x89Y\xdd\xaf\x0e\x12\x1d*\
d\x8d\x7fT\xba\xb2\xd8BF\xady\x97v\xf7z\xab\
 q\xbe\x15\xe9\xf0q\x97\x96\x17\xc8Y-\xf6\xfd\xac\
\xdaqy\x17C:\xac\xe73\x08\x16t\x80\x09\x10\xe9\
\xd9\xdb\xfaQ\x1fw\xfbm\xb7R\xe7\xff\xfe\xe1\xea\xa4\
\x03v-<\xf3\xe6\x97e\xcd[\xd6\xa5\xf0]\x92\xd1\
v:=1\xb2\x03\x8c\xd68\xe4\x1bLG&\xb7^\
\xbb\xba8\xd3l\xa5K\x18\xe0yQE^_\xe4\xc7\
w\x0aI\x19\xef\x89\x89\x08m\x09\xc2+X&\xf8\xaa\
wx\x0e+\xba\xc9\x83\xce\xfa\xf3\x19\x04\x0b:\xc0d\
0L\xbfv\xd0\xa8\x0f\xfc\xce\x97\xee\xa7\xf6}\xc2\xf6\
\xea]_\xbaz`\xf5\x95y\xabr\x7f\xf9\xb8\x9e7\
R\xeaR0\xb8\xe2\xc4t\x8du\xdc\x9a\xaf\xcb\x92*\
J\xea\x12\x83\xe9\xe2D{~_\x92/W\xc9\xaa\x98\
\xcfdf\xcd\x17\xb6\x90\xde\xad6M\x9bm\x89\xb7k\
\xe6\xde\xd3\xa89\xef\x81`\xb1>['A\xe6\xaa\x01\
\x00\xc4\x12\x17IWC\xc3\xd9N9\xe7\x05\xe0g\x87\
u\xea\x02iX\xf7\x1f;\xce\x115\xdf\x1e+;.\
\xa55\xd2\xbe\xf9\xe0Z\x8e\xb5\x82\x83\x92\x05\x1a\xcb\xc3\
,\xad\xfd\xf6\xdf\xb8\x84\xb7\xed94\xa1\x1b\xbe\x1cN\
\xf2\x89$\xbf\x1em\xae\xb3\xa8R\xf0\xc7\x06\xe1Y\x8e\
+\xe1u\xa4$\x02\xd8\xf7\xa4$n\xbf\xda\xaf\xfd\x16\
\xc2a&\x890\x9e\xdb_\x8dg\x95\xdd\x82,AM\
)\xc4\xa3C\xe9\x86\x06\x93R'\xfa\x04\x8b\x8bX\xa0\
.>\xe7\x15\xbanZ\x12\x9d\xb4\xc4\xde\xe4\x92\xc0\xb2\
/5\xd72\xd2b\x1e\xe9\x16\xd3Q\x1et\x04\xfa\x0c\
\x82\x05\x1d`\x0209\xd2\xb3\xb7c\xd5\x98\x5c\x95N\
9tO\xf5\xd1W\x1e\xa2\xb6\xdff\xab\x05+\xfa\xe0\
57\x18`/\xbcT\xcdka\x9b\xba\x87_a\x9c\
\xeemM\xb4\x0c\x16J\xba\xadq\xfc\x1f\x12\x85\xccr\
n\x9d\xad\xaf,\xed[\x9c#.i?\xee\xaf\x1bp\
w!\x8e\xdax&\xf8\xe6\xd1\x0d\x111\xa3F:\xdd\
|$e\x0am\xc3\xb6\x18\x10\xd2\xd1\x99%K\xbf\x18\
0y`\xed\xdb\x1a\x04\x95\xb4\xe9\x13|#\xb3w\xd1\
\x1f\x89G\x1f\x9c\xec\xb8\xe2\xa9\x09;\x9e\xe4\x19W\xee\
>g'(#8VWu\x92\xc2e(t\x1f2\
\xdak7\xce6\xb4\xc0\xa5\x8c\xa2g\x0f,\xe8\x00\x13\
$\xd2\xb3\x01\xa0\x11\xe9c\xb1\xa4\x1f\xba\xe7\x8e\xea\x82\
\xdf?\x5c\xbd\xe1\x93?P?\xba\xfdg\x83B\xf5\x9f\
8\x22y\xeb\xb94\x9dG!\x05\x9b\x14\xd6\xae\x0f\xf7\
\xe3\x9e\xb5\xee\xed\xa34\xe0\xb5oZo\x1a\xa8\xac\xe9\
\xae{\x98[v!5e\xaa\xfd\xce>\x1f\xd1\xf8\x14\
\xf7\x15\xc7\x95\x88\xf3b\x0f \x9f\x8f\xec^6l\x17\
\xcb(\x8d\xc7t\x067n\x90 \xba\xa1.C\xc7Y\
\xd2p\xf4~\x9bk7^\x12\xb1\xb7(\xff1\x9b\x84\
/iL0\xc0\xb4\xf9@\xf8\xb4\xd1\xd1\x8cO%\xe8\
\xdb\xd0ZH\x11@y\xde\x82[\xdb\x80\xf2\xf1\x0ft\
\xa3Ho\xe5\xa1 \xd5\x89\x00Q)*\xc2\xf3\xc7\x9d\
Y4=\xf7\xe9J\x97\xe9)2[\xb7\x9bN#\xe2\
\x17z-\x8f\xfb_\xc2\x0eo\x9dT\xd1\xf1}\x8d$\
nS\xbe\x1dd)oj\xf3Z|\x89\xeb\x18R\xbb\
\xb27\xac\x8b?\xe6I\x8fe\xa0\x0b\x08t\x00Dz\
8\xbb\xad\x5c\xa6\xfe\xe3\xb5\xcfQ\x7f\xf2\x1f\x97\xab\xf3\
6\xdc\x5cp\x01\xed\xa7c\x1b\xb8\xc0\xeb\xe2st\xc9\
\x92%\x0b\xe36\x9d\x93\x895\x9e\xec\x92\xcb\x83nO\
SVM\x9aV\x91\xde\xda\xa2\xaal\xd9\xd0l\xa9\xcc\
T59\xb7\xb6\x8cet.\x98\x9aX\x14\x9c\xf6\x92\
!\x1e\xf3\x0a\xa51C\xf9\xeb\xb99\xe5\xceSnI\
6\xef\xa8\x1a\xff1\x89\xb8\x8b\xec#\x1a\xc3\x8f+^\
\xba\xa1\x98\xc6.\x81\xb5I\x94ub\xc3Z'\xd2\x8d\
\x97A\x5c\xd0\xb3\xb0 _\x8d\x02R\xb7;\x9d\xda\xfd\
\x8f\xc1\xcdA<\x85\x9c\xab\x0e\x8bz\x5c*\xb3\x1dA\
A\xe2\xa2&\x91$\xb4\x195\x97\xa3t\x82.W\x7f\
[\x07%\xdd'\x98O<\x09\x11|SY\xae}\xea\
\xc2I'\x9b\x96'\x7f\xb5sz\xb3\xe9\xe1\xe5\x99_\
\xdc\xa7\x9c5\xfb\xb5\xb5%\xed\x14\xe6\x13\x16\x97D\xd4\
$\xb8p\xadg\xf4<{\xe0\xe2\x0e0\x81\x22]\x8d\
\xd1\xdd\xdd\xf0\xee\x13\xf7W\xef~\xd9\xfe\xbd@r\x92\
\x13\xa8\x92\xcf\xa5\x9c\x1b\xa8\xd9\x5c\xdeUN\xcc\x04?\
S')}P\xe0\xe6\xa9\x97*\xfa,\x09H]_\
2A\x97d\xac\x83\xf7\xc5x\x0a2\x1d'!\x5c\xe0\
\x91\xdf\xacB\x84\xb5\xd1_r\x99\xd16:\x0b\xd72\
\xf0\x868\xfaI;qS\x807X\xd0\x01&T\xa4\
\x8f\xd3\x92n\xf8\xb5\x03wSO{\xc2\xf6\xea-\x17\
\x5c\xae~x\xdb}\xf3\xae\xe9\xc6\xda2\xb4\xa5\x1b\xab\
z\xff\x195\x97+\xfb\xe0\x8f\x81U]\x0f\xd3\x80\xe5\
\x02\xba\x0d\xdd\xe5\x9d\xb1\x8d\xf2)\xdb\x0a\x19\xc2\x16,\
9\xda\xe1\xc5Wp\xe9\xd5\x96\xa9~\xabi\xb9\xe4\xc6\
\xae\x1d\xee\xdbM\xe3\xe3\xbc\xf7A\xc4s\xdd:\xaf\xe1\
#\xd2]\x19\xdal\x05\xf1\xb1\x9eY<\xf7\x1a\xad~\
\xda\x7f\xa0oO\xbf\xd4T\xa4\x81\x95E\x0f\xac\xe9\x89\
\x5c\xdc]\x95\xde&]\x96\xbf\xebm\x98\xff\xee\xdc\xfc\
}\x15\xef\xb5\xb0P\x07\xe2\x15oL\xe2v\xdeQ}\
\xb5/he\x99@CY\xb5\xdf\xda\x8f\xc6\xba\x9e\x14\
\x01$\x22\xfeu\x1e3\xe1\xea{\x0a\x13\x22\x10E\xda\
\x9fY\xa3W\x83\x8e\xbd\x09\xc2*_t\xcc\x0d\xe7\xe9\
\xda\x93\xa2\xec\xb6\xc3\xe9D\x1d\x84\xcf\x83,vs\x09\
\xbe\xe1\xbb\x1c\xae\x91fm\x06\xc1\x82\x0e0\xc1\x22]\
\x8d\xd9\x92\xfe\xb4\x9dwP\x1f?\xf50\xf5\xeb\x07\xed\
\x96\x0b\x10\xb7\x10,nn\xce\x158\xae\x18X.\xff\
\x9c\xea\xbd\x06\xbfm\x0a8\xe4\xeb\xa6*\xa1\x0f\xc7\xc8\
\xf5\xbfM1\xa5\x0a\xf9\x8a\xeb\x82g\xd9\x94\xb8\xcb\x0b\
!\xd5`\xd4V\x0e\xe90?\x9e\xa8\xc6\xa0Wm\x96\
a\xcf\xa7\x03\x1c\xc1\xc8~\xd6\x8d\x87\xb2\x88\xcc\xa3\xe2\
\xea\x1f\xbc'\x12$\xec\xa3\xc2}.\x09\xaf\xdb8+\
n\xa2w;9\xed+f#\x91\xf1_\x00\x19A\xfb\
\x9apw-Ix\x93v\xb5\x06}0V\x84\x19\x03\
\x0b:\xc0\x84\x8b\xf4q[\xd2w\xd8v+\xf5\x9e\x97\
\xed\xaf^\xf8\xd4\xc7\xab\xb7\x9c\x7f\xb9\xba\xef\xe7\x0f\xab\
\xbcI\xbcj\x84\xed\xffcnn\xb8\x8e\x5c\xd4\x92%\
\xba\xe4\xb6=X\xc7n[\xc7\x96\xdbG\xed@W\x95\
\x0c\x10\xb6Tb\xe5\x8f\x0a\x81\x97\xf4\xc2\xf1\xf3\xfb)\
\xadW\x17\xdb\x22\xef\xa1G\x80\xc3\x8aV<R\xc3d\
\x82\x8f\xb1Bj,\xf7\x16\xeb\xb7\x9e\x17\xad\xbem\xcc\
C\x94\x04Z\xcc\x8aF\x9b\xd2\xa2}\xf1\x13\x85\x12\x14\
\xbbJ\x0f<+\xc2\xac\xb46\xb1\xef?X\x8b?V\
\xec\x0f\xa4A`\xfb\xdcJ\x22i\xcb\xe4\xfd\xf31,\
\x1d\x0d2\xc0\x95\xea\xaf\xa9\xae\x87[u\xbd\x06\xbd\xfb\
 q\xcen7\xe9E\xf2^\xd6\x14\xbc\x06<\xbf\x81\
\xa4+\xa0\xf6\xdc<\xd8B?xhJ\x0bA\xdeF\
\xd86t\xee\xde\x93\xc3\xba\xcdq\xdb\x95\xd1{\x07\xe2\
\x7f=\xeb~\xd6j\xc3\xdcu\xed(\x07:\xd6\xf3Y\
\x1d\xffS\x05\x00\x93O\xf6@_9N\x91>\xe4\xa6\
\xcd\x0ff\x22\xfd2\xf5\xdf\x1b\xefY\xe8<t9\x9f\
\xb0\xce\xb9\xb1\xe7\x82\xc5\xe5]\xbe\xe7\x83\xcc\xe9\xca8\
E\x976*\xe7\x0a\xd7\x85 q\xcd=\x9bu\xcc\xa9\
\x1d\x9d\x9fn\xea\x1a\xa5_\x86\xa6\xde\xd3\xa1\x96\xac\x9e\
\x8e\x22\x96\xb2i\xe7\xa0\xbf\xa9\xa8RQ\xe2\xe5q\x95\
\xd4z\xb8K\xd3\x04\x81w\xce\xf7\xc81\x8e\xe7\xc0*\
?\x87\xe2\xab/\xa4\xa6B\xa5+q\xaa\xba\xc8\x83n\
\x99h\xf1\x12\x97\xcd\x07\x09)\x87\x7f\x9c(\x09:\xdf\
$.\xee\xa1\xbf\xd5a\xd7Fk\x87@\x97\xb0x[\
\xa3\xa8\x07\xfb$\x94\x04\x09\xf4\xe1?\xf7{\xfc\xf6j\
\xc56[\x05\x95\xe1\x86-\x0fe\xaf\x07\x03\xcf'\xcc\
-Y<\xbd\xa0\xacG\xcb\x1f\xaa\xdc\xb9\xfaL0\x89\
\xa4m\xa3\x0d7\xabs\x82\xb3pQ\x03\x02\x0dF\xa4\
d\xf3^\x1aa\x9d\x0cHq\x10\xf1\xea\xdb|\xce\xb1\
\xb9\x9f\x96\xc6\xd9\x19\xa9\xf1\xd8\x9b{\xcf\xcb\xba\x18\x96\
\xad\xcf\xc6Q\xc72J\x9e=\xb0\xa0\x03L\x019K\
\xfaG\xb2\xd7\xcb\xc6U\x8e\xddW.S\xff\xdf\x9a\xc3\
\xd4\xfb\xbfv\xad:w\xfd\x8f\xed\x01\xd2\xeb\xcc\xe2R\
Vyv\xb1:?8\xca=\xe4\xe6\xd3\xae\xc5\x8c\xbe\
\x1d\x02TG\xffV\xdc\xebP\x9d\x07h\xde\xcc\xf3\xa7\
\xfd\xedj\xca\x1b\xb2\xf6Zk\x1fQ\x9bpF7&\
\xb3S*\x95R3^]\x14\x1e\xde\x1e\x96\xb1\xceb\
\xc4\xc9\x18\xcfW\x05\xb4\x8d\x90\xdf\xea\x86\xfa\x95)m\
\x1f5\xf7\xc8s\xf6\xd8Q\xbd\xeeY{\xa8\xe3\xf6~\
|\x92\xc3m\xf9\xf9#\xea\x8a\xdb\xef\x1b\x88\xf7\x07\xd5\
\x8d\x99\x807\x87\xfd\xe6\x0d\xf7\xf4>\xfb\xc6\x0d?M\
\x7f\x8a\xbe)7B;<!R\xe5D\xdd\xfbc\xab\
C\xfb\xc9\xae\xdaqyWG\xfc:#\xe4\x19\x1d\xf7\
S\x05\x00\xd3\xd6\xff\x8b\x11\xe9\xa7\x8e\xbb\x1cW\xddz\
\xafz\xed\xc7\xbf\xdf\xb3\xaa\xeb\x9c\xb5!o\x1d\xef\x7f\
\x9aK\xe3S\xb2\x9c\x0f?\xeb\xff\xdb\x22y\xb5\xab\xd7\
\xb2Id]L\x9b\x16\xda\xfb\xe9\xe6\xcd\xf3\xe9\xdb\xb4\
\x0e\xd8\x81\xaa\x9f\xb7h>\xa8oY=\xbbt\x9d\x9f\
h\x98\x9f\x05\x09\x1a`I\xe4\x93\xc57\x1c@Ll\
#\xad\xaa\xa9\xf0$a\x0c\x9f\xe4\xe25\xa1\x05=\x95\
Pnk\xb1\x95D\xb5\x97\xc2r,\x81VW\xed\xb5\
l\xc5\xf6\xcb\x16\xf7J\x8azhe\x84\xf4\xfb\xf1\xd9\
\xcf\xdfW\xbd6\x13\xe7\xe3\xe0\x9b\x99P7\x02\xde\xbc\
.\xcf\x04\xfd\x0d\x9b\xfb\xef>g\x19\x13};Al\
\xb6\xc6C\x89\xa3\xdb\x9d\xff\xc9\x9c\xdb\x9c\x9d2\x86\x9a\
\xb4\x98T\xf2\xeb\xdbj\x96 \x89\xb5#\xf7\xef\xc8\x02\
&{\x17\xea\xd5c\x9b\x06/\x0b\xfbw\xf5\xe9\xe1\x8e\
y\xf2N\xea\xc2\xd7\x1d\xd9\xc5\xed\xb16\x1b;\x9d\xcb\
\xc8x\xf6\xc0\x82\x0e0ed\x9d\xf1\x9a\x81\x0b\xd5X\
E\xfa\xd3w\xd9A}\xfe\x8dG\xa8s/\xbcV}\
\xe4\xbf6\xaa\xa1\xc9a\xde\x22;pi\x93\xa15\xdc\
\x08\xf0|\xae\xe9\x9c\x96\xea\x9d\xcf\x92a\xc0u\xed\xd6\
x\x96g\xe5\x82\xe5]\x06\xee\xd8\x1e.\xe8My\x5c\
\xb5\xc7\xe6\x9eA\xd0m;\x911\xe7\xff\x95r\x91\x82\
O&b\xf0\xd7\xd19\xb8\xae\xd1\xb4@\x06+\xaeM\
\x97\x85k#\xce\xff\xeeW\x9f\xa1~k\xff]\xc7v\
\x8a\xcf\xddcG\xf5\x5c\xb5c\xe5sca\xbf\xfc\xf6\
{{V\xf8\xcb\x07\xaf\xb6\xe2|b\x1a\x8e,\xe2\x9c\
\x85\x8d\x1dy\xb88\x8f\xaf\x8f4\x89S\x8f~\xd2\xe3\
\xba\xaa-\xd6\xa0\xcf\xeaX\x9f*\x00\x98\xd2A\xa3\xc8\
\x9b\xb2\xb7s&\xa1,\xff\xf5\x93{\xd4\xe9\xe7]\x9a\
\xb3\xa6\xe7\xd7\x8aKQtk\xd5\x17\xeb\x0b\x13\x0e\xf3\
\xbd\xd1\xd0\xb2\xae\x0b=Ts75?\xe1\xae\x17\x8e\
k\xd5\x9a:\xcc\xc2l=\x86*\xba\xdeW\xb6\xd1\x11\
\xa9\xbd\xbcNS\x97\xca\x11\xd3\xcb\xd7\xcfH\x14\xc3\x08\
\xe8dc\x94\x85`\xf15)\xeb\xea\x96/\xc4\x0c\xbe\
\xb4\xb4\xb8\x9f\xda\x8fc\xd3d\x1d\x12\x8f\xba\xac9}\
\xedQ\x8e\x04\xe3\xcdY\xb0\xa0K\xa30\xf0[d\x22\
\x0e\xd1\x90\xa2\xdd\xf8l,\xad\xac\xf6\xeeL\x05F\x98\
\xff\xfd\xf1\xfbM\xcds\xf1\x1b\x9b\xee\xc9\x84\xfb=\xfd\
\xf7M\xf7\xc4\xd5\xb7-eeh\x1d\x17\x9a\x83\xcb\xfa\
\xad\xc3.lh\xfb\xf6tEr\x06\xbc\xab\xe9\x8bu\
\xc0d\xb3\xd4\x04\xf9\x90hS\x7f`;\x17\xbf\xa0~\
\x22\xa1\x0f q\x97i\xf0\xddGN~\xa6:\xa5\x1b\
\x0f\x94\xbd\xb2q\xc8FF\xc4\x08t\x00\x98,\x91~\
\xaa\xea\xafK\x1f;\xf7>\xf4p\xcf\x9a\xfe\xe1om\
\x5c\xf04/\x07\x8a\x1b>\xd5s\x9f\xebR4\xb9\xde\
gK\xca\xda\x5c\xd7\x08\x92\xfa.L\xd7\x09S\xad\x1a\
\xf7%\x8eM\xa5<\xb4\xd2M\x01\xd4j\xf6\x22u\xe2\
J{u\xd6\xb5\xf1\xf1\xb4\x0e\x18\xb8\xd4O6\xd4\xe5\
\xcf\xed\x22po\xebTk\xc3\xb2-q\x0c\xca\x12\x89\
\xf4.\x05\xba4\x8c\x90}\xa2\xd9\xb7=\xc7$\xf9\xac\
=\xbf\x91\x0e\xcba\x98\x13\xf1\xbf\x7f\x5c>\xc7!\xa5\
O,\xd0[\xb9\xb8{\x89\x19\xf7l\xcf%\xaf?R\
=q\xc5\xb2\xa9}F\x0e\x85\xfa\xe7\xae\xb9]]~\
\xdb\xbdA\xd7C;\x83zH\xabI$\x09\xed\x90\xe2\
Rx\x87\xf7}\xa9\x96hX\xdb^\xa4@\x17I\x92\
!\xc3=\x09!\xcd\xdbx\x88\xf3\xc1\xb8\xac\xf2\xd9\xd7\
^w\xa4:\xfa\xc9\xe9\xd3\xaci\xad\xd1q\x08t\x00\
\x98P\x91~L\xf6v~\xf6Z9\x09\xe5\xc9[\xd3\
Kz\x5c\xe5\xcc\xe6v\x0b\xfa\xe0\xd3%KTe-\
\xb9X\x5c\xdf\x9d\xcf\xa6\x82&\xd7\x85!\x95\xedw\xd1\
\x02]5\x05Y\xd3\x96TWR[\x5c\xb1*\xfej\
\x1dv.\xd0\x1b\xaau\xd6\x04\xfaX,\xcb\x8bI\xa0\
Kb\x81\xee1z\x99\x9b\x0b\x10\xe8*@\xa0\x8b#\
\xf2\xf9\x0c\x09\xf4\xe3\xf6y\xbc\xfa\xe8\xaf\x8d5qH\
R\xb6<\xf4p&\xd4\xefP\x9f\xbd\xfa\xf6\x9eh7\
\xffF\xa0#\xd0G!\xd0\xe7\xdesR\x17MzC\
\xf6\xdc^\xcd(\x18\x81\x0e\x00\x93+\xd2\xcd(\xeak\
\x93\x22\xd2\x8d5\xfd\x9c\xaf\xf6\xad\xe9&\x15\x91-e\
Z9\x98\x5c5]\x9b\xea\xe5O\xcf\xbb\xaf\xd7wZ\
\xba(4\x9b\x0d\xe6\xd5\x81\xb8\xf6\xdbv\xf8\xf0\xd5u\
\xbb\xd2~9\xb5\xeb\x0a\xd7\xec\xf5\xae\xbd\xb6\x13\x87\x9b\
\xbeK\xe4\xeb\xdaTK~\x02~~\xffR\x1aX\x85\
>mD\xbb\x8f\xd5\x18\x82?pp9\x0e\x17w\x8f\
-C\xf2\xc1\xc7\xba\xb8\x87\x06/\x8f:O\xe9\xc8\xc5\
]\xc2\xce\xb5i\xff^i\x07\xf3\xc2Ako\x05\xd5\
\x22\x9bs\xabI\x17_\x81^\xfe\xfe\x1d/x\xaaz\
\xdd!{\xce\xecs\xf3s\x99P\xff\xec5\xb7g\xef\
w\x14\xc4z\xab\x09\xc3\xd0k\xe1\xf4po\xb1d'\
p#Wp4i|\x805\xab\xfaz\x81.\xcd\x0f\
@i\xbf\x0c\xc4z\x8e\xb6s\x0d\x9e\xd1\xb5M\xa2\x14\
?3\x11\xdc\xaf\xff\xf3\x17w\xd1\x84I\xb16\xc3,\
\xa1\x0a\x00\xa6\x9f\xac\x936\x81B\xf6R\x13\x120d\
\x87m\x97\xaa3\x8e\x7f\xba\xfa\xb7\xd7\x1c\xa6v[\xb9\
\xac\xff\x10\x1eL6\x0f\x9fk\xf9\xf7\x85\x97,l\xd3\
\x9cnT\xd9\x02\xc3\xf6\xf7\xb1\xb0\xd3\xc2\xfe]#\xa9\
\xd2q\xc3&H\xaa\xe7\x95lP%\xe5\xf3\x14%\xbe\
\xbfs\x0cPD\xec\xf5\x97D^\x88RI\x16\xae7\
mc{uD\xe7q\x94,\xe7\x12\xda\x96\x1a\xdb\xaf\
LA=\x8c\xb9\x1c\xde\xeb\xb9%l\x06e\x94\xe5\xf5\
\xbf_\xa4\xfe>\xca^\xfb=a\xfb\x99~n\x1e\xbf\
\xef\x13\xd4\xff~\xe9\x01\xea\x86\xd3_\xa0>\xfe\xf2\x83\
{\xff\x9e\xa9\xc6\xdc\xf91\xa5\xfb2IGEjs\
,\x09\xebdW=\x86\x14k\x10\x0eQ\xdc\x01fG\
\xa4\x0fs\xa5\x9b\xc0q\xa7NB\x99\x9e\xbd\xd7N\xea\
\x0b\x7fp\xa4\xfa?\xdf\xfa\x89:\xf7\xab\xd7\xe6K\xdb\
\xb3TIE\xc8\xf5M\xaf\x0b\x06X\xbd\xf0\xb7-7\
o\x9dz\xaf\x89\x02[\xc9\xa7.\x15g\xf4\x81\xb1\xb8\
\x14\xfcM\x1aR\xa9\x94\xcd\xefRs\x08o?[\xcb\
\xe9i\xc7\xf9Z\x03\xd3i\x0f\xc3\x86Xr\x1e[\x5c\
\xe4\xc3\xfc\xfe\x94x\xfe\xd4\xe9./\x12>F\x1bF\
\xf1\x8fX\x96'\x89\xb6isP\x91\xf6\xb3\x0cbm\
h\x9e\x137]j\x85@\xd7Y\x9f\xab\xdfMYu\
`z6\xdd(\xd2\xc5c/\xad\xce\xb1\x95\xdf\xf3\x18\
f\x15&T\xac\x9b\x97\xb1\xa4\xff\xeb\xa57\xf7^&\
B|\xe7\xd5%\xdd\xdc?\x01\x1dm\xfb\xc6\xe7\x9d\x16\
M\xc2:\x9c$\x91\x22\x1b\x1e\xac-\x83\xd4\xd5>\xe4\
r\x7f\x1e\xfd\xe4\xce\x22\xb8od\xe4;\xc3cz\xaa\
\x00`\xf6\xc8\x06\xfagfogLR\x99L\xde\xf4\
7\xff\xfb\xa5\xea\xca\xec}\xc1\xbd=\xd7\x0d\x15>[\
\x08 7\x8c\xec.\x15\x1d\xac\x1b\xc4\xb8\xbd\xc7\xabK\
\xc1\xa6-.\xef\xb6\x8e\xb2\x90\x07\xdd\xa7G\x95ja\
\x5c\xae\xe5Mc\xa8\xda\xb1\x90\xf6\x18\x8b5\xa5i\xaf\
[r\xe9\xf4\xa7/&\x1d\xef\xc6\x8d\xd77?\xb5\xb8\
\xf3\x0aG\x8c\xbdR\x9dG\xe3\xd8X\x9a\x1dJ\xe3\x22\
\xf7\x87\xed\xa4\xbb<\xe8a\x12&E~\xf1\xa8\xeb\xe9\
rq\x17\x878\xe9\xa8\x9c\xd2y\xbb\xad\x9f\x0a\xf9\x8f\
W\x1c\xaa\x9e\xbb\xe7c\x16\xeds\xd4\x08\xf4\x7f\xfc\xef\
\x8d=\xb1\xeeu]%\xa2\xd6u\xfd\x97v\x17\xf7\x88\
\x89\xcb\xda\x0eA\xaam(\xd1\x1a\xf4\xa6\xb2\x07\xb5]\
I1Q%\x0d.\xee\xae~Z\x1c\x1dB\xc39e\
\x7f\x9f\x7f\xea\xb3\xd5\x89\xfb\xed\xd2E\x13=6\x1b\xb7\
\xacg\xc4;\x9b\xe0\xe2\x0e0\x83d\x9d\xb6\x11\xe8k\
\xb2\xd7\xe6I)\x93\xc9\x9bn\xac\xe9\xc6\xf5}\xfbm\
\x96.<\xc8J\xee\xc9\x92s\xef\xed\xb9\xab\x97\x1e\xac\
\x05w\xf5&\xa5`\xb1\xb8\x0f]\xe0\xc5\xe1\xe6-\xa5\
\xb2\xe5=A\x1b\x07\x08Q\xee\xe3)feRL\xec\
\x8c\xbd\x08\xc9\xcfa\x94A\xe2\x82+k\x1c\xedd|\
W\x86\x8ey\xca\xb8q\xcb\x83\x8b\xfa\xfc\xf7\x7f\xc2\x0e\
\xea\x7f\x9fp\x80\xba\xf1-/P\x7fv\xf4\xdej\x8f\
\x95\xcbh\x14\x10\xcc\x9e\x1d\xb9\xb8#\xceg|\x1cO\
\x15\x00\xcc\xf0\x90\xb8\x1f<\xceDx_5I\xe5\xba\
\xe9\xa7\x0f\xaa3?w\xa5\xfa\xd2\x0foSy\xd3\xaf\
.\x05\x93\xcb\x1b\xd8M\xc0\xb8B\xb7\x95s\xcd\xd6\xb6\
n\xcd\x12\x90\xce\xd5\x0b\xda\xd2\xba\xe9%:X\xc9\x95\
\x83\xd45l<29dK)\xef\x1d(\xab\x85U\
E:8\x97\xc6-c\x5c\xdc\xa5\x9bs\x11q\xd8\xc5\
#\xf3\xa0\xb7iW\x93\x13\xc5]:O\xb3\x16\x17$\
.,\x8a{W^\xb8\xa9\xdbn\xfdq\xea\x7f\xfc\xdb\
\x07\xec\xa6\xfe\xfe\xa5\xfb\xf3 \xcda\xac\xe9\xefZ\x7f\
\xad\xbaa\xf3\x83\x01\x99\x19\x1cu\xed\xbcW\xdd\x81M\
Z{\xd4\xd4x\x9d\x87\xb7\x1b]\xbd\xb3\xc5\xaf\xa1\x06\
\xc7O\x89~\x10\x89_\x1e\xf4\xa6\x9b\xcaf\x86\xb7]\
\xf3\xdcgs\x7fK\x04w\x08\x07\x0b:\xc0\x0c3\x08\
\x1eg:\xf1\xf5\x93T\xae\xddw\x5c\xa6>\xf4\x8ag\
\xa9O\xbe\xe6\xf0\xde\xdf\x151cY\xa3&-\x82\x99\
I\xac\x9a\x8c\xb0n\xca$[\x0a\x13G\x22\x06H-\
\xaa\xc7~\x0e\x22\xd3u^\xd2\xdd~?\xdf\x8bn\xfe\
\x08\x0d;\xc7\xef\x1e\xb8\x9b\xba\xe2\xb4c\xd4\xc7\x7f\xf3\
`u\xe4\xaa\xc7\x8c\xa2ANU\xbb\x19\xe9\xf3O:\
:\xd9\x84u~L\x07\xb9\xcf\x07l\xe4n\x9c\xf1\xf1\
;U\x00\xb0H\x06\xcf\x22&x\xdc\x9b&\xb1l\xe7\
|\xf5\x1a\xf5\xbe\x0b\xafY\xc8;;\xff\xa6\xe7\x0d\x0c\
=\x0b\xban\xea\xc8j\xd6\x97[\xac\xeaJ;:C\
]=\x80-\x97\xba\xf6\xeeU\x1b\x0b\xde\x10\xc7G7\
\xe4Z\x8f\xed\xd5\xa5\xbe0\x9e\xb9\xb7\xdaXd}\xd7\
\xdd7\xee_\x17\x7f\xa4\xc3w\x93,\x0fz\x9bt@\
\xc9\xd6\xa0w<\xe6\xf5\xb6\xb6\x89\xbb\x82\xa5\xe3\xb2&\
]\x83.\x11\xf7\x9bg\xee\xeaI\xb5\xa0\x1b\xdez\xd4\
Sz/\xb0s\xf1\xc6{z\x16\xf5\x8b7\xde\x9d\xfc\
\xda6\xa5YK\xebe\x22\xf1\xedwx\x0f\xcc\x85\xb7\
@I2i\xec\xe7\xfe\xe4eAo|\xa0\x89c\xc7\
\xd5MN;\xf2\xc9\xea\x9c\x13\x0f\xe8\xa2\xe9\x9d5X\
\xca\x083\x0a\x16t\x80EB\xd6\x99\xafU\x13\xb6.\
}\xc8\xda\xe7\xef\xa3\xbe}\xfa\xf3\xd5\xb3\xf7zL\xe5\
\x01:\x5c\xff=\x97\xfd17WLiVv\xd1\x13\
U\x17\xcf\xa5&zl\x9d\xa2\xaaY\xbb^\xfd\xcc\xb2\
\x8b\x10\xb5\x99_\xe7\xde\xf0\xd3rF\xa4\xf4\xa36\xa9\
-[\xdd8E\xbaJ\xdb\x15*8,\xe9\xc9Fe\
\xc7)\xa6\x09T\xce\xb4U\xaeu\xe7\xd3b}\xf6\x0a\
\xd4<\x82u\xf5\xa3\x8c6\xef=#1\x86\xb8\x02]\
{\xbb\xbc\xfb\xa2\x1f\xabon\xba\x87\x07h\x0d\xc6\x8a\
\xfe\xf9S\x0fS\xff\xf4\xb2\x03\xa6x\x8d\xfa\x0c\xe5_\
lS\xb6\x0e\x1eh\x07\xed\xba\xb2\xab\xb3\xda\xc0\xdd7\
\xe3cv\xaa\x00`q1X\x97\xfe\x11\xf3\xec\x98\xc4\
\xf2}\xf1\xaa\xdb\xd4\x99\x9f\xbbJ\xdd\xb4\xf9\x81R\xc4\
\xf5\xfe\x1fK\x96\x0c'\x1cTn\xc9\xf1Bj0m\
\x892\xee^\x83\xae\x17\xf6\xae\x1b7\xb3\xf6\xa0\xda\xb9\
\x91gv5\x97\x09_\x943J\xbb\xb6\x14\xd4;!\
Z\x88\xc5\xbf\xd8\x8e<7\xd7>\xa5p\x16\xcd\x7f}\
\xa4\x14\xabA\xa7\xf5\x82\xb4j\xb7\xb9d\xbbo\xb4\xa0\
\xa7x\xb2w\xbe\x06=`\xb1\xe8D\xaeA\x0f\xda^\
\x94O`\x876\x16\xf4\x94\xba\xc7~\x9f\xcd5\x1ek\
\xc5\xb6K\xd5;^\xf44\xf5\xdb\x07\xee\xc6\x03\xb4\x81\
\x7f\xfc\xaf\x8d\xea\x9d\xeb\xaf\xed\xa5ks\xd5\xa9x\xb4\
\xbb\x855\xe8m\xda\x8d,\xc4U\x98\xdf]\xd8\x8d\xd1\
4\x01-\xda\xb7\xb1v\x11\xc5]\xbco\x16\xab\x05]\
\xa4y\x1b\xe7\xc9\x8bs\xb2\xf5\xfa?\x7fqWy\xd0\
\xf7\xca\xae\xebF\xee8\x04:\x00\xcc\x96H_9\x10\
\xe9/\x9b\xd42\xbe\xf7\xcbW\xab\x0f\x7f{\xa3\xba\xf7\
\xe7\x0f\x17\xba\xab\xa1\x906\x01\xdc\xb4T{2mQ\
\xd6\xda%Bu\xbd\xc8u\xe9\xee\xde\xe0)\xe7\x8a_\
\xd9\xad#\x95\x9b8:c\xf1\xec\xa0m\xf9\xae\x9b&\
\x19\xaa\xfb\xb0\x07-r\x05\x89+\x8f\x19\x9b\x0e'\xb1\
O\x19\xdb\xb8\xabq2AZ\xdc\x13\xedE\xb6\xb48\
G\x1f\x81\x1e\xbc\x7f\x1dw\x9eA\xc5\xf6\xf5\x04\xf09\
\xb0\x8e\x99\xd0\x88\xdb@|\xcb\x22\x0d\x02=a@\xc5\
\xd8k.\x12\xd2\xbe\xe2K\xf7\xdcU\x8f\xc9D\xfa\xee\
\xbd\xd4kD4\xaf\xc7\x88\xf3w~\xed\xdaL\xac\xff\
\xc4[\xa0[\xfb\xb1\x16.\xee\xd1}Q\xd4\x04S\xcb\
~7\xa8\xef\x95\xe8\x9bj\xfe's\x1e}\xac\xf8V\
F]\x908Q+\x97-U\xf7\x9c\xfd\xd2.\x9a\xd8\
\xe6l,\xb1#w\x1a\x02\x1d\x00fW\xa8\x9b5\xe9\
\xe7Lj\xf9\x86\xd1\xde\xff\xf3\xaa\xdb\xe6s\xa6\xcf\x0b\
t\x87\xe5\xdb&\xb6kE\xba\x87@/|,\xa5\x01\
\x89.\x09\xf4\xfcnu\x98@\xf7\xb1\xaaT\xc7\x09\xba\
\xfa\x97g\xcf.\x8e\xa8\xc2Z#\xd0G)\xd0}\xe2\
\x82O\xba@\x97\xb6\x15\x8c@\x0fos\x01*\xad\xad\
@\x97\xba\x8e\xca\xf3$\xf6\xdby\x07\xb5b\xdb\xad\xe6\
?>b\x90c\xfd\x89\x99\xd8\xdfc\xe5\xf2\xdew\xfb\
g\xdb\xcc\x0a\x97\xddv\xaf\xfa\x93/\x5ce]\x9f\x8e\
@\x1f\xfc6\xd8\x03i\x04\x02]Bn\xe6z\x81~\
\xe2~\xbb\xaa\xf3\xd7<\xbb\x8b\xa6\xb5>\x1bK\x1c\xcb\
\x08\x16\x81\x0e\x00\xb3-\xd2'2\x15[\x9eo]\x7f\
wO\xa8_u\xeb\xbd\xa5\x00r\xda\x22\xae\xadz\xb3\
$`-\x16\xef\xea?\x0an\xdc\x0bn\x82\xf9\xdcn\
\xbaV\x18\x0fS\xb4\x85\xa47\xab\x1c\xcb\xf5\x83\xa8\xde\
\xbb\x9a\x0e'6\xd3\x9b\x04\x1e+x_\xe2\xb7\xfbz\
\x17\xf7\x10W\x7f\x8b\x98I\x1c\xd4\xcc?%S{\x05\
-u\xedH\x85\x04\x14K\x1c\xacN\xda\xbb\xb8\xeb\xc0\
r\xb4\x9a\x8c(\xd5\x9d=x\x94(\x9f\xe8\x8d]\x05\
\x89\x93@\xb1\xd2$\xd0\xbd\xef\xe9\xb6\x93\x10\x0d\x17f\
\x87m\x97\xf6\x84\xfa\x1e=\xe1\xbe\xac\xf7\xf7\xf0\xdf\xd3\
\xc8\xbfn\xb8I\xbd5\x13\xeaC\xb7w\xef\xfa\x12\x89\
nWb\xbbq\x82g\xbd$]\xfb\x95&1\xec\xde\
X\xda\xde,\xaay\xc9@\xfd}n9\xb6\xa3@2\
8\xb13^\xfc4u\xc6\x8b\x9e\xd6E\x93\x22@\x1c\
\x02\x1d\x00\x16\x89H\x9fx\x97w\xc3\xa7.\xb9I\xbd\
\xed\xb3W\xa8{\x1f|X-\x19,F\xd7\xb65\xe6\
N\x97w\x9b\x8a\xaf\xdb\xce\x22\x9c\xcb\x0fp\xd7\x1a\xf6\
\xec;k*u\xaf\x9eX\xcf[\xab\x5c\xc2$\x5c`\
\xeb\x8a\x00si\x8c\xb05\xb9\xe1\x8f\x98\xe8\xfc\xb6\xba\
yU\xb3\xb9^1VVi\x9bwxB\x05z\x88\
`\x9dD\x81\x1e\xac5\xdaVenR\xce\xd9\x22t\
;\xe1\x1a3A\x15j\xb5\xf4\xb9\x9a\xde\xf7t\x1b\x81\
\x1ek\x15\x1e|q\xc4^;eb}\xfby\xd1>\
-\x16w#\xce_w\xfe\xa5\xea\xb3?\xba\xdd\xaf\xbe\
\xca\xea\xb5\x8d@\x1f\xde8\x11\x02\xbdKO\x96\x89\x13\
\xe8\x22~\xcf\xa3\x865>\xc3~\xfcko8J\x1d\
\xddM\x9a\xb5\x93\xb2\xbe\xfd\x02F\xae\x08t\x00X<\
B\xfdT\xd5wy_9\xa9e4\xe2\xfc\x9f\xbfy\
\xbd:\xe7\xc2k\xe7]\xcb\x0b:D\xeb\xfaN.g\
\x04\xd7Zy\x88t]\xfdS\xa4\xf2\x03\xed0\xe1/\
\xb1(tq\xcc\x15\xd8,\x1f\xbafp\xa6}\xd4\xb9\
\x8e\x1f\xb6kg\x1e4\xbf\xa7H\x8a\xa0\xf2\xe2}`\
\xf1.W\x8c\x90\x9b\xba5\xe8\x1d\x09\xd8(\xd7Z\x91\
d\xc7Hq~\xcd^,>\xfb\x92\xf8%\x1cM\xe2\
#\xc08.i\x8e\xde2%X\xc7\xe5\xac\xe9\x0fL\
\x00\xbb#V=F\x1d\x99\x09w\xf3>\xe9\x82\xfd\xb3\
?\xbc\xbd'\xd47\xe7\xac\xe9\x85\xfeJ,\x822\xf1\
=\xda\xb4\xf6C\xda\x1e+\xa4?\x15\xbf\x99\x87\xe02\
\xf9\xdc\xfc\xbe\xde\x02\xe2y\xb2\xa5 |s\xef\xfd\xb5\
\xae\x9a\x11\x01\xe2\x10\xe8\x00\xb0\x08E\xfaDGy\x1f\
b\xd6\xa7\x9f\xf1\xd9+\xd4\x17\xaf\xba\xbd*\x90\xb5[\
\xa0\xd7\xae\xdbv\xa5+\xb7\xb8\xb8;\xf3\xaf\x0f\xf3\xb7\
\xdb}\xec\xbd\x06;\xda\xc7\xea\xd1\xd4\x8b\xdb\x96\x01\xa8\
\xe2@\xa2n\x9f\xda\xc7\xa55\xa5@)}\xe83?\
PgkY\xc8[\xef7\xd4\x93\x8e3\x0d\x85YI\
\xdbY\xf0\xdbD\xae\xef47y]\xc4\xe4ND\xc8\
\x08\x22\xa0[}M\xea[\xa4k\x8f\xd2\xa2\xc0\x92H\
\xf9\xfaN\x06h\xa5=D\x9a\xa4m\xbf\xe2\xb7le\
\x87m\x1e\xd5\x13\xeb\xc7?ug\xf5\x92\xa7=\xa1'\
\xe0'\x8d\x9e5\xfd\xbcK\xd5g~x[\xfe\x01S\
\xa9\xbbVk\xbbc\xb7\x97H\xa1\xed\xb5M\xcd\xac\x93\
\xa4\xe9W\xbc-\xf9\xe29\x09\xeaSNK\x94;\xf3\
\xafc\x9e\xfc8u\xe1\x1b\x8e\xec\xa2\xf9l\xcc\xee\x83\
\xbd\x18\xa9\x22\xd0\x01`\xf1\x0a\xf53\xb3\xb73&\xbd\
\x9c\xdf\xbe\xfe\xeeL\xa8_\xa9\xae\xbc\xe5^\xa5\x97\x94\
\x84eU\xa7V\x06C\x15\xcd\xac\xfd\x05\xfa\xc2\x9b\xb6\
\xffV\x97\x04\xbam0\xe61\xe4\xf7\x8e\xc8\xa6\x13\x09\
\xf4\xf99\x87H\xd7\xdd\xa0H\xf2\xf5_\x84\x0b\xf4\x92\
\x8b\xbb\xd2\xcaW\x12N\x8e@ooA\x97\xe8/;\
\x0ch\x96xM\xff\xc4\x0at\xe7y\xeaha\x8c@\
\x1fvg\xeee+R\x8a:f,\xea\xbf\xbb\xfa\x89\
\x99X\xdfy\xe2\xd6\xb0\xff\xafo\xffD\xbd\xe3\xc2k\
\xfak\xd3\xf5\x04\x08t\x89\xdbI+\x81.\xe9\xfa\x96\
N\x05\xba\xb8n\xbc\xeaS\xe6\xb4#\x9f\xa2\xcey\xd9\
\x01]4\x9b\x0b\xb2{\xe0$F\xa8\x08t\x00X\xdc\
\x22\xfd\x18\xd5\xb7\xa6\xaf\x9a\xf4\xb2\xfe\xdb\xf7nT\xe7\
d\x83\x1dcY/\xf7n\xda\x11\xe6\xdd\xea&\xaek\
\xc4{e\xb8\xed\x0c\x1f\xdf\xfb\xaf\xcd\xc5\xbd\xb1\x07.\
\x1f\xd8w\xb4\xa5\x1dv<m\xb3\xe1Im=\x14r\
\xca;\x04zc\x14\xf7\x04\x8f!\xab\xbb\xa2n\x16\xe8\
u\x935\xb1\x22g$k\xd0u\xba5\xe8ui{\
\xdb\x8e\x12\xa2\xd6\x8e\xcf\xbc@\x0f\xfa(m=H\xe2\
s\x08\x15r\x89E\xa3\xb4\xf8\xb1K\xd4N\xa2X\xbf\
\xec\xd6{\xd5\xeb\xce\xdf\xd0{\x0f9\x97$u-~\
}F2\x81.\xd2\xe2\xba67z\xef\x09Bi\xe8\
\x83}v<\x7f#\xd8\xcba\xa2\xb7\x9b(\xee\x1d@\
\x808\x04:\x00\xc0|\x009\xb3.\xfd\xd4I/\xeb\
\xbd\x0f=\xac>\xf4\x8d\x9f\xf4\xd6\xa8\xdf\xfb\xd0#\x85\
\x8eN\xeb\xfa\xc8q\xba\xc6E\xdd\x1a8\xaebAw\
G\xa4\xd3\xbay\x22 Y\x17\x9d\x9bX\x90\x86I\x87\
\x8aE#\x97\xc6N\xea&*:\x11\xe8\x96\xbd\x88\xc7\
@U\xfb\xba\xaf\xfbIt\xe9\xd0\xb2\xec3\xf0+\xd8\
1u\x82c\xa5\x10\xe7^u\xee8\xcf\xd2?t\xc2\
:\x8d\x0e\x12\xa7\xc3\x0fP\x1f\xd4Q\x92x$t\xbd\
\xf6{\x12\x04\xba$\xbcWb\x05z~WF\xa4\xbf\
\xe4\xa9;g\x82}\xf7\xb1?\xb7*.\xef\xa9\x05\xba\
tw]\xbd~&\x8e\x15\xde1\x02=4\x88\xa78\
Tx\x93@\x17\xd7\x81\xea\x05\xba\xc9\x7fn\xf2\xa0w\
\xc0\xb1\xd9Xb=#S\x04:\x00\xc0P\xa8\x9b\x08\
\xef\xc6\x9a\xber\xd2\xcbj\x02\xc9\xbd\xed3W\xaaO\
~\xff\xc6\xf9\x9c\xe9U\xcf\xf2\xfa\x14i\xca\x95\xbe\xcd\
\xb6\x06\xdd\x11$Nk\x8b8o\xcc\xe7\xdd\xfc\xad\xd8\
\xd2\xbc\x85\xf6\xf6\xba?r\x12\xa9\x11\xf0:\xa6d\x89\
\xc4GS\x908\xedy4\xdd\xd2\x82.n\x17\xe0\xfc\
\xb5\x95\xb0\xfb\xa9f\x96#\xd6\xc5]\xdb\x8f\x11xA\
\xda.]\x906*!\xf0\x5c\xa3\xa2G\xfb:\xa5\x88\
c}y\xce\xb5\xc4'\x90\x97\xc4V\xa6\x8aOa\xd5\
\xa9@O<\xc90\x0e\x81>\xc4\xacQ7\x22\xfd\x8d\
\x87?i\xecVu\xe3\xf2\xfe\xd6\xcf_\xe9\xbe\x7f\xbb\
\x14\xe8\x91\x07\xf1\x9f,\x8b\x0f\xb2\x10\x9f\xb5A<\xc5\
\xb6E{{\xcdbT7<p\xd7\x15\xea\x927?\
\xbf\x1b\xd1\xa65\xba\x0d\x81\x0e\x00P\x19\xf0OE:\
\xb6!7\xfe\xf4\x01\xf5\xa6OmP\xdf\xbe\xee\xeeR\
\xa4\xf7\x9c\xb8\xad\x13\xd7e\x0b\xba\xc5\xdf\xdb;\xff\xba\
\xd6a\xa2QWu\xb4\xa7Z\xb6\xec\xc3\xe5b/\xc1\
A\xe8\xbc\xd3\x5c\xb5\x5c\x87\xae\xc5O\xf8z\xad1\xd7\
-\x0a\xa2\x1a\xac\x94\x819\xee\x9d\xc7I$u$f\
\x22\x22\x99x\xf6\xffU\xd7.\xeeJZ\x9eCn\x02\
e\x16\x5c\xdc\x9b\xee\x85\xae\x83\x0bv\x11\xc5=\xe6(\
u\x1e\x11\xc6\xaa\xfe\x86\xc3\xf7RG\xae\xdail\xcf\
\xac\x8b\x7fr\xb7\xfa\xcd\x8f\x7fOmy\xf0\xe1\x0e\xa3\
\xb8;\xb6O\xe5\x1d\x11\x9aBRZ\x5cU\x11\xefr\
\xa8\x06\x8d\xdd\x1c\xbf\xc3\xf2\xe3R\xf4\xf63^\xfc\xf4\
^\x0e\xf4\x0eX\x9f\x8d%\x8ee$\x8a@\x07\x00\xa8\
\x13\xeaScM7|\xcb\x04\x92\xfb\xcc\x15\xbd@r\
\xf3\xe2[7\x08tU\x97\xbeM\xea;P\xed)\xd0\
\x9dn\xf1#\x14\xe8\xbe\xa31=\xe5\x02\xdd\xa7<\xf1\
c\xc7\xc4\x82\x13\x81>\x11\x02\xbdd@G\xa0\xcf\xbe\
@\x1fb\xa2\xc0\xbf\xe1\xd9{\xf5\x04\xfb8\xe8\xadK\
?o\x83\xba\xf4\x96-\x08\xf4\xae\x05\xba\x84\x1c\xc7O\
\xa0\x7f\xed\x8d&\xff\xf9\xe3\xbah\x1a\xe7fc\x89\xb5\
\x8c@\x11\xe8\x00\x00.\x91>U\xd6t\x83\x09$\xf7\
\xde\xaf\x5c\xdd\xb3\xac\xdb\x5c\xdc\x17\xa2\x86\x17\xbf+\x0a\
\xec\xfa\xc0ju\x11\xe0{\xdb\xe9\xe6\xed\x16\xf6\xee\xe9\
\xban\x9b!\x08\x12\xc6\xd2\xe0m\xef\x8a\x00\xef\xf7@\
\x89\xce\x13-1\xa2B\xe2\xc5\x8b\xc7\x09u\x1d$\xae\
\xd5\xa0[,\xe5\x8d)\xb0nY\x8e\x80\x01\xb8\xa4>\
F\xc2\xc9\x08\xb1\xde\x97\xb6;\xa8}\xc1;\x9f\xa8H\
\xb8\x9fQ\x04\x89k\xb7\x1fi]\x8e\xe1\xf7{\xae\x5c\
\xae\xfe\xfcy\xfb\x8ce\x9d\xbaY\x97\xfe\xe2\x0f}\xcb\
\x1a<.u}\xc6\x0a\xf4\xf0\xf8\x07\x12\xa8\x88]\xc7\
\xaa\xfa\xd7{\x17g.\xb4\x9fv\xf7TeO\x87\xb9\
\xf7\xfdzW\xcd\xe2\xa4l,q\x01\xa3O\x04:\x00\
\x80\x8fP\x9f*k\xbaY\x9f\xfe\xc1o\x5c\xaf\xfe9\
{\xdd\xfb\xe0#\x03\xa1\xad\x02\x02\xbc\x95Ry5\x04\
\x7f\xd3\xc5\xff\xd4\x1c\xcb\xde=\x87\xaf-\xd7\x8dB\xa3\
 -\x5cFy\xed.G\xa7\x02]\xfc\xce\xdb*\xf9\
\xe2\xc6\x7f\x8e\xf0\xe3\x1d\x8a\xa8T\x02\xdd/\xdbW\x92\
\xd1B|L\x81\xe9\x15\xe8\xae\xa8\x00\x92\xa0\xd0\x08\xf4\
\xc9\x14\xe8C\x0e\xd8e\x07\xf5\xee\xe3\x9e\xd1\xb3\xac\x8f\
Z\xa4\xbf\xe5sW\xaa\x7f\xb9\xe4\xc6\xd1\x08t\xe9\xee\
\xfe\x92:e\x1c%\xd0\xed\x8b\xdf;\x11\xe8\xd2\xdcK\
\xe5\x05\xba\x89\xdc~\xfe\xab\x0f\xef\xaaI\xec\x98\x8d7\
63\xeaD\xa0\x03\x00\xf8\x8a\xf4\xa9\x89\xf4\x9e\x17\xea\
\x7f\xfb\xe5\xab{B\xbd\xa4\xa4\xe7\x99O\x91fI_\
V\xeb\x99>\xc8\xd3k\xf30\xd7Z\xf9(\xe2\xea\xf6\
\xb5j\xd8#E\x99\xf3\x90\x16e\xa7\x1b\xa6\x0a\x02\x9f\
\x1a>\x86\xf0(\xf1\x9a\x13\x8c\xba2`\x1a\x8fx\x90\
\x96?H/`\xea<\x0a\xe2\xb2\x03\xb4*\xe7\x18\xd2\
\xacy\xfd\xd6\x11\x0b\xae\xa9\xe1\xfa\x06\xe1\x93\x8eG`\
2\xea6>\xc1\x02]\x0a>Hi\x04\xfaP\xd4\x19\
\x81\xfe\xee\xe3\x9f\xd1\x13\xec\xa3\xe4\xb5\xff\xbe\xc1*\xd2\
%a\xc5KL\xfb\x0d\xd8RB:<i\xee\xc7\xa2\
\xca)\xcd\x1b\xfaD\x8b_\xf8\xaa\xe4\x11\x90\xfdy\xce\
\xcb\x0eT\xa7\x1d\xfd\x94.\x9a\xc1\x86L\x9c\xaff\xb4\
\x89@\x07\x00\x88\x11\xea\xc7\xa8)\xc9\x9b>\xc4\xb8\xbb\
\xff\xed\x97\xaeV\xff\xf6\xfd\xea\x00H/\xa9\xbax\xeb\
\x1aq\xad\xebD\xa3m-z\x93\x8b{y3\x9b\xa8\
\x8a\xe9\xbdu\x93\x12\xc9\xbb\xf9\xe7\x0f\x11sl\xff\x02\
JC\xd1\xc4\xf7\xb7m\xd69K\xf3dB2\x17w\
\x1d63\xe1=\xe1\xe0\xe3\xe2\x1e\x1b\xc5]G\x9cg\
\xf4\x89T\xfcT\xa2\xda\xb94\x99\xb7\xc5>\xf1d\x84\
w)\x1a\xc5`\xd3r\xd4\xb89\xcfs\xd1i\xdaM\
'\xc2\xb6!K\x81\xa7\x90\xeb\xac\x9c\xba|\xad\xdcw\
\xa9t\x15\xc3!\xf7\xe1+\x0e~b&\xd4\x9f\xde\x8b\
\x00?R\x91^zFu\xef\xe2\x1e\x18\x15\xa3Q\xf8\
\xda\xd6o\xeb\xe6\xeb'i\xae\x9bW9\x1b|\xfd\xab\
\xdf\x17\x1f\x1c\xd7\xff\xd5qj\xd5c\x96w\xd1\x04X\
\x7f\x8e@\x07\x00h%\xd2\x8d5\xfdM\xd9\xeb\x8ci\
*\xb7\x11\xeao\xfb\x8f+\xd4\x17\xae\xbc-\xb7\xf8\xbc\
 \xbf{,\xb1Z\xc1\xb5C\xdcV\x05\xbf\xad\x17\x0e\
\x16\xe8\x0d\x82Ol\x13\x0a>\x02=\xa7?t\xe8\xa3\
B\x8fP\xa0\xe7S\xb8\xeb\xf6\x02\xbd\xac\x1d\x11\xe8q\
#\x0a\xef\x5c\xc4\xa3\x16\xe8>I\xd1\xb5C\xa0\xab\x92\
@W\x13$\xd0\xa5\xc5\xb5iL#h9\x94$n\
7!\x02=\x7f\x1d\xf5x\x04\xba\xc1\x88\xf3\xf7\x1c\xff\
\x0c\xf5\xbb\x07\x8fn}\xfak\xff_\xd1\x92\x8e@\x9f\
,\x81n\x84\xb9\x11\xe8\x1d\xc1\xfas\x04:\x00@\x12\
\xa1~\x90\xea\xbb\xbd\x1f3M\xe5\xfe\xd6uw\xab\xbf\
\xf9\xf2\xd5\xd9\xfb]5\x03\xd5j\x90\xb8%V\xcb\xb8\
\xc3Zn\xd9^+\xb7\xb8\xb7\x0d\x14\xec9\xdc\x9b\xbb\
\xfb\x85\x89\x04\xb1\x9c\x9f\xae/\xaf\xe7\x98I'\x1e\xb8\
\x8b\x0a\xac\x9c\x98\xe1\xba\xd7\x86\x1d\xe5|\xf7\x1c\x0e\x8b\
\xa5\x02\xb4\xfd\xde\xf3\x13\xad\x91\xc3\x81V.\xee:u\
}y\x0c\xc4u\xc0`\xde\xb5\x0eC{\xb4\xaf\xb6\xcb\
+t|\xd5V+Xj\x85l\xf1\xe8\x120\x91 \
\xd6\x02K|s\xaaT\x84\xb4\x98\x1d\x1b\x95@\x1f\x96\
\xd3\xb8\xbd\x7f\xe0\xd7\x0fR{\xee\xd8\x89\xd5\xd4\x22\xd2\
\x7f0/\xd2;\x89\x9c_\xa7\x8f\xfd\xa2&z\xf6m\
R\xd3v\xdbu\x0a\xde\xf1 \xc4vb\xcd\xd7\xde>\
y\xb0\xf0\xd9iG=E\x9ds\xd2\x81]]z\xd6\
\x9f/2\x96P\x05\x00\xd0\x05\xd9\xc3d\xc3 g\xe7\
\x9a\xec55\x0f\x96\xe7<y'u\xfe\xffxN\xf6\
zn\xef\xef\x86I\x88\xf9\xf7\xe1\xb3^dt\xe9\xa3\
R\x04\x1eK\xaa\xa4\xbbDB\xcb)Su\xbfH\xd7\
\x17J\x94O\x0e!\x901WM\x87\x81\xba\xa6\xbfr\
&\x0f\x93\xb7\xfc\xf0\x7f\xb8H\xfd\xafo]?\x92\xe3\
}\xf07V\xf7\x5c\xec'\xa1\xed\xcd\xdc\xf1\xa3f.\
\x168\xe6)\x8f\xeb\xea\xe0\xeb\x11\xe7\x8bp\x0cM\x15\
\x00@\xe7\x8f\xb6)\x0c\x227\xc4X\xd2\xff\xe6K\xd7\
\xa8o]\x7fW\xe5\xa9\x5c6:\xebA49\xb3\xc5\
\x12]5\x8f/loI_\xe6\x88\x06/sR\x89\
\xa5.M\x19\xd5l\xde\xbb>=\xbe\xc5\x1a\xafEG\
?=l\xae\xca\xe5zk\x9ahX\xb0\x08k\xab\xcb\
\xed\xc2\xfe$Z\xbc\xc4\xba\x91\xb7\x1a{\x96&\x1dj\
-\xe8\xa1\x81\xf9RY\xa1R\xfe\xde\xa7P:\xec\x0b\
i\xd8\xaf\x04_\xc0\xfa\x88q\xd6\xf4\x87\xba\x9ab\xc9\
>\x8eo\xe1\xe2\xae\xd3],\x09\xd9\x89v\x5cF\x89\
\xbbO\xea\x13%\xb8\xdc\x9c\xab\xeb6\xa2\xdb\xa8\xb3\xbf\
\x11e\xf5z*O\x0c:<@\x8e|\xd2\xe8\xac\xe9\
\xc6\x92\xfe\xb1\xe1\x9at\xdb\xb2\xa0HKw\x9c\x87\xb9\
\xe7\x16\x928\x0df\xc8&R\xe9h\xdd\xfb\xc8?X\
ly\xd6\xf3\x1bf\xdf\xaf\x5c\xb6T\xdd\xf3\xae\x13\xbb\
\xba\xdcge\x02\xfdLF\x92\x08t\x00\x80\xae\x84\xfa\
1\x03\xa1~\xd04\x0a\xf5O|\xf7F\xf5\x89\xefm\
\xaa\x0e+s\xe3\xba\xe1r\xf1\xf9\xfc\xe7\xb9mti\
\xadzc\xde\xf2\xe1\x0ek]o\xab*\xdc\x19m\xde\
\xe2\xa2k_\x86\xab\x17\xc6\x1f\xda;+{\xba'P\
\x1b/\x04\x9dh0\xef9\xd9P3>\x8e\x1atJ\
\xad\x9b\x80n\xdc\xbf\xae\x158\xb1\xe2]\x87\x09\x9c\x88\
Y\x03q\x9eC\x821\xbbO\x0a\x81R\xd1*\x93G\
\xae(\xefZ\xaamU\xd2\xde*\xe2Y\xb5\xcd\xdd\x83\
\x0e\x13\xe8\xb5\xe5\x91\xc8\xdc\x89\xd3\x93f\xad\x8dp]\
\x91\x09\xb5\x0f\xfc\xc6j\xf5\xd2\xa7\xef<Z\x91\x9e\xaa\
\xae\xbd\xd7\xa0\xeb\x88\xa0\x8fc\x10\xe8\x126\xe3 M\
\xfd\x95\x94\xbf\xef\xbf\x9fr\xe8*\xf5\x91\xdfyVW\
\x97z\xb5\xf1Hd\x04\x89@\x07\x00\xe8Z\xa8\x9f:\
\x10\xea+\xa7\xad\xec7\xde\xf3\x80\xfa\x9b/\xfd\xa8'\
\xd6]i\xd3\x16\xbe[\x10\xf2C\xc1\xee\x12\xe8b\x19\
\xe0\xebq\x0a\xf4\xf9\xf2\x8e\xf6q\xd16X\xd9\xf4\x0a\
\xf4\xfa`f\x08\xf4\x09\x13\xe8uk\xd0\x11\xe8\x8bV\
\xa0\x0fy\xc53\xf7\xc8\x84z\xf7\xf3\xd0'\x7f\xec;\
\xea3W\xdd\x86@\x1f\xb3@\xff\xc8\xef\x1c\x92\x89\xf4\
=\xbb\xb8\xc4\x9b\xb3q\xc3\x8e\x8c\x1a\x11\xe8\x00\x00\xa3\
\x12\xe9F\x9c\x9bH\xefo\x9a\xc6\xf2\x1b\xa1\xfe\x81\x8b\
\xafS\xff\x96\x09\xf5-\x0f=\x5c\x12\xdev\x81.\xb9\
\xa0M\x15\x0b\xbbMSX\xbe\xcf\x075\xd6\x01\xa2\xca\
\xba\x0fk\x90\xb8\x9c\xce\xb0D\xb1\x8f\x1e\x006\xb8/\
\xdb\x5c\x85uE\x10jk=\x94K\xa5}\x07\x7f:\
F\xb8\x86\x0e\x10]\x13\x08~\x83\xd8\xd0z\x15\x09-\
d\x82\x81\xbdn\xbc\xe1\x83\x8e\xe53\x19\x11$\xd0K\
\xee\xcb\xe2]a\xd5\x9bC\xa4) B\x98_\xba\xb4\
\x1c\x8a\x89\x04^\x8b\x90+n\x9b@L\x11\xc5=0\
\xe3\x83\x04\x06\x89\xd3\xbe\xf7\x85\xf6\xac\x9d\x88\x1b\xe3\x80\
]V\xa8O\xbc\xf2\x90N]\xde\xcd\xb3\xe7E\x1f\xfc\
\xa6\xba\xec\xd6-\xe9\x04z`\x0a\xbd6\xf13D\xda\
\x16\xd8O\x5c\xd7\x15C|\xa2<\xe6=\xe3mQ\xed\
\xb2\xff\xdf\xf3?O\xec\xb9\xb9w\xc0\xbal\x1c\xb0\x86\
\x11#\x02\x1d\x00`\xd4B}\x95\xea\xe7N?f\x1a\
\xcb\xbf\xe5\xc1\x87\xd5\x07/\xbe^}\xe2\xbb7\xa8\x9b\
~\xfa@\xa5g-Dl/EU^\xd2R\xa0W\
;\xf14\x02\xbd`}\xd7]\x0b\xf4\xfe\x97\xa9\x05\xba\
\x04\xae\x93\x1d\xa9@\x9f/\xa4m3\x04\xba\x8f@\x0f\
O?\xd6B\xa0\x97n\x10\xf1R\x15z|\x02=h\
t'\xe1\xf7Hr\x81\xde\x5c\xe0\xd6\x02\xbdn\xd9L\
\x87\x02\xdd\xb0\xc3\xb6K\xd5'_yho}z\x97\
\x22\xfd\xb0\xbf[\xaf6\x0d\x9f?\xaa\xa5\x97\xc04\x0b\
t\x09\xeb\xe4R\x08\xf4\x13\xf7\xdfU\x9d\xff{\xcf\xe9\
\xea\xf2\xae\xc9\xc6\x01\xeb\x18)\x22\xd0\x01\x00\xc6%\xd4\
\x8f\x19\x08\xf5U\xd3z\x0eF\xa4\x7f\xe0\xa2\xeb\xd4\x15\
\xb7lQ\x85\xdc\xe8\x95 q\xf65\xeau\x22\xd4\xda\
m\xebp\x11\x5c\x19\xb3j\x7fiP\x9b\xa9I\xfb\xa5\
\x1e+.\x0d\x97\xe6\xdf\x87\x0c\xd8\xb4\xfdh\x928\xc4\
ux\xd0\xb1\xaaph\xac\x1cg\x9a5\xed\xf50w\
\x9d\xb7Hp\xd1+\x1b\xbav\xe1\x1d\xb2M\x12-c\
H \xea|\x5c\xe1\xbd\xdd\xc3\xeb>*\xdd\xb6\xe2i\
|\xf7\xd1\xde\xd2*O[\xf4\xd4P;\x81\x1e8\xaf\
\xe2\x99r\xbe\xd7\xa7y\x15\xcc\x91V\xd2\x9ax\xcb\xd7\
\xad_\xdb\xaf\xcd\x07_\xbeZ\xbd\xe2\x99\x1dE_\xcf\
0\x16tcI7\x13\xc6Q\xd7C\xe2\xaf\xad\xb4\xb8\
\xf9$a\x1eN\xef\x96<\x97\xdfJ\x9aOJ\xc4y\
\x9e\x1f\xf9\xdd\xce\xdc\xdb\x0d\xa4WC\xa0\x03\x00L\x84\
P7.\xef\xc6\xf5}\xe5\xb4\x9e\xc37{\x01\xe5n\
(\xaeS\xcfw\xba\x03\xd1\xbe\xa4A\xa0\x97G\x05A\
\xc1\xe5j>,X\xcfu\xd8\x83@k\xef\x83\xcd\x7f\
e7h\x88{\xd2!f\xd0\xa6\x8b\x8aw4\xe2<\
\x91@\xb7}\xa8#\x04\xba+_\xafjki\xd5\xae\
+\xe7q\xd9\xaa\x11\x94\x93^\xa1PO\x02\x8f\xe6\x18\
3\xe9\x90D\xb8j\x7f\x81.\xad\x12\x90K\xfb\xb2v\
-\xd0\x87\xa7\x14#\xd0\xbd\x96\xb8$\x16\xe8\xa5~,\
\xbf\xaf?8\xe2I\xea=/\xd9\xaf\xb3\xe7\xceg\xae\
\xbc\xb5\xb7&=\xf8zH\xbb\xeb:Y\x02\xddc\x87\
s\x0db^\xec\x05\xb4?\xc6\xa4K\xf7v\x93\xaav\
5\xa3B\x04:\x00\xc0\xa4\x88t#\xce\x87B}j\
1\xeb\xd4?\xf1=cU\xbf\xbeg\xd9(\xe8k\xf3\
Z\xe2\x9f\xab,\xbf\xa6\xbd\xbeCw\x08w]7\xb2\
\xf1p\x8b\x97FCy\xe3>B\xd6\x83\xd7+\x13\xdd\
\x5cQ\xb1\xc2!6u\x94\x84\xed^7\xea;i\xf7\
t\x96\xc9\x11Z\x9d\x0d\xc8me\xd5\xe9\x85G\xc8\xb4\
\x8bNq\x9e:\xb2\x9c-\xac\xf1A\x95\xad=<\x88\
\xb5[\xf7\xf8\xf4#\xd2\xe2\x82\xa5\x08\x0b\x99~\xb2a\
\xe1\xa4\x8d\x15\xddX\xd3\xbb\xe2\x1d_\xb9Z\x9d\xfd\x95\
\x1f\x05\xb4?\x9b\xac\xf5\x88\xa1\x90h\xa2\xcdZ\xce\xc8\
u\x05Mi\xd6\xbc\xd6\xa8K}\xe1lm\xff\xc4\xfd\
wQ\xe7\xbf\xa63\xf7\xf6\xb5\x99@?\x97\x11!\x02\
\x1d\x00`\xd2\x84\xfa\xaa\x81H?u\xda\xcf\xa5oQ\
\xbf\xa1g]\xcf\xbb\xbfW\x06\xac\xda\x22H\xc57\xe7\
\xb9v\xacQ\xd7\x16CuC\x908\x95\xdb\x99V\xd6\
(\xf1A#\xa6\x0e\x9e8q\xee\xd6q\xa3ri\x98\
P\x08\x88\x07\x17U\x10/w\xe7.\x04\xb2\x0e\xacF\
\x09<\xb0N\x10\xe3 \xb6\xdd\xf8\x8a[_\xd5h\xfb\
H\x87\x86\x8d\xeb\xf8\x9c\xdb\xee#rGA\xc1\xdf\xcb\
\xdb\xce\xf9\x9e\x87\xb4\xeeo$\xb4\xa3qlc\xdb\xd7\
K\x9f\xb1KO\xa4\xaf\xd8\xb6\x13\xab\xab:\xf9\xa3\xdf\
Q\x9f\xbe\xf2\x96\xb4\xf7C\xd7\xbf\xb5~ \xe9\xcaQ\
\x97\xd1C<\xfa)G\xfat\x93Z\xed\x94\xc3:s\
o'\xbd\x1a\x02\x1d\x00`\xa2\x85\xfa1\x03\xa1~\xcc\
\xb4\x9fK?\xfa{?\xa8\xdc\xbd&\xfa\xbbv\x044\
\xd6\xdao\xbcYr\x8f/\xe7c/l\xa4\x03\x83\xc4\
\xc5\x0a\xf4\x98\x00\xd7\x09\x05z\xca5\x98\xb5\x9b\xe8\xe6\
\x01\xdc(\x05\xbaoJ\xae\xaeF\x0bM\x03\xe4\x89\x13\
\xe8\x9e^\x1d\xf5E\xf7\x17\xe8\xbe\xban\xe2\xc5\xf9\xa8\
\x04z\xb9\xc2b\x04zd\x7f\xe3%\xe4t\xf3\xf7\xae\
r\x9a\x08\xef_|\xeds{y\xd3Sc\xbc\xb5\x0e\
}\xff\xd7\x0aA\xe3:\x9dxI%\xd0\xa5]\xabm\
\x9a\x1cL.\xd0\xb3m\xefywg\xee\xed\x1b3q\
\xbe\x17\xa3?\x04:\x00\xc0\xb4\x08u\x93?\xfd\xa0Y\
8\x9f\x9eU\xfd{7\xaao]\x7fWD\x07\xadk\
r\x98\x97>[\xd2d\xbb\xf3[\x88\xae\x1b\xd6\x9a\x0f\
\xae\x8f_\xe9}\x9e<\xbe\xf9\xa4\x9d\xf9\xad\x03\xca#\
\xcd\x8a68\xdav\xa0G~T\x9a5_\x1d\xec9\
S\xd0v\x92\xa1\xfe\xb2\xb5X~\xe0YV\xa7\x9by\
M\x8c\x87\xbaX\x05~\xe7,\x11\xe5\xd4\xad\xce\xb1q\
#\x1d_\x8b\x8d\xc7\xd2\xb9\x19\x0b)~\xe6\xe3,#\
m\xee\x1do\x97\xea\x16y\xd0]\xa2\xdb5\x17\x13\xe1\
\x19`\xaa\xf0\x80]W\xa8/u$\xd2/\xbbeK\
O\xa4\xfbV\x804\xdd\xc0\x1d-\x17I\x19+D\x1a\
r\x9e;\xf5\xbf\x87\xdb{y2\xe1\xc4\x03vU\xe7\
\xbf\xe6\xf0\xae\x86\x07\xe7f\x02}-\xa3>\x04:\x00\
\xc04\x09\xf5SU\xdf\xa2\xbej\x16\xce\xe7\xc6\x9f\xf6\
\xad\xea_\xb8\xe2\xd6\x9e\x85\xbdF\x7f\xdb\xbbo\xdd\xd0\
\xa1\xebz\xbb\x9d\xd6\xf5\xfb\xf2\x11\xe9\xcd\x92+R\xa4\
\xb7\x12\x1c\xc3]\x04\x96E\x9a\xc4yDa\x02\x04z\
\x8aX\xda\x9d\xa5\x8aS~\xa9\xcd\xdc\x97-\xad@\xf7\
q\xd0\xb0\xe7\x07\xd7\x8d\xc1\xf4\xfc\xcf9V\x0c\xea\xd6\
\xe79\x16\x81><@\xb9b\xb3\x8e$\xd4\xc0\x1c|\
\xff\x8cB\xa0\xbbffR\x09\xf4\xd2o\xbb\x14\xe9\xff\
\xf0\x8d\xeb\xd4\xe9\x9f\xb9\xdc\xeb\xe4+V\xf0\x80\x0b8\
\x09\x02\xbdv?u\xed\xc6\xc7r\xde\xf0{#\xce\x8d\
H\xef\x08\xdc\xdb\x11\xe8\x00\x00\x08\xf5I\xc1\x88\xf4\xcf\
_q[/\xb8\x9c\xdf\xba\xf3\x9a\x8ft\xa3\xda\x0e\x08\
\xfc\xa6\xeb\xb3\xa1\xd5\x8ck\xb4\xf6\xd7\x0ey\xf1\xdb\xca\
\xf2\xa6%n\xc4\xa8\xd3\x0c@\xd3\xb8\xd5K\xe0\xfe\xb5\
sj\xc2jU\xd6\xbe\x95\xa2\x9a\xf3\x97k\xef\x9b5\
h\x08\xd2*s\x98\x8f\xa8h\x0a^\xe0\xf3\x99M\xe2\
\x87\x06CL!\xf0\x83\x02\xa8UOL\xbb\x04\xa7t\
\xd4\xf6=\xfb*\xf1\x8d\xa2\xae\x13\x09\xf4\x80\x1fIH\
\xffR\xfaa\xbe\xae\xbb\x14\xe9/\xfa\xc07\xd4E\xd7\
\xdd\xe5\x7fz\x92\xf46k\xdc\xd2\xa9\xcf\x9d\x932\xe1\
\x17\xc4z\x8e\xe2\xdf\xf1\xe7\xff\xb9r\xdb\xa5\xea\x9ew\
\x9f\xd0\xd50\x00\xf7v@\xa0\x03\xc0L\x08\xf5\xa9O\
\xcdV\xc6\xac#4b\xfd\x0b\x99X\xff|\xf6\xee\xea\
\xbd\xb5G\x8f\xaem\x03a\xed\xb7P\xdcg\xff\xad\x1f\
/^Q\xdc\x9b\xf6+\xc3\xf6\xe0Wx\x11/\x81^\
\x952i\x06\xb1\xba\x83(\xee\xd2\xa4\xc0\xc5}y\x82\
c4\xe9\x80\x1a\xf0LQ\x9dj\xb4b\x1f{\xc7\xe5\
\xf2\x8b\xcb\x83\xae\xbd\xce%X\x13E\x9a\xa7\x9b\xcf\xa1\
yz\xac\xb2\xceW\xa7\x1fFFGq\xd7\xc5\xb8\xfa\
\xbav\x1b\xffv\xd3Up\xbf\xf2o_\xf9\xac=\xd4\
\x07ON\x1f\xdd\xdd\xacC?\xec\xdc\xaf\xa9\xcd\x83\xfc\
\xe8\xc9\x04zT\x14\xf7\x1a\x99\xed\xd5\xf7J\xebJ\x9f\
\xff\xe9\x5c\xdcl\xac\xe4\x0a{\xca\xa1\xab\xd4G^\xf1\
\xac\xae\x1e\xff\xb8\xb7\x03\x02\x1d\x00fF\xa4\x0fS\xb3\
\x9d6KB\xdd`\xdc\xde\x8dH7y\xd5\xaf\xb8e\
K\xa5\x17\xf7\x16\xe8\x95\x01\xb5\xb86\xf4{P\xc4\x7f\
\x19)\xd0]\xfb\xb5\x08t\x97\xb0\x17\xf1\x16\xae]\x0b\
\xf4\x8a\xa3q\x94 \xf5:\x09{\x9d\xb7\x1f\xff6\xe8\
\xbc\xf4k\xd0\x9b\xea\xa8^\xa0\xa7J\xdf\x14)\xd0K\
_\xb5\x12\xe8\x92\xf2\x1c\xdc\x02\xbdV\xc4%\x16\xe9I\
\xd2\xaci]\xdf\xad\x04\xb4\x9bQ\x09\xf4.Ez\xcf\
\xd5\xfd\xd3\x977\x97G\xe2N\xa03\x0b\xfa$\x09t\
)N\xa0^\xf2\xd6\x17\xa8\x83v\xefl\x98\x81{;\
 \xd0\x01\x00\xa1\xbeX\xc5zm\xfa'KT\xf8h\
\x914\xbf\x99\xa7;\xb3K\xbc6>\xb1\xeas\xf4j\
\x1d*\xe4\x12\x09\x8b\x84{\x11\xdf\x9f5\x9c\xab\xee\xa4\
\xdc1\xa5\xd7\xa3\xaf\xef\xf9\x88\xce\x16\x17\x14\xa9jN\
i\xa8t\xf1pJiW\xbf>\xc1\x19\x8bwZ\xeb\
Z\xd4\x0d\xf7F\xe4\x9awi\xba\x09\xb5n}\xb1\x93\
\xe6A\xd7\xda\xd2\xa7\xe8\xe0\xcb\x14r:\x7f\xf9\xc2\xa7\
\xaa\xbfx\xe1\xbe\xc9\x9f\x1b/\xfa'\xb7\xab\xbb\xb4\xb8\
\xd9b\x05zqR\xc0\xad\xf8\xa3\xaf\xaaxL0y\
~6\xec9V=f;u\xfd\x99\xc7u\xf5\x88\xc7\
\xbd\x1d\x10\xe8\x00\x80P\x9f)\xb1\x9e\x8b\xf5V;\x5c\
\xd7\x0d6\xc4Jdx]\x11-1\x03Q\xed\x8a\xed\
\xed\xab\x18}\x04z\x8d\x1bu\xe8\x1a\xfa\xa9\x12\xe8\x11\
VT\x9d\xbc\xdcM\x13\x08u\xe9\xaftwum\x8b\
\x5c6\x9f\x0f\xb9\xf9\xb8\xda\xe3jHi\xe3\xf4\x93\x1f\
n\x81.\x8d\xd1\xbd\x22j1D\xa0\x07\x1cR\xb4n\
6\x8fk\xdd\xb2\x8d\x8fI\xa0\x87NV8\xbe3V\
tcMOI\xcf\xd5\xfd\x9czW\xf7Q\x0btq\
\xa9\xe6\x09\x17\xe8\xe7\xfc\xda\x81\xea\xb4c\xf6\xee\xea\xb1\
\x8e{; \xd0\x01\x00\xa1>\xabb\xdd:\x5c/\x05\
k\x97\x829\xd5\x1d\x15^\xa7re\xb7\x89\x8c\xa01\
{5\x92\xbc\xae\x0c\xa1$\xa2\x9d$|lj\xd7D\
E\xf3\x000\xb2\x9d')\xbftw#\x06Uc\x92\
rXf$\xa4E\xaeg\xed\x92\x83\x05+\xbco\xc6\
s\xed\x7f\xae1\xbe\xd6I\xac\xba\x8e\xc4\xee\x81\x9a]\
t\x0b\x81\xef\xd2oZ\xe7\xaa_\x926\x9b.\x86\xd8\
\xbd2\xda\xa2h\x0e0\xc1\xe2\xbe\xf4?\x9e\xdb\x0b\x1e\
\x97\x92\x7f\xb8\xb8\xde\xd5\xddw\x0d\xba\xb4\xaaS\xa9\xf6\
\x09)\x83\x10\x8ag|\x7f\x09\x14\xea\xf9\xd2g\xff\xb9\
\xe7=\x9d\xe5>7\xe0\xde\x0e\x08t\x00X<\xcc\xdd\
\xf6\xf23\xd56\xab\xcf\xd0\xdb\xafQ\xeaQ;\xcf\xf4\
\xb9\x0e\x03\xcc\x19\xc1\xfe\xf9\xcbo\xad\xa8\x5c\xed\x186\
\xd5\x89a\xa7@O\xfa$i\xbb3\x89\x17d\xa9\x06\
\xa7:\xeex)R\xad5\xfeZ\xba\xbd4R\xf7#\
I/\xfd\xa3R\xbe\xe7]\xdc\x1d\xd9\x05\xc5\xcb \xdd\
\xb5\xcf\x84\xe7\x85\x10\xbfM\xeb\x04xT\xd8\xbcR\xfd\
\xd8\xaf{\xe4\xb2\x86\x86\x02E\xa7Ykp\x01\x9a\x9f\
\xe4\xd2:\xec\xa0:}\x0b1\x22\xfd\xea?{Q\xf2\
\xc8\xee\x87\x9e\xf35u\xe9\xcd[\x02\xdbg\xa2I\x0f\
qvz\x9e\xe2\xbat\x8d\xc4\xbf\xd3\x0e\xb3\xa0\xdb\xd7\
\xcb\x9frX\xa7\xc1\xe1po\x87y\x96P\x05\x00\xb0\
(\xf8\xe5mJ=\xf0\x05%\xb7\x9f\xac\xe4\xa7\xef\xec\
\xff{F1\x83\xba\xdf:d\x0f\xf5\xd15\x87\xa9\xbb\
\xde\xf72\xf5\xd1W\x1f\xa6~;\xfb\xf7\x1e\x8fY\xde\
\x85Z\x98 d,?\xb5\xee\xcb\xe75{\x17\x00f\
\xe8\x96P4\xd1\xb1a&Y_\xbe\xee\xbf\x92\xef\xf7\
oO\xd8\x7f\xc6\x1a\xe3h9\xf5\xb0=\xbb\xdc\xfd\xfb\
i\xf90\x04\x0b:\x00,\x0a\xe6n>\xf2L\xd5O\
\xc5\xb60\xeb\xbe\xfc8\xa5\x1f\xfdr\xa5\x96\xee\xbdh\
\xea\xe1\x8a\x9b\xb7\xa8o\xfc\xf8\xae\x9eu\xfd\x9b?\xbe\
\xb3jE\xac\xb12\xe9RT\xe4\xc6t\xcf\xbay;\
\x9bW\xb0-\x9d\xb1-0v\xb1\x1c\xba\xa8\x8cc\x22\
\x0c\xa7\xf1\x10\xaf\xfd\x81\x7fd\xea\xc80k\xbe\x86\xea\
\x8e\x5cXc*\xb8\xeb\xe1\xfa(\xe4\x80\xcd\xf0\x16\x13\
9\xbcM{\x13\xf1\xf9\xa9\xf6wa\xb7~\xa7\xc3\xeb\
T\xfb4\xdc\xfa\x0f\xa5r#\xfb\x04h\x93\x11\xb4\x0b\
\x1d\xd6>|:Mk\x92\x09Q\x7f\xf9\xa2\xa7e\xaf\
\xa7&m\xb3\xaf\xf9\xb7\xef\xab\x8f}\xf7\x06\xef\xca\x91\
d\xf7I\xfc\xce%\xd4\x03\xc7u(i\xb8\x81k>\
\xda\xf31\xcb\xd5\xf5g\xfdj\x97\xdd\xc9^\xd9sv\
#\xa35@\xa0\x03\xc0\xe2\x16\xe8C\xb6Y\xadz\xae\
\xef\xdb\xac^Tub\xac4\xdf\xbc.\x13\xeb\x97\xdf\
\xd2{7\xeb\xd8k\x05\xfa\xc0%8\xc4\x1dV\xeb\xe6\
1iY|k\xcb\xce\xc5\xf2\xc3\xaa\x03\xad\xf9d.\
>\xd7v\xc8\xf8/\x22\x1f\xfc(\x04\xba\xd7\x18\x16\x81\
\xde\xb9@/7\x11\x89j7\x9e\xbf\x11\xbf%\xe8\xf5\
\x81\xf1\xc4\xf3\xcct|:\xb8\x08\x81.\xb57\xb2\x9e\
\x00\x81\xee\x7f1\xdb\x0at\xc3\x97^\x7f\xa4:\xea\xc9\
\x8fM\xd6fM\xa0\xb8}\xdf\xf9E{\xc08\x04z\
\xed\x0f\xdfg\x82\xc3\x1d\xdb\xd9d\xfe\xfaL\x9c\x1f\xcb\
H\x0d\x10\xe8\x00\x80@/\xb3t\xef\xbeE}\xf9q\
\x8b\xb2\x8en\xc8\x04\xfa7{\xd6\xf5\xbe`\xdf2\x18\
\xc0\x19q\xaeu\x9a\xf4Buc)\xaf8Q\x8d\x1b\
J\xab24\x9d\xdaH\x05e\xa3\x8b\xc2\xb0aW\x0b\
\x9bt\x0d\xba\x0e\xbb^\xe2\xbcx\xf1\xedF\x02\x02\xa1\
\xe9\xf2o\x86\xb39u\x05\xf7\x10P\xe2[O1\x8d\
D\xb7l\x97\xd2\xe6\x9e\x94\xf0\xfbM|\xcfI\xc7\xdd\
\xe7\xad\xee!q\xd4\x97\xae\x0fJ\xd9\xe2~\xd5\x8e\xca\
\x97\xd8\x9ct9Qj\x02\x92]\xfd\x17/N\xba\x1e\
\xfd\xec/\xfdH\xbd\xfdK?\x1c\xaf@O\x1e$\xce\
\xf3\xeb9\x8f\x1fY>\xbe\xbb\xdb\xe0pk\xb2g\xec\
:Fj\x80@\x07\x00\x04z\x1d\x8f\xda9\x13\xea'\
\xf7\x85\xfa\x92G/\xda:\xeb\xb9\xc3gB\xdd\x88\xf6\
o\x19\xc1\xfe\xd0\xc3\xe9\x1f9\x01J\xcf\x9a*YW\
\x07\xb4\xe3\xc2\xa5\x93\xfc\x8d\xdbb\xb5\xc2Z\xf7\xa1\xc3\
G\xcfM\x22I\xda\x5c\xcb\xa6#\xcb\x82`\xb1{W\
D\xa4\xd8\xf28\x19\xc9\xd5S\x1b\x1d\xed,\x98\xf6\x1d\
\xebk\xbb\xa6\xd7-\x8b\xa1\xdb\x9f\x83$\xa8\x89\xc6\xcb\
\xe1H\xafW\x8c\xc4\xee\x08\x84\xa7\xc3\x04\xba_\xc3\x09\
\x17\xd2\xd2\xf1\xe8:\xdf\x9d\x9d\xb0\xdf.\xea\x93k\x9e\
\x9d\xac\xaf2\xd6\xf3C\xdfw\xa1\xdad\xbc\xa6\xba\x98\
0\x11\xf1ke\xb1\x02]Z\xb4\xf49\xcbN\x9c\x81\
\xe3D\x9d\xf2\xecU\xea\xc3\xaf8\xa4\xabG\xc7\xe6L\
\x9c\xef\xc8(\x0d\x10\xe8\x00\x80@\xf7\xc1\x88\xf3\xde:\
\xf5\x93g>\xf2\xbb\x97`\xbfeKO\xac\x1b\xebz\
\xde\xc2>\x13\x02=2\xe0t+\x81\xde\x90f\xad\x0b\
\x0b\xfe\xd8\x04\xba\x14S\xe0\xd9\xf5l\xc4\x90\xc4G\xa0\
[E`\x17S2-\x04z\x9b\xaa@\xa0\xcf\xbc@\
7\xfc\xf3o=S\xbd\xf2\x90t\xf9\xd1\xcd:\xf4\xd7\
|\xe2\xfb#\x14\xe8-\x5c\xdc\xc7,\xd0/\xf9\xd3\x17\
\xaa\x03w\xef,K\xeb\xbaL\xa0\xafa\x94\x06\x08t\
\x00@\xa0\x87b\x84\xba\xb1\xa8/\xb2u\xeaN\xc1~\
\xf3\x16uyN\xb4\xdf\xd0d\x8d\x09\x15\x1d^\xa9\xae\
t\xcd\x8f\xda\x8a\x8e\xd1?\x1e\x1b'\x18\xca\x93\x11A\
\x9a\xa2!j\x9f\x0e)g\x8cX\x96\xe4U^<}\
\xedW\x9f:&\xed[\x7f\xfduu\x95\x87\x84\x0b\x87\
\xe4\xcdJ\x87\x9eJ\x9c\xd2i\x98m\x92\xaeo\x17g\
\x1e\xf4\x86\xe9\x8eV\xed\xaa\xfc\xa1-\xe3\xba\x0e>\x96\
\xf8\x94Qr3Lz\xe8\xea\xfe+I]\xdd\xf7y\
\xc7\x7f\x0e\xac\xe8\xf5\xf7\x85\xc4\x5c+m;\x95x\x7f\
v\x89\xbd\x80M\xfd\x81\xd4\x8b\xf2!G\xef\xfd8u\
\xe1i\xc7t\xd9\xba\xc9}\x0e\x08t\x00@\xa0\xb7\xca\
\xc9l\x02\xca\x19\xa1\xbeH\xd7\xa9\xbb\x18\x06\x9d\xcb\xbb\
\xc6G=u\xa4\xf4\xee-\xd0\xe7\xda\x0f.\xc7\xf4x\
\x94@\x01+s\xa1k\xba\x03\xc2\xea\xc7\x0at\xd7>\
\x12\x0b\xf4\xaa\xb7Bw\x02}h\xf3\x9fD\x81.\xa1\
\xea\xb8+\x81\xde\xf5-3Q\x02\xdd\xe1\xeb\x92Z\xa0\
\x97\xfa\xc0\x13\xf6\xdb5\xa9\xab\xfb\xc7\xbe\xbbi`E\
\x1f\x9cW*q\x5cj/\x12\xb2\xa76e\x90\xc0>\
\xd6*\xd0\x8b\x1f\x9e\xf7\xda\xe7\xa8\x13\x0f\xd8\xad\xab\x96\
\xbd!\x13\xe7\xcc\xfa\x03\x02\x1d\x00\x10\xe8*\xc5Ze\
\xb3N}\xf9\xaf*\xb5\xddq\xb8\xbf;\xb8<\x13\xeb\
}\xc1~g\xdf\xe2\x9e\xbd\xca\x0f \xf1\x16Nv\x17\
y\x1d\x22r\xbd\x05\x9f\xdf\xd8\xcfw\x9d\xb9\xcb\xc5\xbd\
(-\xea\x1d\xbf%\xe2\x5c\x9cn\xf2\x09\xdc\xfa\xdb\xd4\
p\xdb5\xfb\xbe\x13\x09Z\x17\xffN\xb5\xff %\xa1\
\x03+6\xa4\x9cQ'ciU:\x7f\x1f\xe9\xe6\xf6\
\xe3;\xaa\xd4\x81\xd5\xa9\x03\x05z\xcc\x08\xd7qS\x89\
nS\xc7\xe5<\x90\xf6\xf5\x07\xa2\x03\x1ap\x89O\xbd\
\xfa\xd9\xea\xa5\x99PO\xc5>g\xff\xa7\xda\xf4\xd3\x07\
\x16\xceS\x124/k\xf5\xc5Ga\x94\xb6_JS\
\x14w\xfb\xbd\xbcj\xa7\xed\xd4u\x7f\xddij5\x82\
\xc3\x01\x02\x1d\x00\x10\xe8\xc9\x04z~\x17\xdb\xe1\xfe\x1e\
\x82\xb1\xac\xf7\x84\xfb-\x9b{\xefy\xd1\x1e\xfc\xc8\xd2\
\x0d\x83\xacD\x02\xdd+\x95\x95C`4\x09\xf4\xa6\x95\
\xc0!\xf1\xe0\xc4W\x8b$pw\x9f\x0a\x81^\xd2~\
\xd2T\xa1:\xf6\x9c\x1a\x0a\xaeu\xebZK;\xfc\xb3\
\xb93\xd7/\x1c\x90\xc8[\xd4\xbb^S\x0bt\x9f\xf2\
$\x17\xe8\x83\x1d\xeb\xf2s\xa6\x1a\xd1\xbe\xb9>\xec\x07\
5\xf9\xb8\xbf\xf3\xe6\xe7'su\x9f\xb7\xa2\x8b\xfd\x5c\
\xa7^\xa0\x8bC\x8b7\x08\xf4\x0f\xbf\xf2\x90^\x80\xb8\
\x8e\xd8\xac\xfa\xb9\xcf73*\x00\x04:\x00 \xd0S\
\x0b\xf4![\xed\xac\xf4\x0e\xafVj\xdb#\x17u\xf4\
\xf7\x18\xfaB}\xf3\xbc\x95\xdd\xbc\x0f\x83\xd0\x15\xc6\xed\
\xda5\x96\x95\xf8\xa7[ll\xa9|\xee\xe6\xa1K\xaa\
ns\xcc\xfas\x10\x15\xb1~\xba\x1c\x94K\xda\xe7\x01\
s\x19\xde\xa5u\x05\xb7\x1f\xb9\x88\xf8\x88e\xcf\x99\x19\
\xe7\x97\xe25\x93\xd3\xc6\xf3\x22\xc9\x10\xce35\xa1\x88\
\xe7n\xad\xdb\xe9\xf6\xc5\x15O\x81\xac\x13\xb6\x1d\xcb~\
\x1b\x03:&J-Y[0\xad\x1a\xef\xd5\xbf|\xf1\
\xd3z\xafT<\xe1/>\xd3\xcf\x8b>\xa9y\xd0\x9d\
\x1fH\x98\xc8\x9f\xf38\xb8\x985\xff[\xa9\xeb\xde\xfe\
\x92.S\xab\x11\x1c\x0ej\xd9\x8a*\x00\x00H\xc4#\
\xb7)\xb9\xe7\x9d}q\xbe\xec\xc8~N\xf5\xa5{S\
/\x1e\xec\xbf\xdb\x8a\xde+\x8f\x09:\xd7\xcf\xcd~\xa7\
\xba\xfc\xa6-\xd9\xdf\xf7g\xe2\xfd^\xbbx\x95\xa2o\
\xa6\xae\x8c\xd9,Q\xa3\xb5E\xd4y\x8f\x14\xab*P\
TR\xff\xe9\xdaQi\x90\xc6\x16\xcfA\xac\x8f\x88\x0b\
\xcc\xd7\xddf\x94\xef\xd4\x8a\xb6S\xb1\x8a\x1a\xdd,\xe2\
\xcb[K\x88\xc0\x90\xe8k-ue\x8b\xc8a\xdex\
\xc6\x03\xc5+\xbe\xb5\xee\xbb\xa0\xbci\xbdDirH\
\xc4~\x85u\xdd\xad\x15\xd2\x96\x02&\xc5\xa4m\x1b\xf5\
JN\xaf\xe6s\xae\x07\xc7\x84\xf7\xa8\x88\xb3\xbfx\x95\
z\xe5!{\xf6\xac\xe9)0.\xf3\xc6\x92.\xf1\x9d\
SM\x85Ht\x1f\xe0<\x5c\xe0D\xa3w\xe8\xd0\xdc\
~\xff\xe8\xd8}\xba\x14\xe7\x86\xb3x\xf2\x03\x02\x1d\x00\
`T\xcc\xfdL\xa9\xfb\xbf\xa0${\xf5\xac\xeaF\xa8\
\x9b\xf5\xeaX\xd5\x83\xd8#\x1b|\x9a\xd7\x11Oyl\
\xe1sca7\xc2\xfd\x8a\x81\xd5\xddX~\xbeq\xed\
\x9d\xb6\xf1\xf1\xcc\xd1Y\xaa\xf7)\xab0\x19a\xe5\xc8\
\xa8OL\xa7/\x9bLp\x83\x98\x89{U\xeaEz\
W\x9c~\xc1\xa5\xeaS\xaf><\xc9\xbe\x8c\xd0\xef\xaa\
o\x91I\xec+\x1a0\xc2\xfc\xb4\xe7\xed\xd3e\xb1\xd6\
k\xad7\xf2\x94\x07\x04:\x00\xc080V\xf5\xcd\x7f\
\xa7\x94y\x19\xab\xba\x11\xea\xd9;\xc43\xb4\xb6\x1f\xbf\
\xff.\x85\xcf\xfb\x16\xf7\xfb\xd57~|\x97\xda\xf2\xc0\
/\x06B\xfe\xfeA\xfa7q\xeb9\x87\xab\xf3\xbcq\
\xbeq\xb0\x1di&\xaeC\xa7\xd7\x9f\xd2\xa6<\xd2\xd9\
\x91k\xb7vU{c\xc0;\xa9Z\xfe\xb5C<\xd9\
\xf3\x91\xeb4\xa7\xe9\x88\x9e^\xb1\x80\xd7\x1a\x1du\xe4\
\xe1\xc5]\x8eZ\x8b\xb0=\xe5\x96\x16]\xbdG\x9c\x87\
uY\xd7-^!6\xd7\xf9&7\x81\xca\xb1\x1a\x22\
\xab\xe7\xfd\xf9S\x89\xe8\x9a\x5c\xda\xd1k\xf7m\xe7\x9c\
\xfb\xec\xd3\x97\xdf\xa2.\xfa\xf1\x9d\xea\xa8\xa7<\xaeu\
\xd1\x8f~\xf2c\xd5\xdb\x95\xc7\x12\x1d\x89hs\xae\xdd\
\xf9FA\x8c\xedZ\xc5\xd7\xef\xbd\xb8\x9d\x11\xe7\x1d[\
\xcf\xdf\xcf\x93\x1c\x10\xe8\x00\x00\x93\xc0\x83\x17+\xc9^\
=Kz&\xd4\xb5\x89\x00\x8f\x0b|2\x16,\xee\xd5\
\x01\xab\xb1\xb4\x9b5\xedv\xf1\xde0\xbe\x1c\x97\x09(\
\xb1\x05N\xa6\xf4\xba\xd6\x19'\xa3\xf7')\xea7p\
=\xad\xe7\xb1\xdc\x9b%h\x10\xad\xd6\x99\x0f\xbf\x92\x05\
\xc7\xf4\xa05\xfc1\x0d\xb3f&E\xc75 \x19\xc1\
}\xd6\xc9\xcdZSGo\xff\xe2\x0f\xd5\x97\x13\x08\xf4\
\x8d\xf9~p\xa2\xeac\xf4\xbd\x96\x09\xbeg\xdc\xdb;\
d\xa3\xd6\xfa\x02\x9e\xd8\x80@\x07\x00\x98$\x8c\x0b\xfc\
}\x9fT\x92\xbd\xd4V\xbb\xf4]\xe0\x97\x1d\xd5s\x87\
\x87n\xd8\x7f\xb7\x95\xbd\xf7Z\xf1\xfe\xc0\xc3=\xd1n\
D\xfce7\xf5\xc5\xfc\xe5\x83\xf7\x8a\xb0\x1b\xd3\xf8\xb4\
M\x1a9{P4\xddn_m\xc6\xd9\xdaC@\x97\
\x7f\xeek\xd9s\xa8\xf9\xe0H\xf6\x09.z\xdeH\xa7\
=\xeaS\x92M\x0c\x84%\xb6w\xc6k(\x1dOB\
\xd6\x16k\x1dP\xe6\x9a\x8b\x94?\x9c.\xd7\xa5\xae\xfe\
T\xfb\x86\x22\xb7\xac\xbb\xef2H]\x88\x0e\x95\x9a\xfb\
6w|cAOaE\x9fO\xb366]\x1c\x1f\
\xe1\xdd\xba\x99\xc4mhn\x85\xd3X{\x0e\x13\x00Q\
\xdc\x01`qh\xe2QDqo;\xa8^\xbaw\xdf\
\xaa\x8eX\x9f(\x86B\xfd2#\xe03!\xdf\xb3\xbc\
\xdf\xfd@o\xed\xbb\xf9.\xed\x10\xd5\x11\x07]\xa4*\
JB=\xb0%@\xbf\xd7\xe9\xddh\x81\xde\x14e_\
\xfbE^/\xec\xb6*\xb0\x86\xd1\xfe\xc5;,y\xec\
\x08)a\x9e:\xdd\xb2\xe1\xe8\xa8^(\xb0#KX\
\x8f\xba>\xab\x80h\x8b\xf4n\x9a\x0f\xd0\x1e\x95\xa3\xbb\
\xbd(\x8d\x9e\x1e\xc1\x99%\xc4\xeb*\x1d\xb8\xdbJ\xf5\
\x9d\xb7<\xbfU\xdfs\xc8\xdf|U]z\xf3\xe6\xe8\
\xe6\x17\xdb\xf9H\xecd\x80\xc55\xdd;P\xa5\xd4\x07\
\xcc4\xd6\xf3\xeb\xcf\xee4r;\xa9\xd5\xc0\x0b,\xe8\
\x00\x00\x93\xc2\xc3\xd7*\xd9|m\x7f\xbd:b}b\
\xd8\x7f\xf7\x81\xf5}\xefz+\xd50H\xdde7\xf5\
\xad\xf0[\x1e\xfcE/\xf2|\xff\xb3\xa2%>x\x90\
[\x1a\xa8we\xc0\x8bJ\xff\xed\x9d3\xba\x83\xe4\xca\
\x95\xfd4\xf92'V\x1e\xda5\x11\xa1\xc3\x84Y\xec\
\x85\x95\x96\x9b\x05_\xf8iZs1:3\xb0\x8c\xf1\
\xe8FX\x9b\xf5\xe8'\xec\xbfk\xd4\xef\x8d\x05>V\
\x9c\x8f\xf7\x12\xa5\xaf\xe1Q\xac=G\x9c\x83\x0fX\xd0\
\x01`Q0\x15\x16\xf4:\x10\xeb3\xc1\xd0}\xde\xd0\
\x0bhw\xf7\xfd\xbd\xbf7\xdd\x9d\xfb\xbbg\x9d\xbf\xbf\
N\x9f\xb7\x7f\xc2{\xbbC\x87e4\x1f\xaeI.\xbb\
\xa2k\xc7I\x84YB[\x88S\xf1\xf7\x02\xf03\xec\
\x0f-\xf5bw\x99\x8f\x18Y\x19\xcb\xdd\x81\x83\x89\xa0\
\xda\x129\xf6\xbb)kO\x9bJ\xed&yG\x16\xe2\
fa)\xacx\xeeBt\x9b\x86!\xee&\xedQN\
\xf7}\xa3\xeb\xdbP\x8c\x1b\xbcs\xa9\x87\xff\xb51.\
\xee_\xfe\x83\xa3\xa2\xba\x89\x17\xfe\xc3E\xea\xeb?\xbe\
3\xacI\xb8\x02\x04\x06\xe4\xb1\xf3:E\x89\xe8\x97\x5c\
\xcb$jva\x84\xf9uX\xcfaB\xc0\x82\x0e\x00\
0\xe9\xd8,\xeb\xdb\xae&\xc0\xdc\x94aD\xd8\x91{\
\xfb\xaf\x155B}\xd3 x\x93\x09lw\xd9\xc0\x22\
\xdf\x17\xf5\x03!?\x18(_vc\xb3\x95>8\x18\
W\xe0.\xc4\xb2\xab`\xbd\x1a\x11E\xda\xb5\xadx\x8a\
C\xd7\xe1\xc5\xe1\x11p\xc0\x13W\x16\x06\xf4\x07d\x22\
{\xc5\xb2\xad\xe7wr\xc0n+\xd4\xca\xe5[\x17\xda\
\xc0\x01V!\x9e\x9e\x8bs\xa9\x07/\x1a\xfc\xdd\x9b\x0c\
\xba\xe7\xfe\xde\xbb\x99\x0cR\xa9\xaeM\x82 x\xc9\xed\
\xa1\xb6\x8b\xde\xa5\x0b\xca\x181V\xf0\x18+\xfa\xd9\xff\
\xf9\xc3\xdeo'\xb6\x1edt;\x19\x81\xf5|\x1d\xe2\
\x1c|\xc1\x82\x0e\x00\x8b\x82\xa9\xb6\xa0\xd7\xf1\xa8]\x06\
\xa9\xdb\x8eTj\x9b\xd5\x5cd(\x0a\xf8R\x84\xfa\x8b\
\xaf\xb9\xa3\xb2\xdde7nQ\x9b\x1f\xfc\x85er \
g\x91M1R\xb0\xa4<\x8b\x1d\xb2H\xd3B\xfa\xf9\
\x9b\xde=\xda\xd9s\xa7\xedz\xaf<{\x94>3\xf9\
\xa1\xf3\xff\xdec\xa7\xe5\x95\xdfL3\xc3\xe5\x17F\xc0\
o\xea\x09\xf7\xfb\x0b\xc2\xde\xd5m\xe9\x86\xeeLW\x82\
\xdf\xe9\x86\xf6\xd0\xa2qh\x9f\xe9\x17\xbf\x11\xb15X\
\x9eT\xcfI\x9c\x8d\xb0\xc6G@\x07\x94\xc3\xb6VZ\
\xd7_\x0c#.\xbf\xf4\x07G\xf5\xd6\xa4\xfb\x8a\xf3\xb7\
\xff\xe7U\xc5]ET\x9f\xb4\xd8R\x9ck\x03$\xaa\
\x8b)\xfc\xb6)\x1b\xc7\xe0\xb3\x9e\xf5\xfc\x1d/\xe9Z\
\xa0\xefE\xees@\xa0\x03\x00\xcc\xba@\xcf\xef\xc3\xa4\
n[v\x94\xd2\xdb\x1e\xd4w\x857\xff\x06\x18\xe1\x04\
\x80W[\x1d\x8c:.\xb2L\x16\xd4q\xd4>\x8f\xf7\
\xbfoJ\x02f\xd6\x04\xf5(\x85\xbby\x19\xe1n^\
7\x0c\xac\xedb\xb9\x96\x9d\x8dH\x0b\x16p\xdf5\xfd\
6%]\xfc\xcc;\x84B\xa1-\xe9\xca\x5c\x80\xa4<\
Y[\x00\xc4\x88\xe7\x94\x11\x98\x9fz\xcd\xe1\xce\xa8\xee\
\xc6+\xe75\x1f\xff\x9e\xfa\xfa\xb5i,\xe7\xc1\x02\xbd\
\x1c\xf0O\xe2\xf7\x98\xdfA\xa3\xaew\x08\xf4\xf7\xbd\xfc\
\xa0\x9e\x05\xbdC\x8c\xf5|\x0d=\x0b \xd0\x01\x00\x16\
\x93@/\x7f\xb8\xf5\xdeJ\x1b\xa1n\x5c\xe1\xb1\xae\x03\
@\x0b\xfaV\xf6;\xd4g.\xbbE]t\xcd\x9d}\
\xef\x0a\x04\xfa\xc4\x09\xf4!\xaf<tOu\xc2\x01\xbb\
\xf6\xac\xe9\xc6\x0b\xc4\x04\x813Y(\xccZ\xf3\x8f}\
gS\xb2\xc7`k\x81.\xed\xf6\x98B\xa0\xaf\xdai\
;u\xdd\xd9\xc7w}\x0ba=\x07\x04:\x00\xc0\xa2\
\x17\xe8y\x8c5}\x9b\x83\x17\x5c\xe1\xb7\xda\x85\x06\x01\
\x00\xd1\xf4\xac\xeb\x99P\xff\xd8\x7fm\xec\x07>\xd4\x01\
#\xcc\x98`j\xae\x00o\x05\xb7s)|T\x9f\xfa\
,6\xf5Z\xc0PZ7w\xdd\xda\xf1C)\xac\xd1\
\x08;\xfe(\x97\xc4\x8b\xb7Kzd\x908\xa7\xe8\xf6\
L\xb3fsu\x1f\x88\xfb\xf3^\x7f\x84:\xf1\xc0\xdd\
\xba\xac\x22\xac\xe7\x80@\x07\x00@\xa07`\x04z&\
\xd4\xb5\x11\xeb\xcbq\x87\x07\x80x\x8c5\xddX\xd6\xe7\
\xc5z\x17\xa3P\xab\xa2u\x0bt\xdb<@%\x1a\x7f\
\x97\x02\xdd\xf1U\x93@\xef\x9f\x87D\x1f\x7f\xf4\x02=\
8\x1c{{\x81^\xfa\xb1w\xf0\xf8\x5c\xd5\x1e\xbd\xcf\
\xe3\xd4\x85\x7f|l\xd7U\x84\xf5\x1c\x10\xe8\x00\x00\x08\
\xf4\xc0\xdfo\xbdw\xcf\x15\xbe'\xd8\xb7=\x18\xc1\x0e\
\x00\xd1b\xdd\x08\xf5\x7f\xc9^&R|]\xcf\xa4]\
\xd6e\x9bn\x16\x8b\xb8\xd5\xd5\xa1\xac\xe8\x9c\x1bu\xe8\
\x08w\xdew]\x9a\x0b\xd9r\xa8->\xa3p\xdf`\
\x88\x8dO\x01\xff\x14\x8a\xbe\x8f*\x9d\xfb\xafx\xef\xcf\
3\xd5\xa2\xcf>$\xf8P\xb9\xc1\xc0\xc2\x9f\x97\xfc\xc5\
\x8b\xd4\x81O\xec4\xab\x02\xd6s@\xa0\x03\x00 \xd0\
\xa5\xfd9\x18\x0b\xfb\xbc`\xc7%\x1e\x00\xc2\xf9\xcc\xa5\
7\xf7\xc4\xfa\xa77\xdcl\x19q\xeaZ\xb1n\xcb\x83\
\xae\xa5\xbe\xdb\xd2\xb9\xdd5\xf6~\xd1\xa2=\xd5~u\
@/\x1d\xff\x90\x90\x84?Lg\x8d\xf7\xb1\xa0K\xfc\
\xe3L<\x0f=\xd8\xd0\x04\x85{\xdf\xc9\x9d\xc7g\xc1\
z\x0eQ\x90\x07\x1d\x00\x00\x8a<r\xabR?\xbbU\
\xc9\xcf>\xbf \xd8M\xd09#\xd8\x07\xd6v\x00\x00\
\x17/=p\xb7\xde\xcbX\xd5\xcf\xfe\xdc\x95=\xc1\xbe\
\xf9\xc1\x87\xa9\x18\xe8x\x96\xa1\x19\x13\xed\xfem/\xd9\
\xaf\xeb38\x0bq\x0e\x08t\x00\x00\xe8N\xb0g/\
y\xe0\xa2\x85\x81\xd3\xb6}\xb1\xae\x07\xefX\xd9\x01\xc0\
\x86Is\xf7\xcf\xaf:\xb4\x17\x09\xfe\xef/\xbcF\xfd\
\xc3W\xafY\x10\xea:o\xf9\xccY\xab\xcbVu\x87\
\xcb\xba\xf7\x12\xe8\xe1\xc2\xf4\xf2\xbeb\xdc\xcc\xcb?\xac\
\xf1\x03\xafZ\xfbCT\xa7;\x9a^L\xac\xbd\x89\xd2\
\xdd\xa6n%\xd5\xce\xea>\xb3\xbb\x04\x18\xcb\xf9\xca\xe5\
\x9d\xe6<7\xc1\x18\xce\xe5\xee\x87Xpq\x07\x80E\
\x01.\xee*]\x19l\xbf3\xeb\xd6\x8d[|\xcf\xc2\
~p_\xb4\xb3\x96\x1d\x00J\xcc\x0b\xf5\x0b\xaf)Y\
\xd4\x1d\xa9\xc7R\xe4^\xd7\x8e\xfd\xe8\xd8\x1d6t\x95\
\xda]\x8cT\x02\xbd\xae\xbaR\xf4\xed\xa9]\xdc%\xff\
\x0c\x96\xd6\xbb+\xfe\xd3#\xa7\xfa\xd1Oy\xbc\xba\xf0\
\xcd\x9d\x07\x863\xd6\xf33\xb9\xdb\x01\x81\x0e\x00\x80@\
\x1f\x9f@\xb7}8t\x8d\x1f\x8a\xf6\xadv\xc6\xd2\x0e\
\x00E\xa1\xfe\xd5\x92P\xd7\x81\xc3T\xddB\xc0\xfb\xa6\
\x87\xb3he\xfb!uX\x17\xdb\x22H\x9c_ \xb8\
\xc0\xca\x11\xa7\xacVu\xf1\xf0\xbdv+\x91\xcfA\xef\
\x18t\xe2\xb5\x9f\xeb\xde\xf1\x92^\xee\xf3\x0e\xd9\x98\xbd\
Vg\x02}3w9 \xd0\x01\x00\x10\xe8\x93%\xd0\
m\x18\xab\xfa\xd2}\x94^\xb6z^\xc0\xf7^\x00\xb0\
h\x85\xfa\xe9\x9f\xfa\x81\xfa\xd8\xb77\x86\x0d]\xb5g\
?\xe4\x1b\x8d\xddeU\x9f\xab~&Q\xa3\xe9\x80a\
w\xfe9\xa5\xbby\x84Xw\xaa\xfd\xe6\x09\xc2\x1f\x19\
\x9e\xcf\xc1\x90\xc7e\xd3\xfa\x86\x92\xbb\xfb\x19/\xd9o\
\x14k\xcf\xd7d\xe2|\x1dw6 \xd0\x01\x00\x10\xe8\
\xd3!\xd0\xeb6\x1d\xacc\xd7\xdb\xec\xbd \xda\xb1\xb6\
\x03,\x1aL0\xb9\xdf\xff\xe8w\xd5E\xd7\xdc\x81@\
G\xa0'\x17\xe8\x07\xee\xbeR]\xf2\x97/\xee\xba\x19\
o\xc8\xc49QT\xa15\x04\x89\x03\x00\x80\xf1\xf3\x8b\
k{\xaf\xf9@tC\x06y\xd9\xe7\x85\xfb\xd0\xea\x0e\
\x003\x85\x09&\xf7\xa5\xb5\xc7d\x02\xfd\xceL\xa8\x7f\
\xa7'\xd8\x9d\xaa+\xbf\xc0\xdb\xc7U\xbcI\xa8{,\
\x8b\xd6uI\xc1=c\xc9\xf9G\xb3\x8bT\xe36\x0f\
\xf4@S\xdc|uuu\xa1%\xc1,\x83\x04\xaa\xf9\
\xec\xa4>r\xcaa\xa3h\xc6k\xb9\x93\x01\x81\x0e\x00\
\x00\xb3\xcdC\x97\xf4\xc7We\xe1\xfe\xa8\x9d\x95Z\xba\
\x8b\xd2\x03\x01\xaf\xb6\x19\x88w\xac\xee\x00S\xcdQ\xfb\
<N]}\xf6\xf1\xbd ro\xff\xec\x95=\x17x\
\x18\x01\x9d\x06\x88\x1bc\x813q~\xc6K\xf7S\x07\
>qe\xd7\x05\xba@k\xbd\x9e\x86\x04)\xc0\xc5\x1d\
\x00\x16\x05\xb8\xb8\xabte\x18\xd7qK\x83\xaeZ\x8c\
\x85\xfdQ\xdb\x17\xc5\xfb\x92\xed\xb1\xbc\x03L\x19\x9b\x87\
\xeb\xd3\xbf\xb5q\xde\x00.\x8e\xc1\xac\xe4\x83\x99\xd9<\
\xe1\xf5\xd0\x8b[w\xda=\xd5\xee\xbe.\xc6\x9a\xcdh\
\xde\xf8\x9cJ7\x84O*\xc4-\xe5\x96\x98\x03\x8b\xed\
O\x7fQ>\xe4\xc0'\xee8\x0a\xd7v\x13\x10n5\
y\xcf!\x15X\xd0\x01\x00`\xb60\xee\xf2f\x8c\xf6\
\xe0%\x96\xa7\xde.=\xcb\xbbz\xd4.J\x9b\xf7a\
d\xf9\xa5X\xdf\x01&\x8d\x95\xcb\x96\xaa\x0f\xbd\xeaP\
\xf5\xaag\xef\xd5\x13\xea\x97\xdd\xb4\xb9V\xcb\xe9\x9a\x0f\
\xf3\xdf\xc9\xfcg\xe2\x14\xe9\x9d!\x9e\xbaZR\xeel\
D\xe7\x95^\xea\xb7o?\xcb\xb7V\xe7\xbd\xfe\x88Q\
\x1c\xea\xfd\x88sH\x09\x16t\x00X\x14`AW\xe9\
\xca0\xe9\x16\xf46e\xe8Y\xdc\xf7\x19\xac{\xdf\xa7\
\xff\xd9\xb6\x83\x98?\x83\xcf\x01`<\x9c\xfd\xd9+{\
\xa9\xd96?\xf0\x8b\xe2\x10V\xbbnl\xed\x1c\xf1j\
\xed\x91\x1a\xad\xc5\x9a\xee\xd8\x91v\xcf\x82>\xa2Q\xba\
U_\xcf\xbb,\x88\xffN\xb4c\xff\x9e\xd6r\xdb\x86\
\xce\xf4\xe6\x8e\xf2}\xf8\xd4\xc3\xd4)\x87\xef\xd5u\xf5\
m\xcc\xda\xd0^\xdc\x9d\x80@\x07\x00@\xa0#\xd0\xc7\
u\xfd\x86\x16w3~^vp\xff\xb3\xbc\x05~\xf8\
\x19\x00$\xc7\x04\x8f{\xcd\xff\xfd\x8e\xba\xe8\xea;r\
#\xd9\x92\xef\xb8n\x18\xf6F\x8f~u\xf7#i\x9d\
\x13\xe8!E\x92\xc0Q~\xde\x85\xdc\xb5\x8f.\x1f\x97\
\x9e\xe7X\xd9\xac1\xe7\xb9\xa8\x13\x0f\xda]\x9d\xf7\x86\
#G\xd1$\x8fe\xed9\xa4\x06\x17w\x00\x00\x80\x10\
\x1e\xb9\xb5\xff\x92\x1a7\xfa!y\xd1\xbe\xcd>J\x0f\
\xad\xefC\x01o\xd6\xc5o\xc3\xbax\x80\x10L\xb4\xf7\
/\xff\xf1\xb1\xeac\xdf\xfe\x89:\xfd\x93?\xe8\xadS\
\x0f\x93\x8a3h\x9b\x92\x04\xdb\x8fZ\x9cw\xc8\xaa\xac\
\x8d\x18\xeb\xf9\x08X\x878\x87.\xc0\x82\x0e\x00\x8b\x02\
,\xe8\x09GN\x8b\xdd\x82\xdeE\xfd\xe5\xc4\xba6\x1b\
,\x7f\xe6\xc2wy\x8b\xfc\xd0z\x0f\xd3\xc3/\xefS\
\xea\xa1k\xaa\x7f\x1b\x1e\xbc\xba\xffY\x9e\x87oU\xea\
\x17\xb74\xb7\x9be\xfb\xf4\x82!.\xb4\xa1Gg\x9f\
\xed\xdb\xff{\xeb]\xd5\xdc\xdc\x13\xd4/\xef_\xa6\x96\
\xee\xb1\xff\xccV\xed\xe6\x07\x1eV\xbf\xff\x7f\xff[}\
z\xc3\xcd\xc5J\xd2\x9e)\xd8\xf2\x1b\x04\x8f\x88u\xf4\
\xe8Z\xda\xf4;]\xea{i\xf1\xdb\xd0-\xc5\xffg\
\x12\xd0\xdf\x9b\xb8\x05\x17\xbe\xf9y\xbd\xe0p]7\xbf\
\xec\xb5W&\xd07\xd3\xc9\x01\x02\x1d\x00\x00\x81\x8e@\
\x9f5\x81^x0\x8b\xff\xef\x97\x1f\x5c\x12\xf9\xfb\x14\
\x05\xdb\xb6\xfb\x94D\x1d\xee\xf7\xc9\xc4\xb6\xc1\xfc=\x14\
\xd8\xf3\xdfIu\xbb\x14m'0\x14\xf6\xcfozH\
\xdd\xf9\xc9\xbe\xd0\xdf\xea\xb1{\xa8Ge\xaf\xa5O\xdc\
_m\xf5\xb8=z\xa2}\x9b\xa7\x1e13\x97\xc5\x08\
t#\xd4\xfbk\xd3U5\xe7\xb9F\xa0O\x94@\x97\
\xb0\x9fx\x0b\xf4l\xbb\x0f\x9f\xfalu\xcasF\xb2\
$\xfc\xa4L\x9c_@\xa7\x08\x08t\x00\x00\x04:\x02\
\x1d\x81\x9e\xae\xed\xd8D|Y\xf8\xe7\xe9Y\xf0wu\
\xef{\xf9\x04L\x02<\xf0}\xf7y\xdb\xbe\xb7\x89\xea\
_\xdc\xaa\xd4\xc3\xb7\x04\xd6\xbfts\x0f\xb4\x10\xe8u\
J\xcc\x08\xf5\xad{b\xfdH\xb5t\xcf\xfd\xa7\xda\xda\
\xbe`M\xbf)P\xa4\x97\x04\xba\x84\x8e\x90\xb5\xdf\xc7\
\xb65\xdf\xbe}\x9cN\xda\xc5Tv\xdb\x99@\x97\x04\
\xcfA\x11\xcfcHO\x98\x1b\x81>\x02\xd6g\xe2\xfc\
XFV\x80@\x07\x00@\xa0#\xd0\x11\xe8\x89\xdb\x8e\
\x8c\xa0\xfe\x12^CIp\xc1\xa5\xeb{\x7fz\x04z\
\xf9s\xbd|\x85Z\xf6\xcc\xe3{\x82}\x9b\xa7\x1d\xd1\
\xb3\xbcO\x1b\xc6\x9a~\xfa'/\xe9\x05\x93\xab\x08\xf5\
\x14\xc1\xe1t\xd8\xf6Cy9L\xeb&\xbe?m\xd1\
\xc7I\xec\xc8_\xc2w(mJ%\xcd\xfd\x82[\xe3\
\xe7\xf2\x9d\xef\xbe\xa3\xba\xe4m\xbf2\x8a&F\xces\
\xe8\x1c\x82\xc4\x01\x00\x00\x00\x80\x92\x07\xb6\xa8\xfb/\xfe\
x\xefe0\x16\xf5\xed\x8e\xfc\xdd\x9eh\x9f\x16\xb1~\
\xc2A\xbb\xa9\xa3\xf6y\xbc:\xfb\xb3W\xa8\xbf\xff\xea\
\xd5\x89*\xa6\xad\xc0\x87.1A\xe1.<\xfdy\xa3\
:\xdcY\x88s\xe8\x1a\xba\x1a\x00X\x14`AW\xe9\
\xca\x80\x05\xbd\x83\xfa\xcb?\x98\xb1\xa0\xa7?.\x16t\
\xe7uwU\xcf\xe0\x03\xe3\x02?mb\xfd\xa2k\xee\
P\xafY\xf7\xdf\x0b\xd6\xf4\xf9\x9b,\xef\xdc]\xca\x83\
n[\x92n\xed\xc2\xf5\xc2\xae\xb4\xef\x95\x09\xc8\x89\xd6\
\xe4\xe2n\x9b4\x90\xe29\x8c\xe2\xfe\xf2^O/~\
\xcfA{\xfb\xab\xef\x83W.\xdf\xba'\xceG\x10\x14\
\xcepA&\xceObD\x05]\xb3\x84*\x00\x00\x00\
\x00\x00\x17\x0fo\xba\x5cm\xfe\x97?U\xb7\xae\xdd_\
\xddu\xee\xef\xa8\x07\xbf\xff\xb9\x89/\xb3\xb1\xa4\x7f\xe7\
/\x7fE\xfd\xe1\xf3\xf7\xad\x17\xbf\xa9r\x89\xe5_Q\
r\xd6Q\xa6Q\xc4\x8b\x93\x09\xdc\xb1Gu\x99\x5c\xe7\
#\x12\xe7\xc6\xb5}\x0d=\x01 \xd0\x01\x00\x00\x00`\
\xa20\xe2\xfc\xaes~\xa7'\xd6\xef=\xef]j\xee\
\x81-\x13[\xd6\x95\xcb\x97\xaa\xbf=y\xb5\xfa\xf2\x9b\
\x9f\xd7\xcb\xa1>\xaf\xa3M\xf0\xb1\x81a\xb7\xffw\xff\
5\xfc0\xf7g\x8d\xee\xee\x7f\x9a\xdf\x8f\xf2z5\xa9\
N\xa9\x17\xe9\xb6I\x80\xa6\xcf\xc4c\x02!\xa58/\
T\x9c8'-\x9cEsy\xf9\x0c>\xfa\xf0\x9ag\
\xab\xa3\xf7}\xfc\xa8\x9a\xd2\x1aR\xaa\xc1\xa8x\x14U\
\x00\x00\x8b\x813\xde\xbc\xe71\xd9\xdb1\xd4\x04L:\
\xac=\x83\x14\xfc\xf2\xdeG\xd4\x03W\xde\xd7\xe91\x8c\
0\xff\xf9\x0f/V\xf7}\xe6\x1c\xf5\xcb\xbbnPK\
\xf7<@-Y\xbeb\x22\xeb\xc3\x88\xf3W\x1e\xfe$\
\xf5\xd0#s\xea;?\xb9;\xecf\x946\x81\xe6\x1c\
\xbfMp\xb3K\xe3\xee\xb4\xff^dL\x17G\xc2\x97\
\xf5\x18q>\xa2tj\x86s3q\xfe~z\x15\x18\
\x15X\xd0\x01\x00\x00\x00\xa0\x15\xf7_\xf4\xaf\xea\xd67\
\xed\xa7\xee\xf9\xc0\xeb\xd5#w\xde0\x91e4\xd6\xf4\
\xf7\x9e\xbcZ}e`M\x87\xe9\xe4\x8c\x13\xf6\x1f\xa5\
8\xdf\x90\xbd\xce\xa2\xd6\x01\x81\x0e\x00\x00\x00\x00\xd3'\
\xd4/\xfeWuK&\xd4\xef\x9e`\xa1n\xd6\xa6\x7f\
\xd7\xacM\x7f\xde\xbe\xee\x0d\xe7\xfd\xaesN\xd8\x1e\xae\
\xdb\xf6\x9dH\xd5\xfd{N-\xbc|\xd6\xb1[ve\
-n\xdd\x8f\xbc}\xde\xfd\x7f\xed\x8d\xcd\xd5\xdfu\x12\
5\xae\xfbF\x98\xbf\xed\xa5\xfb\x8d\xaa\xa9\xf4\xd6\x9d\xe3\
\xda\x0e\x08t\x00\x00\x00\x00\x98n\xa1~\xd1d\x0b\xf5\
\x9e5\xfd7'\xc8\x9a.\x8b\xe9\xf8q\x07;\xe5\xb9\
{\xf5\x5c\xdbG\xc8\xdaL\x9co\xe0n\x86Q\xc3\x1a\
t\x00X\x14\xb0\x06\x1d\xa6\x05\xd6\xa0C\x0aF\xb1\x06\
\xdd\x07\x13\xfd\xdd\x88uy\xf8\xe7j\xebU\x07(\xbd\
t\xdb\x89\xaa'#\xce_e\xd6\xa6?<\xa7\xbes\
\xfd\xdd\xf6\x1b\xd1\x99\x07]'\xbe\x91\x13\xf7\x00zD\
\x82\x5c\x9avnY\xe7\xee\x1b\xd4~<\xe2|]&\
\xceqm\x87\xb1\x80\x05\x1d\x00\x00\x00\x00:\xc3\x04\x93\
\xdbr\xde\xbb\xd4m\x7f\xf6\x5c\xf5\xe0\xf7>;q\xe5\
\x9b\xb7\xa6\xe7\xf3i\xd7EG\xb7*I\xcb+\xda\x1f\
\xbc\xf8\xa3\xba\xffy\x1f\xa0\xb5o\xbam\x9f\x16w\xfd\
\x82\xef}\x8b\xe3Z\xea\xfc}\xbfu\xf0\xa8\xc5\xb9\xb1\
\x9a\xaf\xe5\xce\x05\x04:\x00\x00\x00\x00\xcc,\xc6\xd5\xfd\
\xce\xf7\xfd\x8e\xba\xe3\xec\xe3'\xd2\xed\xbd\xb76\xfd\xaf\
^\xac\xfejtk\x9c\xa1\x81\x0f\xbf\xfa\xd9\xea\xb4\x17\
\xec;\xcaC\xb2\xee\x1c\x10\xe8\x00\x00\x00\x00\xb0xx\
\xe8\xaa\x8b\xd5-\xa7\xed\xa7\xb6\xfc\xfb\xbb&\xb2|F\
\xa0_\xfb\xae\x97\xdasl{[\x87\x9b\xad\xea\x0b\xb9\
\xd7\xab\xfb\x08\xca\xad\xee<f\xc0\x8e\xa4\xe157x\
)\x15f!\xb7\xa4Q\x13[\xde\xf6\xb9\x85c\xad\x5c\
\xb6T}x\xcda=\xd7\xf6\x11\xb3\x86u\xe7\x80@\
\x07\x00\x00\x00\x80E\x87\x11\xe8F\xa8\xff\xfc\xaaoL\
\x5c\xd9\xcc\xda\xf4/\xbf\xf9y\xeaC\xa7\x1e\xa6V.\
\xdf:\xd1^;\x8a\xc4&\xdd\xec#Ii\x9b\xc4\xb9\
\xe5CS\xdf\x17\xbe\xf5\xf9\x998\x7f\xd2\xa8/\xfbY\
\x998\xbf\x80;\x13\x10\xe8\x00\x00\x00\x00\xb0(1\xae\
\xee\xb7\xbf\xfdW\xd5O?\xfa'\xbd\xb5\xea\x93\xc6\xab\
\x9e\xb3\x97\xba\xe6\x9d/\xed\xbd{\x89\x5cG\x8a\xb0\xe1\
\x1f\x0b\xeb\xc8\x17>\xc9\xebT\x89Q\xc6\xe2q|\x97\
\xe1\x5c\xd5/+\xf7[\x8bo)\xcc\xe0Dj\xb3\xaa\
\xe5S\xae\x0d01\x00\xbe\x7f\xc6q\x0b\xb1\x00F\x87\
\x09\x0aw&w$ \xd0\x01\x00\x00\x00`\xd1s\xdf\
\x17\xfeQ\xdd\xf2\x87\xcf\x98\xd8 r\xc6\x92^\x08\x22\
\x17\x22\x9c=\x84\xad\x84)\xe0\xc9'\xe2\x14\x8c\xc5\xdc\
X\xceW=v\xe4i\xef\x08\x0a\x07\x08t\x00\x00\x00\
\x00\x80<\xc6\x82~\xe7{\x7f\xbb\xf7\x9aDk\xfa0\
\x88\xdc{O>X\xadX\xb6u\xa3\xa5;o \x16\
o\x91>\x5c\xe3-\x0d&\xed\xf2\x8fS\x85h\xaf\x94\
\xbe\xfaY\xd3Zu\xafh\xedE\x93\xfa\xfb~\xeb\x99\
\xbd\x80p\xe9\x96\x13xc\x82\xc1\x1dKP8@\xa0\
\x03\x00\x00\x00\x00X0VtcM\x7f`\x02\xad\xe9\
\x86?|\xc1>\xbd r\x7f\xf4\x82}\x834\xea\xbc\
\xdc\x0duC\xb7}?\x0c\xd8\x96\xf7\x1b/\x1f@\xda\
\xbc\xca3\x0c\xd2N\xffW&\x1b\xfa\xac\xdai;u\
\xc9\x19\xc7\xa9\xd3^\xb8\xef8.%\xe2\x1c\x10\xe8\x00\
\x00\x00\x00\x00ML\xba5}\x98;\xfd\xc7\xff\xd3\x11\
\xed=H\xc0&.\xe0\xb8\x8f\xef\x81\x11\xe5\xdf?\xf3\
8u\xe0\x1e;\x8e\xeb2\x9eD\xc4v@\xa0\x03\x00\
\x00\x00\x00x\xf2\xc0w?\xabn\x9e`k\xba\x89\xf6\
n\xd6\xa6\x9b\xd7\xd1\xfb<\xbe\xde\xe2\xddF\x1c\xfbZ\
\xd5\x87\x1f\xcd\xd5\x18\xc2\xcb\xbb\xcd{\xce\xb7\x99\x08\x08\
I\x05'}\xab\xf9yo<\xaa\xe7\xd6>\x06\x97\xf6\
!&\x9d\xdaz\xee0@\xa0\x03\x00\x00\x00\x00\x040\
w\xff\x16u\xe7\xdf\xfe\xb6\xba\xfd\xaf\x7f\xb5\x17\xf5}\
\x121V\xf4\xaf\xbc\xe5y\xea\xdf\xdfxdO\xb4\x8f\
\x05\x89\x10\xff\xa3,\x92\x0c\xac\xe6g\x1c\xa7N\x5c\xbd\
\xfb8\x8be\xc4\xf9:\xee,@\xa0\x03\x00\x00\x00\x00\
D\xf2\xd0U\x17\xab[\xff\xf49\xea\xde/\xfc\xe3\xc4\
\x96\xf1\x84\xd5\xbb\xf5\xdc\xde\xff\xcf\x9a\xc3\x8aB\xdd\xd3\
\xfa\xdd\x99H\xb7,K\xf7\xde\x9f+E\x9b\xf20\x9c\
g\x7f\x18\xef\x02\x13\xa1}\xccVs\xc49L\x05\x9a\
*\x00\x80\xc5\xc0\xdc\xcdG\x9e\x99\xbd\x9d\xd1\x1f,$\
\x18\x0dI\xcb\x8dS\x0c\xc8\xa4e\xc1d\xca\x8e[\xd8\
\x87\x8c\xf7\xfa%\xaf\xbf\xfc\x83YFP\x7f-w6\
\xaek(\x09.\xb8t}\xefK7\xe7!a_\xfc\
\xfc\xa6\x87\xd4\x9d\x9f\xbc\xc5\xef\xba\xbb\xaaG\xc2\xdb\x90\
H\xe09H\xcd~\x1c\xbfY\xfe\xac\x97\xa8\x9d^\xff\
Oj\xc9v+&\xfa\xd9\xf3\xd1o\xfdD\xfd\xddW\
\xaeQ\x97\xde\xf0\xd3\xea\xa8[\x1c\xa3\xf1\xbaJ\xd4\x91\
ME<~\x9f\xfa\x96\xcc\xcea\xd5c\x1f\xad\xdev\
\xc2\xfe\xea\x94\xe7\xee5\x09\x97\xc3\xe4:_\xc3\x88\x08\
&\x9d\xad\xa8\x02\x00\x00\x00\x00\x98&\xcc\xda\xf4\x87\xae\
zFO\xa4/?\xe4%\x13[\xceW=g\xaf\xde\
\xeb\xebW\xdf\xa1\xde\xfe\xe9+\xd4\xd7\xaf\xb9\xa3\xfd\x9a\
\xef.\xcck\x89]\xe1W.[\xdasg7\xe2|\
B@\x9c\xc3\xd4\x80\x05\x1d\x00\x16\x05X\xd0\x13\x0e\xc8\
\xb0\xa0wP\x7f\xf9\x073\x16\xf4\xf4\xc7\xc5\x82\xee\xbc\
\xeeShA\xcf\x7fn\x04\xfa4X\xd3\x0d\x9b\xee\xbe\
_\xfd\xf5\xa7/W\x9f\xfe\xc1\xcdj\xf3\x03\xbfp\x0c\
\xcde\x94z:\xba\xbd\x96\xbfZ\xf5\xd8\xed\xd4)\xcf\
\xd9K\xfdQ&\xce\xc7\xec\xca\x9e\xe7\xacL\x9c\x9f\xc9\
H\x08\x10\xe8\x00\x00\x08t\x04:\x02\x1d\x81\x8e@G\
\xa0w,\xd0\x0dF\x9c\xaf\xf8\x8d?W;\xfc\xea\x1b\
\xa6\xe2\x99d\xc4\xb9q\x7f\xff\xe87\x7f\xa2.\xbd\xf1\
\xa7\xa5\xa1\xb9\x8c\xe4\x16L)\xd0\x0f|\xe2Ju\xda\
\x0b\x9f:)\xae\xecyXs\x0e\x08t\x00\x00\x04:\
\x02\x1d\x81\x8e@G\xa0#\xd0G)\xd0\x87l\xfb\xf4\
#\xd4No\xf8\x80\xda\xeaq{L\xcd\xf3\xc9\x08t\
#\xd4\x8d`\x1fZ\xd5%\xfb\x9fv\x0c\xd7;\x13\xe8\
\xe2\xff\xdc2\x16\xf2\x13V\xef\xaeN9\xe2I\xf6\x5c\
\xf0\x88s\x00\x04:\x00\x00\x02\x1d\x81\x8e@G\xa0#\
\xd0\x17\xaf@7_,Y\xbeB\xadx\xb9\xb1\xa6\xbf\
q\xea\x9eU\x9f\xfe\xc1M\xea?\xb2\xd7\xd7\xaf\xbe]\
m\xbc\xeb\xfe\xca\xa8]\x97\xeb\xb8\xc9#\xdek\xa4\xaf\
\x17*\xdb\xc3ZnR\xa4\x9dx\xf0\xee\xbd\xf7\x09r\
c\xcf\xb39{\xadE\x9c\x03\x02\x1d\x00\x00\x81\x8e@\
G\xa0#\xd0\x11\xe8\x08\xf41\x0b\xf4\xe1w\xdb>\xe3\
\xc8\xa9\xb3\xa6\xe71\x96\xf5\x9eX\xff\xd1\x1d=\xc1\xde\
\xb9@\xaf\xb9pF\x84\x1b1~\xd4S\x1f?\xc9\xa2\
</\xce\x8f\xcd\xc4\xf9\x06F>0\xad\x10\xc5\x1d\x00\
\x00\x00\x00f\x8e\x87\xae\xbcX\xdd\xfa\xd6\xc3\xa7\xd6\x9a\
~\xe0\x13w\xec\xbd\xd4\x09\xfd\x7f\x9bH\xf0F\xa8\x9b\
\x94mF\xbc\xf7,\xecM\x93=^\x93A\xc5\x8d\x0e\
\xdccGu\x909v\xf6n\x5c\xd7\xcd\xfb\x94`D\
\xf9I\x998\xdfH\xeb\x87i\x06\x0b:\x00,\x0a\xb0\
\xa0\xabte\xc0\x82\xdeA\xfd\xe5\x1f\xccX\xd0\xd3\x1f\
\x17\x0b\xba\xf3\xba\xcf\xa8\x05=\xbf\xe9\xd6\xab\x0eP\x8f\
}\xc3?\xf5\xdeg\x09#\xda7\xdd\xf53\xb5\xf1\xee\
\xfb\xb3\xf7\xfb\xe7\xdd\xe2\xcdZ\xf6b\xf0\xb9\xa2\xf0\x1f\
Z\xc1\x0f\xdcce\xef\xef\xe1g\x13\xba\x96\xdc\x87\x0b\
T\x7f\xcd\xf9fF<0\xed`A\x07\x00\x00\x00\x80\
\x99\xe6\x17\x1b/S\xb7\xbc\xe59j\xe5\xc9}k\xfa\
4\xa4d\xf3\xa1'\xa8\xa7WT\xa7\x824j0S\
`A\x07\x80E\xc1#W\x1c\xf6\xb2\xb9[\x1f:\xbf\
\xf7\x0f\xa9\xb1\xd4X\xffa!\xd4\xfa*\xe1\xfb\x91\x84\
\xfb\x0a.\x97e\x7f\xcd\xf5#q\xf5\x15eI\x94\xd6\
F|\xbfk\xecwN\xd2Q\x1bHq\xdd\x9a\xb7\x11\
W5\xa7\xbbn\xd2\xaa\x02\xbd.I\xe8ukS\xd7\
\x12\xe3\x81\xd1\xb6\x0d8\x1a\xbd\xed\x92\xfe\xf2\xdeG\xd4\
\xfdW\xdeW\xb3\x8f\xc5gA\xcf\xff\xb1\xd5\xe3\xf6T\
\x8f?\xfd_6o\xfd\xa4\xd5+y:N5\xc6Z\
n\xac\xe6\x17P\x15\x80@\x07\x00\x98B\xee?w\xd5\
\x99j\xe8\xe6\xee%B\x03]\xd3\xc55\xc0\x0dt\x93\
\x964\x22]\x9a\x04\xb5\xe7\xbe\xc4GlE\xd7\x8d\xcf\
A=\xaa  =\x90\x9f\x00\x90\xb0z\x8e\xd9\x97K\
\x1c\xb5\xb8n\xcd\x13\x18\xcd\x02\xd9_\xa0K\xcb\xba\xf1\
\xbbn\xde\x93h\x0d\xd7-hrG\x22&0$P\
\xec\x07\x89Pi\xbe]\xbc\xae\xdb\xe2\x16\xe8\x03\xceZ\
\xf5\xa9\x9f\x995\xcb\xe7d\xafU<!\xa7\x0e\xd6\x9b\
\xc3\xcc\xb2\x84*\x00\x80\xc5\xc2vo\xdah\x04\xfa:\
j\x02\x00\x00\x06\x96\xd7\xd5F\xacS\x1bS\xc5\xb9\xd9\
\xb5[\x8d8\x07\x04:\x00\xc0l\x88\xf45\x88t\x00\
\x00\x18\x88\xf4\xcd\x83\xf5\xcb{e\xaf\xf5\xd4\xc8Dc\
\x04\xb9I\xa1\xb6\x96\xaa\x00\x04:\x00\x00\x22\x1d\x00\x00\
fW\xa8o\xcc^\xc7\x1a\x018\x10\x820Y\x9c\x9b\
\xbd\x8c\xd5|=U\x01\x08t\x00\x80\xd9\xc4\xcc\xc0o\
\xa0\x1a\x00\x00 '\xd4\xd7g\xaf\xbd\x06\xcf\x08Rv\
\x8d\x9f\x8dj`5'\x85\x1a \xd0\x01\x00f\x98\xed\
\xde\xb4\xd1<\xe8\x8fE\xa4\x03\x00\x80E\xa8\x1b\x8b\xad\
\x11\xea\xacO\x1f\x1f\xa6\xee\xb1\x9a\x03\x02\x1d\x00`\xd1\
\x88\xf4\xb5\x88t\x00\x00\xa8\x15\xe9\xf9\xf5\xe9\xeb\xa8\x91\
\x91a\x04\xf9^\xa6\xee\xb1\x9a\x03\x02\x1d\x00`\xf1\x8a\
t\x06\x01\x00\x00`\x13\xeaf}\xfa\x1a\x84z\xe7l\
T}w\xf6c\x89\xd0\x0e\x08t\x00\x80E.\xd2\x05\
\x91\x0e\x00\x00\x08\xf5q\x09\xf35f\xed?\xee\xec\x00\
\x08t\x00\x80\x1e\x8f^\xbb\xd1\xb8\xb9#\xd2\x01\x00\x00\
\xa1>zaN=\x02 \xd0\x01\x00jD\xba \xd2\
\x01\x00\xc0[\xa8\xef\xa8\xfa\x01\xcdxv \xcc\x01\x10\
\xe8\x00\x00\x1d\x88\xf4\xb5\xd4\x04\x00\x00x\x0a\xf5\xcd\x83\
\x80fF\xa8\x1b\xc1N\xe0Q;\xeb\x11\xe6\x00\x08t\
\x00\x80p\x91\xfe\xc7\x1b\xd7\x0d\x06Y\x00\x00\x00!b\
}]\xf6Z\x9d\xfdi^\xe6Y\xb2\xd8\xad\xea\x9b\x07\
\xf5\xb0z\x10\xfc\x0da\x0e\x80@\x07\x00@\xa4\x03\x00\
\xc0H\x85\xfa\x86\xdc:u\xf3~\xc1\x22\xab\x82\x0d\x83\
\xf36\xd6rc5\xc7\xab\x00\x00\x81\x0e\x00\xd0V\xa4\
o2\x22\xfd,j\x02\x00\x00\x22\x85\xfa\xe6\x81U\xfd\
$\xd5_\xabn\x96P\xad\x9faQ\xbev \xcaW\
\x0f\xce\x9bu\xf9\x00\x08t\x00\x80\xa4\x22\xfdLE\x94\
^\x00\x00H#\xd6\xcf5\xae\xde\x03\xb1>\xb4\xacO\
\xb3\x88\xbd\xa0$\xca\xcf%\x879@;\xb6\xa2\x0a\x00\
\x00\x1aE\xfa\x9a\x9f\xbdoO\xf3\xe7\xa9\xd4\x06\x00\x00\
\xa4\x10\xeb\xaa?\xf9k^JD\x0e\xca\xde\x8e\xc9^\
G\x0f\xdeWNh\xd1\xd7g\xaf\xaf\x9bwr\x96\x03\
 \xd0\x01\x00\x10\xe9\x00\x000\x8b\x82\xdd\xb8\x87\x9b\xd7\
\xb99\xc1n^\x07\x0e\xde\x0f\x1a\x83h7\x02|c\
\xf6\xba\xd4\x94\x0dA\x0e\x80@\x07\x00\x984\xd6\xe6\x06\
J\x00\x00\x00]\x0b\xf6y2\xd1\xber\xf0\xfcY5\
x\xad\xc8=\x8fV\x06>\x9b6\x0e^\xc3\xbf7\xa9\
\xbe\xab\xbd9\xe6F\xdc\xd4\x01\x10\xe8\x00\x00\x13\xcf\xa3\
\xffx\xd3\xe6\x9f\xbdwO\xb3v\xf0k\x88t\x00\x00\
\x18\xb1h7\x02z=5\x010\xdb\x10$\x0e\x00 \
D\xa4\xbfy\x93\x19 \x19\x91N\xca\x18\x00\x00\x00\x00\
@\xa0\x03\x00L\x88H'}\x0c\x00\x00\x00\x00 \xd0\
\x01\x00\x10\xe9\x00\x00\x00\x00\x80@\x07\x00\x00#\xd27\
 \xd2\x01\x00\x00\x00\x00\x81\x0e\x000I\x22]\x10\xe9\
\x00\x00\x00\x00\x80@\x07\x00\x98\x04\x91\xbe\x96\x9a\x00\x00\
\x00\x00\x00\x04:\x00\xc0\xb8E\xfa\xe9\x9b\xd6eok\
\xa8\x09\x00\x00\x00\x00@\xa0\x03\x00 \xd2\x01\x00\x00\x00\
\x00\x81\x0e\x00\x009\x91~\x165\x01\x00\x00\x00\x00\x08\
t\x00\x801\xb3\xfd\xe9\x9b\xce\xcc\xde\xd6Q\x13\x00\x00\
\x00\x00\x80@\x07\x00\x18\xbfH_\x83H\x07\x00\x00\x00\
\x00\x04:\x00\x00\x22\x1d\x00\x00\x00\x00\x10\xe8\x00\x00\x90\
c\xadR\xb2\x81j\x00\x00\x00\x00\x00\x04:\x00\xc0\x18\
\xd9\xfe\xf4M\x9b\xb3\xb7c\xb3\x17\x22\x1d\x00\x00\x00\x00\
\x10\xe8\x00\x00c\x15\xe9o\xb9\x01\x91\x0e\x00\x00\x00\x00\
\x08t\x00\x80\x09\x13\xe9\x9b\xa9\x0d\x00\x00\x00\x00@\xa0\
\x03\x00 \xd2\x01\x00\x00\x00\x00\x81\x0e\x00\x00\x99H\xdf\
\x80H\x07\x00\x00\x00\x00\x04:\x00\xc0$\x89tA\xa4\
\x03\x00\x00\x00\x00\x02\x1d\x00`\x12D\xfaZj\x02\x00\
\x00\x00\x00\x10\xe8\x00\x00\xe3\x16\xe9o\xbda]\xf6\xb6\
\x86\x9a\x00\x00\x00\x00\x00\x04:\x00\x00\x22\x1d\x00\x00\x00\
\x00\x10\xe8\x00\x00\x90\x13\xe9gQ\x13\x00\x00\x00\x00\x08\
t\x00\x00\x18\xbfH?3{[GM\x00\x00\x00\x00\
 \xd0\x01\x00`\xfc\x22}\x0d\x22\x1d\x00\x00\x00\x00\x81\
\x0e\x00\x00\x88t\x00\x00\x00\x00@\xa0\x03\x00\xc0<\xa2\
\xd6\x8aR\x1b\xa8\x08\x00\x00\x00\x00\x04:\x00\x00\x8c\x91\
\xed\xff\xe4\x86\xcd\xd9\xdb\xb1\x0a\x91\x0e\x00\x00\x00\x80@\
\x07\x00\x80\xf1\xb2\x03\x22\x1d\x00\x00\x00\x00\x81\x0e\x00\x00\
\x13%\xd2O\xca^\x9b\xa9\x0d\x00\x00\x00\x00\x04:\x00\
\x00\x8cW\xa4oT}K:\x22\x1d\x00\x00\x00\x00\x81\
\x0e\x00\x00c\x16\xe9\x1b\x10\xe9\x00\x00\x00\x00\x08t\x00\
\x00\x98\x18\x91.\xc7R\x13\x00\x00\x00\x00\x08t\x00\x00\
\x18\xbbH\xbfq\x83\x12\xb5\x86\x9a\x00\x00\x00\x00@\xa0\
\x03\x00\xc0\xb8E\xfa\x9f\xde\xb8.{C\xa4\x03\x00\x00\
\x00 \xd0\x01\x00\x00\x91\x0e\x00\x00\x00\x00\x08t\x00\x00\
\xc8\x8b\xf4s\xa9\x09\x00\x00\x00\x00\x04:\x00\x00\x8c_\
\xa4\xaf\xcd\xde\xd6Q\x13\x00\x00\x00\x00\x08t\x00\x00\x18\
\xbfH_\x83H\x07\x00\x00\x00@\xa0\x03\x00\xc0\xe4\x88\
\xf4\x0b\xa8\x09\x00\x00\x00\x00\x04:\x00\x00\x8c\x9b~\xfa\
\xb5\x0dT\x04\x00\x00\x00\x00\x02\x1d\x00\x00\xc6\xc8\x0e\x7f\
v\xe3\xe6\xec\xedXD:\x00\x00\x00\x00\x02\x1d\x00\x00\
\x10\xe9\x00\x00\x00\x00\x80@\x07\x00\x80\x9cH?){\
m\xa66\x00\x00\x00\x00\x10\xe8\x00\x000^\x91\xbeQ\
\xf5-\xe9\x88t\x00\x00\x00\x00\x04:\x00\x00\x8cY\xa4\
o@\xa4\x03\x00\x00\x00 \xd0\x01\x00`\xb2D:\x00\
\x00\x00\x00 \xd0\x01\x00`\x9c\xac\xe8\x8b\xf45\xd4\x04\
\x00\x00\x00\x00\x02\x1d\x00\x00\xc6-\xd2\xff\xfc\xc6u\x88\
t\x00\x00\x00\x00\x04:\x00\x00 \xd2\x01\x00\x00\x00\x00\
\x81\x0e\x00\x00%\x91~.5\x01\x00\x00\x00\x80@\x07\
\x00\x80\xf1\x8b\xf4\xb5\xd9\xdb:j\x02\x00\x00\x00\x00\x81\
\x0e\x00\x00\xe3\x17\xe9k\x10\xe9\x00\x00\x00\x00\x08t\x00\
\x00\x98\x08\x91~\x93\x11\xe9\x17P\x13\x00\x00\x00\x00\x08\
t\x00\x00\x187\xd2\x0b\x1a\xb7\x81\x8a\x00\x00\x00\x00@\
\xa0\x03\x00\xc0\x18Y\xf1\x177m\xce\xde\x8eE\xa4\x03\
\x00\x00\x00L\x06[Q\x05\x00\x00\x8b[\xa4oy\xc7\
\xeeF\xa4\x7f${\xad\xa4F\x00`\x91\xb0\x91*\x00\
\x00\x00\x00\x00\x00\x00\x00\x00\x00\x00\x00\x00\x00\x00\x00\x00\
\x00\x00\x00\x00\x00\x00\x00\x00\x00\x00\x00\x00\x00\x00\x00\x00\
\x00\x00\x00\x00\x00\x00\x00\x00\x00\x00\x00\x00\x00\x00\x00\x00\
\x00\x00\x00\x00\x00\x00\x00\x00\x00\x00\x00\x00\x00\x00\x00\x00\
\x00\x00\x00\x00\x00\x00\x00\x00\x00\x00\x00\x00\x00\x00\x00\x00\
\x00\x00\x00\x00\x00\x00\x00\x00\x00\x00\x00\x00\x00\x00\x00\x00\
\x00\x00\x00\x00\x00\x00\x00\x00\x00\x00\x00\x00\x00\x00\x00\x00\
\x00\x00\x00\x00\x00\x00\x00\x00\x00\x00\x00\x00\x00\x00\x00\x00\
\x00\x00\x00\x00\x00\x00\x00\x00\x00\x00\x00\x00\x00\x00\x00\x00\
\x00\x00\x00\x00\x00\x00\x00\x00\x00\x00\x00\x00\x00\x00\x00\x00\
\x00\x00\x00\x00\x00\x00\x00\x00\x00\x00\x00\x00\x00\x00\x00\x00\
\x00\x00\x00\x00\x00\x00\x00\x00\x00\x00\x00\x00\x00\x00\x00\x00\
\x00\x00\x00\x00\x00\x00\x00\x00\x00\x00\x00\x00\x00\x00\x00\x00\
\x00\x00\x00\x00\x00\x00\x00\x00\x00\x00\x00\x00\x00\x00\x00\x00\
\x00\x00\x00\x00\x00\x00\x00\x00\x00\x00\x00\x00\x00\x00\x00\x00\
\x00\x00\x00\x00\x00\x00\x00\x00\x00\x00\x00\x00\x00\x00\x00\x00\
\x00\x00\x00\x00\x00\x00\x00\x00\x00\x00\x00\x00\x00\x00\x00\x00\
\x00\x00\x00\x00\x00\x00\x00\x00\x00\x00\x00\x00\x00\x00\x00\x00\
\x00\x00\x00\x00\x00\x00\x00\x00\x00\x00\x00\x00\x00\x00\x00\x00\
\x00\x00\x00\x00\x00\x00\x00\x00\x00\x00\x00\x00\x00\x00\x00\x00\
\x00\x00\x00\x00\x00\x00\x00\x00\x00\x00\x00\x00\x00\x00\x00\x00\
\x00\x00\x00\x00\x00\x00\x00\x00\x00\x00\x00\x00\x00\x00\x00\x00\
\x00\x00\x00\x00\x00\x00\x00\x00\x00\x00\x00\x00\x00\x00\x00\x00\
\x00\x00\x00\x00\x00\x00\x00\x00\x00\x00\x00\x00\x00\x00\x00\x00\
\x00\x00\x00\x00\x00\x00\x00\x00\x00\x00\x00\x00\x00\x00\x00\x00\
\x00\x00\x00\x00\x00\x00\x00\x00\x00\x00\x00\x00\x00\x80\xff\x9f\
=8 \x01\x00\x00\x00\x10\xf4\xffu;\x02\x15\x00\x00\
\x00\x00\x00\x00\x00\x00\x00\x00\x00\x00\x00\x00\x00\x00\x00\x00\
\x00\x00\x00\x00\x00\x00\x00\x00\x00\x00\x00\x00\x00\x00\x00\x00\
\x00\x00\x00\x00\x00\x00\x00\x00\x00\x00\x00\x00\x00\x00\x00\x00\
\x00\x00\x00\x00\x00\x00\x00\x00\x00\x00\x00\x00\x00\x00\x00\x00\
\x00\x00\x00\x00\x00\x00\x00\x00\x00\x00\x00\x00\x00\x00\x00\x00\
\x00\x00\x00\x00\x00\x00\x00\x00\x00\x00\x00\x00\x00\x00\x00\x00\
\x00\x00\x00\x00\x00\x00\x00\x00\x00\x00\x00\x00\x00\x00\x00\x00\
\x00\x00\x00\x00\x00\x00\x00\x00\x00\x00\x00\x00\x00\x00\x00\x00\
\xd8K\x00\x01\x06\x00pp!jV \xd0\xef\x00\x00\
\x00\x00IEND\xaeB`\x82\
"

qt_resource_name = b"\
\x00\x0c\
\x0b\xdf,\xc7\
\x00s\
\x00e\x00t\x00t\x00i\x00n\x00g\x00s\x00.\x00s\x00v\x00g\
\x00\x07\
\x08sW\x87\
\x00a\
\x00p\x00p\x00.\x00p\x00n\x00g\
"

qt_resource_struct = b"\
\x00\x00\x00\x00\x00\x02\x00\x00\x00\x02\x00\x00\x00\x01\
\x00\x00\x00\x00\x00\x00\x00\x00\
\x00\x00\x00\x1e\x00\x00\x00\x00\x00\x01\x00\x00\x03\x0a\
\x00\x00\x01\xa0\x88V\x98\xfe\
\x00\x00\x00\x00\x00\x00\x00\x00\x00\x01\x00\x00\x00\x00\
\x00\x00\x01\xa0\x88V\x98\xff\
"

def qInitResources():
    QtCore.qRegisterResourceData(0x03, qt_resource_struct, qt_resource_name, qt_resource_data)

def qCleanupResources():
    QtCore.qUnregisterResourceData(0x03, qt_resource_struct, qt_resource_name, qt_resource_data)

qInitResources()
